date,symbole,interval,rv,bv,part_saut
2026-05-31,BNBUSDT,5m,0.001286359959,0.001221866242,0.0501
2026-05-31,BTCUSDT,5m,0.0001216020253,0.0001134441947,0.0671
2026-05-31,ETHUSDT,5m,0.0002102051336,0.0001968552612,0.0635
2026-05-31,SOLUSDT,5m,0.0003156307879,0.0002860488772,0.0937
2026-05-31,XRPUSDT,5m,0.000251574295,0.0002491486994,0.0096
2026-06-01,005930.KS,5m,0.001410128977,0.001400163739,0.0071
2026-06-01,0700.HK,5m,0.0004165807744,0.0004569006261,0
2026-06-01,2330.TW,5m,0.0003750451578,0.0003733207463,0.0046
2026-06-01,6758.T,5m,0.0002585367299,0.0002121479227,0.1794
2026-06-01,7203.T,5m,0.000148937638,0.0001602342299,0
2026-06-01,9984.T,5m,0.001263248787,0.001166490918,0.0766
2026-06-01,9988.HK,5m,0.0002724756434,0.0002460844938,0.0969
2026-06-01,AAPL,5m,0.0001231359878,0.0001167038372,0.0522
2026-06-01,AIR.PA,5m,0.0002099142489,0.0001554906986,0.2593
2026-06-01,AMZN,5m,0.0002493225877,0.0001887908445,0.2428
2026-06-01,ASML.AS,5m,0.000474589131,0.0004657250901,0.0187
2026-06-01,AUDUSD=X,5m,2.361121888e-05,1.805437575e-05,0.2353
2026-06-01,BNBUSDT,5m,0.002650291618,0.002257804911,0.1481
2026-06-01,BNP.PA,5m,0.0002301443078,0.0001809608088,0.2137
2026-06-01,BTCUSDT,5m,0.0003953787056,0.0003457297999,0.1256
2026-06-01,BZ=F,5m,0.001188541434,0.0008260524737,0.305
2026-06-01,CC=F,5m,0.00131266318,0.00127118641,0.0316
2026-06-01,CL=F,5m,0.001370518902,0.001122512046,0.181
2026-06-01,COST,5m,0.0001221211939,0.0001092554221,0.1054
2026-06-01,ETHUSDT,5m,0.00062255818,0.0005129337766,0.1761
2026-06-01,EURUSD=X,5m,8.898152423e-06,7.891625195e-06,0.1131
2026-06-01,GBPUSD=X,5m,1.072983569e-05,9.216705899e-06,0.141
2026-06-01,GC=F,5m,0.0001260425655,0.000102884452,0.1837
2026-06-01,GOOGL,5m,0.0001566357016,0.0001514542274,0.0331
2026-06-01,HG=F,5m,0.0001667647948,0.0001721542812,0
2026-06-01,JPM,5m,8.820512261e-05,9.832220095e-05,0
2026-06-01,KC=F,5m,0.0002400735604,0.0001986154495,0.1727
2026-06-01,KO,5m,6.201771741e-05,6.80852561e-05,0
2026-06-01,MC.PA,5m,0.0003471780629,0.000322383213,0.0714
2026-06-01,META,5m,0.0003557288619,0.0003555602,0.0005
2026-06-01,MSFT,5m,0.0003138838106,0.0003338443174,0
2026-06-01,NG=F,5m,0.0008334897117,0.0007501365566,0.1
2026-06-01,NVDA,5m,0.0004853331572,0.0004517233396,0.0693
2026-06-01,NZDUSD=X,5m,3.365296912e-05,2.987699778e-05,0.1122
2026-06-01,PG,5m,0.0001757269771,0.00018096259,0
2026-06-01,SAN.PA,5m,0.0001080754933,9.709177825e-05,0.1016
2026-06-01,SAP.DE,5m,0.001055819915,0.001146538826,0
2026-06-01,SI=F,5m,0.0005737292004,0.0004626443592,0.1936
2026-06-01,SIE.DE,5m,0.000223129778,0.0002181579857,0.0223
2026-06-01,SOLUSDT,5m,0.0007814495983,0.0006734754163,0.1382
2026-06-01,TSLA,5m,0.000255974298,0.0002711398646,0
2026-06-01,TTE.PA,5m,0.0001337027586,0.0001120476071,0.162
2026-06-01,UNH,5m,0.0001494988169,0.0001421307251,0.0493
2026-06-01,USDCAD=X,5m,7.073516746e-06,7.017716303e-06,0.0079
2026-06-01,USDCHF=X,5m,1.592736254e-05,1.321276125e-05,0.1704
2026-06-01,USDJPY=X,5m,3.185303376e-06,3.063799848e-06,0.0381
2026-06-01,V,5m,0.0001461281659,0.0001235908192,0.1542
2026-06-01,XOM,5m,0.0002742669196,0.0001725951143,0.3707
2026-06-01,XRPUSDT,5m,0.000555495014,0.0005043014177,0.0922
2026-06-01,ZW=F,5m,0.0002528247021,0.0002290464286,0.0941
2026-06-01,^FCHI,5m,7.906397253e-05,3.931133587e-05,0.5028
2026-06-01,^GDAXI,5m,0.0001089910891,7.279994751e-05,0.3321
2026-06-01,^GSPC,5m,1.487099201e-05,1.33297085e-05,0.1036
2026-06-01,^HSI,5m,4.75629837e-05,4.48761686e-05,0.0565
2026-06-01,^KS11,5m,0.0003316935358,0.0003196797928,0.0362
2026-06-01,^N225,5m,7.67047334e-05,7.807343936e-05,0
2026-06-01,^NDX,5m,4.423446178e-05,3.529978774e-05,0.202
2026-06-01,^STOXX50E,5m,9.518233412e-05,4.754879473e-05,0.5004
2026-06-02,005930.KS,5m,0.004455440462,0.004497059796,0
2026-06-02,0700.HK,5m,0.001003931288,0.000913158204,0.0904
2026-06-02,2330.TW,5m,0.0003344531631,0.000221691218,0.3372
2026-06-02,6758.T,5m,0.0005035234845,0.0003918761102,0.2217
2026-06-02,7203.T,5m,0.0001679035104,0.0001906210107,0
2026-06-02,9984.T,5m,0.003097598208,0.003289474288,0
2026-06-02,9988.HK,5m,0.0006199513859,0.0004968395532,0.1986
2026-06-02,AAPL,5m,9.703150152e-05,8.515654156e-05,0.1224
2026-06-02,AIR.PA,5m,0.0002185516026,0.0002411409779,0
2026-06-02,AMZN,5m,0.0001541419364,0.0001532341607,0.0059
2026-06-02,ASML.AS,5m,0.0004600755778,0.0004086197386,0.1118
2026-06-02,AUDUSD=X,5m,1.106857432e-05,1.118611378e-05,0
2026-06-02,BNBUSDT,5m,0.001375492592,0.001345690603,0.0217
2026-06-02,BNP.PA,5m,0.0001744478471,0.0001507814228,0.1357
2026-06-02,BTCUSDT,5m,0.0008393108567,0.000921639748,0
2026-06-02,BZ=F,5m,0.0007133679596,0.0007647495815,0
2026-06-02,CC=F,5m,0.0009998663772,0.000982253917,0.0176
2026-06-02,CL=F,5m,0.0008432782801,0.0008259200233,0.0206
2026-06-02,COST,5m,9.846768925e-05,9.572136439e-05,0.0279
2026-06-02,ETHUSDT,5m,0.001328814563,0.001389178348,0
2026-06-02,EURUSD=X,5m,4.878970225e-06,4.045063085e-06,0.1709
2026-06-02,GBPUSD=X,5m,5.766218969e-06,5.812010908e-06,0
2026-06-02,GC=F,5m,9.593142438e-05,9.24404061e-05,0.0364
2026-06-02,GOOGL,5m,0.0002745742434,0.0002670003103,0.0276
2026-06-02,HG=F,5m,0.0001711424005,0.0001333649979,0.2207
2026-06-02,JPM,5m,0.0001291574655,0.0001393278327,0
2026-06-02,KC=F,5m,0.0001369769016,0.0001198429208,0.1251
2026-06-02,KO,5m,5.296855968e-05,4.621020338e-05,0.1276
2026-06-02,MC.PA,5m,0.0001600858566,0.0001467727813,0.0832
2026-06-02,META,5m,0.0002043153309,0.0001743851563,0.1465
2026-06-02,MSFT,5m,0.0001674722663,0.0001290317949,0.2295
2026-06-02,NG=F,5m,0.0007470344313,0.0007275962135,0.026
2026-06-02,NVDA,5m,0.0005070943136,0.0004224714749,0.1669
2026-06-02,NZDUSD=X,5m,1.702735553e-05,1.59422342e-05,0.0637
2026-06-02,PG,5m,8.615909667e-05,6.89958091e-05,0.1992
2026-06-02,SAN.PA,5m,0.0001266828092,0.0001285174448,0
2026-06-02,SAP.DE,5m,0.0004981250652,0.0005332183089,0
2026-06-02,SI=F,5m,0.0007146408096,0.0005603740923,0.2159
2026-06-02,SIE.DE,5m,0.0001382411813,0.0001462582585,0
2026-06-02,SOLUSDT,5m,0.001770092104,0.001798188235,0
2026-06-02,TSLA,5m,0.0003906085033,0.000417151568,0
2026-06-02,TTE.PA,5m,0.0001044620232,8.917825921e-05,0.1463
2026-06-02,UNH,5m,0.0001123037133,0.0001021944245,0.09
2026-06-02,USDCAD=X,5m,9.125995825e-06,9.889536138e-06,0
2026-06-02,USDCHF=X,5m,1.089026268e-05,1.044099793e-05,0.0413
2026-06-02,USDJPY=X,5m,2.19728782e-06,2.044953755e-06,0.0693
2026-06-02,V,5m,0.0003205966733,0.0002769055885,0.1363
2026-06-02,XOM,5m,0.0001019714691,8.414251373e-05,0.1748
2026-06-02,XRPUSDT,5m,0.001413463775,0.00156848023,0
2026-06-02,ZW=F,5m,0.000124691354,0.0001212543062,0.0276
2026-06-02,^FCHI,5m,3.589355271e-05,2.991054015e-05,0.1667
2026-06-02,^GDAXI,5m,3.612938865e-05,3.471829723e-05,0.0391
2026-06-02,^GSPC,5m,7.910279347e-06,7.171561266e-06,0.0934
2026-06-02,^HSI,5m,9.049150229e-05,9.64015929e-05,0
2026-06-02,^KS11,5m,0.004244357364,0.004077112193,0.0394
2026-06-02,^N225,5m,0.0001214759732,0.0001063228288,0.1247
2026-06-02,^NDX,5m,2.539964725e-05,1.93636307e-05,0.2376
2026-06-02,^STOXX50E,5m,3.286265652e-05,3.456798178e-05,0
2026-06-03,0700.HK,5m,0.0007926203808,0.0005691223714,0.282
2026-06-03,2330.TW,5m,0.0001488034332,0.0001335713944,0.1024
2026-06-03,6758.T,5m,0.0003740453987,0.0001788678516,0.5218
2026-06-03,7203.T,5m,0.0001221327791,0.0001066254942,0.127
2026-06-03,9984.T,5m,0.001584516224,0.001288405991,0.1869
2026-06-03,9988.HK,5m,0.0004384458182,0.0003880395767,0.115
2026-06-03,AAPL,5m,0.0001208641178,0.0001243436977,0
2026-06-03,AIR.PA,5m,0.0001662894106,0.0001594948702,0.0409
2026-06-03,AMZN,5m,0.0001623258947,0.0001497426689,0.0775
2026-06-03,ASML.AS,5m,0.0006847689933,0.0006511386693,0.0491
2026-06-03,AUDUSD=X,5m,1.987916397e-05,1.843659177e-05,0.0726
2026-06-03,BNBUSDT,5m,0.001367422474,0.001347430624,0.0146
2026-06-03,BNP.PA,5m,0.0001414149087,0.0001197914489,0.1529
2026-06-03,BTCUSDT,5m,0.001118766048,0.001002648224,0.1038
2026-06-03,BZ=F,5m,0.000613128274,0.0005537865274,0.0968
2026-06-03,CC=F,5m,0.0008243027941,0.0008354640098,0
2026-06-03,CL=F,5m,0.0008065323964,0.0007322370818,0.0921
2026-06-03,COST,5m,0.0001054214497,0.0001086027803,0
2026-06-03,ETHUSDT,5m,0.001783463651,0.001675659225,0.0604
2026-06-03,EURUSD=X,5m,8.264906303e-06,7.688261065e-06,0.0698
2026-06-03,GBPUSD=X,5m,9.317915137e-06,9.928170206e-06,0
2026-06-03,GC=F,5m,0.0001801929638,0.0001635373704,0.0924
2026-06-03,GOOGL,5m,0.0003021190385,0.000290242699,0.0393
2026-06-03,HG=F,5m,0.0002630686808,0.000217453231,0.1734
2026-06-03,JPM,5m,0.0001094276086,9.132562006e-05,0.1654
2026-06-03,KC=F,5m,0.0002775506142,0.0002701870247,0.0265
2026-06-03,KO,5m,5.531763016e-05,5.355587913e-05,0.0318
2026-06-03,MC.PA,5m,0.0001842485492,0.0001462165423,0.2064
2026-06-03,META,5m,0.0003938874015,0.0003760945712,0.0452
2026-06-03,MSFT,5m,0.0001568301664,0.000144705357,0.0773
2026-06-03,NG=F,5m,0.0007513364617,0.0005921165533,0.2119
2026-06-03,NVDA,5m,0.0002202845914,0.0002112558543,0.041
2026-06-03,NZDUSD=X,5m,2.642286615e-05,2.283762318e-05,0.1357
2026-06-03,PG,5m,0.0001029962106,9.986050112e-05,0.0304
2026-06-03,SAN.PA,5m,7.602805569e-05,7.954829813e-05,0
2026-06-03,SAP.DE,5m,0.0004069178769,0.0004077426552,0
2026-06-03,SI=F,5m,0.0007316345114,0.0006189026732,0.1541
2026-06-03,SIE.DE,5m,0.0001365757912,0.0001386728716,0
2026-06-03,SOLUSDT,5m,0.002201217502,0.002088345113,0.0513
2026-06-03,TSLA,5m,0.0004374128931,0.0003696090198,0.155
2026-06-03,TTE.PA,5m,0.0001336715229,0.0001232283998,0.0781
2026-06-03,UNH,5m,0.0002749146825,0.0002291742985,0.1664
2026-06-03,USDCAD=X,5m,9.617497127e-06,9.349786266e-06,0.0278
2026-06-03,USDCHF=X,5m,2.198163884e-05,2.17500279e-05,0.0105
2026-06-03,USDJPY=X,5m,6.418932396e-06,5.267321908e-06,0.1794
2026-06-03,V,5m,8.356030477e-05,9.480060143e-05,0
2026-06-03,XOM,5m,0.0002224482055,0.0001919086084,0.1373
2026-06-03,XRPUSDT,5m,0.001544331558,0.00141994928,0.0805
2026-06-03,ZW=F,5m,0.0002209693953,0.0002007895408,0.0913
2026-06-03,^FCHI,5m,3.539376071e-05,3.568109579e-05,0
2026-06-03,^GDAXI,5m,4.538313986e-05,4.225272831e-05,0.069
2026-06-03,^GSPC,5m,2.229846996e-05,2.269365296e-05,0
2026-06-03,^HSI,5m,4.261069623e-05,3.357883692e-05,0.212
2026-06-03,^N225,5m,7.508448048e-05,7.788833721e-05,0
2026-06-03,^NDX,5m,6.340505136e-05,6.318720164e-05,0.0034
2026-06-03,^STOXX50E,5m,4.460691261e-05,3.75598514e-05,0.158
2026-06-04,005930.KS,5m,0.001355701909,0.001329351047,0.0194
2026-06-04,0700.HK,5m,0.0003223989588,0.0002833043149,0.1213
2026-06-04,2330.TW,5m,0.0001214382699,0.0001090551638,0.102
2026-06-04,6758.T,5m,0.0001649960665,0.0001416722051,0.1414
2026-06-04,7203.T,5m,8.42081046e-05,7.002646801e-05,0.1684
2026-06-04,9984.T,5m,0.0008601727551,0.0008407831959,0.0225
2026-06-04,9988.HK,5m,0.0002153566219,0.0002034374741,0.0553
2026-06-04,AAPL,5m,7.637554188e-05,7.812974939e-05,0
2026-06-04,AIR.PA,5m,0.0003363050195,0.0003402644808,0
2026-06-04,AMZN,5m,0.0001737232312,0.0001877673759,0
2026-06-04,ASML.AS,5m,0.000614494264,0.0005702141656,0.0721
2026-06-04,AUDUSD=X,5m,1.312772768e-05,1.233998969e-05,0.06
2026-06-04,BNBUSDT,5m,0.002721496813,0.002572855773,0.0546
2026-06-04,BNP.PA,5m,0.0001301984372,0.0001086832638,0.1652
2026-06-04,BTCUSDT,5m,0.002415427415,0.002315812338,0.0412
2026-06-04,BZ=F,5m,0.0006109255032,0.0005355344956,0.1234
2026-06-04,CC=F,5m,0.0006043121678,0.0004551919509,0.2468
2026-06-04,CL=F,5m,0.0007511059764,0.0006362318965,0.1529
2026-06-04,COST,5m,0.000403219186,0.0003862401648,0.0421
2026-06-04,ETHUSDT,5m,0.003269328625,0.003003564343,0.0813
2026-06-04,EURUSD=X,5m,5.254315438e-06,4.49818557e-06,0.1439
2026-06-04,GBPUSD=X,5m,5.682210706e-06,5.890720645e-06,0
2026-06-04,GC=F,5m,0.0001367535295,0.0001362120522,0.004
2026-06-04,GOOGL,5m,0.0002395952663,0.0002181946902,0.0893
2026-06-04,HG=F,5m,0.0001640251469,0.0001586874525,0.0325
2026-06-04,JPM,5m,0.0001604885065,0.0001563762641,0.0256
2026-06-04,KC=F,5m,0.0002433179986,0.0002209117294,0.0921
2026-06-04,KO,5m,0.0001129742102,9.554986249e-05,0.1542
2026-06-04,MC.PA,5m,0.0003267405173,0.0002765861792,0.1535
2026-06-04,META,5m,0.0003096133709,0.000290661183,0.0612
2026-06-04,MSFT,5m,0.0002065188445,0.0001830560018,0.1136
2026-06-04,NG=F,5m,0.0008352514076,0.0007802271645,0.0659
2026-06-04,NVDA,5m,0.0003548242358,0.0002742598483,0.2271
2026-06-04,NZDUSD=X,5m,1.439977684e-05,1.212205785e-05,0.1582
2026-06-04,PG,5m,0.000123785776,0.0001046626583,0.1545
2026-06-04,SAN.PA,5m,0.0001375065878,0.0001265709149,0.0795
2026-06-04,SAP.DE,5m,0.0008217117179,0.0006961962502,0.1527
2026-06-04,SI=F,5m,0.0006226294693,0.000627462218,0
2026-06-04,SIE.DE,5m,0.0002020939552,0.0001607436846,0.2046
2026-06-04,SOLUSDT,5m,0.004911908141,0.004752436497,0.0325
2026-06-04,TSLA,5m,0.000316728264,0.0002874346166,0.0925
2026-06-04,TTE.PA,5m,0.0001033748965,0.0001006496442,0.0264
2026-06-04,UNH,5m,0.0002457394273,0.0002844599908,0
2026-06-04,USDCAD=X,5m,8.367849995e-06,8.553246641e-06,0
2026-06-04,USDCHF=X,5m,1.403584739e-05,1.371365835e-05,0.023
2026-06-04,USDJPY=X,5m,3.057463708e-06,2.513318913e-06,0.178
2026-06-04,V,5m,0.0001175523787,0.0001327931371,0
2026-06-04,XOM,5m,0.0001117073273,0.0001075063894,0.0376
2026-06-04,XRPUSDT,5m,0.003315761932,0.003279086467,0.0111
2026-06-04,ZW=F,5m,0.0002325371447,0.0002247599311,0.0334
2026-06-04,^FCHI,5m,3.876035479e-05,3.465356536e-05,0.106
2026-06-04,^GDAXI,5m,3.809922214e-05,3.757869139e-05,0.0137
2026-06-04,^GSPC,5m,1.225574148e-05,1.012735702e-05,0.1737
2026-06-04,^HSI,5m,3.473626601e-05,3.872589819e-05,0
2026-06-04,^KS11,5m,0.0005496748773,0.0005436864661,0.0109
2026-06-04,^N225,5m,9.565494862e-05,8.163259681e-05,0.1466
2026-06-04,^NDX,5m,6.181227342e-05,4.244284112e-05,0.3134
2026-06-04,^STOXX50E,5m,3.953640922e-05,4.070653036e-05,0
2026-06-05,005930.KS,5m,0.001390135235,0.001557210047,0
2026-06-05,0700.HK,5m,0.0004715050307,0.000356373611,0.2442
2026-06-05,2330.TW,5m,0.0001953006429,0.0001393457132,0.2865
2026-06-05,6758.T,5m,0.0001117202513,0.0001332163154,0
2026-06-05,7203.T,5m,9.801008173e-05,6.705701671e-05,0.3158
2026-06-05,9984.T,5m,0.00143761436,0.001281818105,0.1084
2026-06-05,9988.HK,5m,0.0002631024172,0.0002145144572,0.1847
2026-06-05,AAPL,5m,0.0002331512691,0.0002240481294,0.039
2026-06-05,AIR.PA,5m,0.0002538115755,0.0002405840217,0.0521
2026-06-05,AMZN,5m,0.0004218301731,0.0003735225007,0.1145
2026-06-05,ASML.AS,5m,0.0006917440583,0.0006578579499,0.049
2026-06-05,AUDUSD=X,5m,2.759475007e-05,2.158591629e-05,0.2178
2026-06-05,BNBUSDT,5m,0.00332896603,0.002952307047,0.1131
2026-06-05,BNP.PA,5m,0.0001164734869,0.0001073939583,0.078
2026-06-05,BTCUSDT,5m,0.002767642362,0.002458874147,0.1116
2026-06-05,BZ=F,5m,0.0005828183304,0.0005727014475,0.0174
2026-06-05,CC=F,5m,0.001261714488,0.000904090187,0.2834
2026-06-05,CL=F,5m,0.0006780310373,0.000643777498,0.0505
2026-06-05,COST,5m,0.0002334574118,0.0002389620768,0
2026-06-05,ETHUSDT,5m,0.004370231779,0.004329924672,0.0092
2026-06-05,EURUSD=X,5m,1.297035981e-05,1.231877363e-05,0.0502
2026-06-05,GBPUSD=X,5m,1.388351176e-05,1.201075724e-05,0.1349
2026-06-05,GC=F,5m,0.0002202549005,0.0002031522247,0.0776
2026-06-05,GOOGL,5m,0.0003545473062,0.0003499112712,0.0131
2026-06-05,HG=F,5m,0.0002311415327,0.0001939166642,0.161
2026-06-05,JPM,5m,0.0001355783362,9.958992461e-05,0.2654
2026-06-05,KC=F,5m,0.0002626608407,0.0002055513086,0.2174
2026-06-05,KO,5m,0.0002358304937,0.000241023478,0
2026-06-05,MC.PA,5m,0.0001667173715,0.000180438583,0
2026-06-05,META,5m,0.001250870066,0.0008455955772,0.324
2026-06-05,MSFT,5m,0.0001938579818,0.0002035333575,0
2026-06-05,NG=F,5m,0.0005294749946,0.0005274013864,0.0039
2026-06-05,NVDA,5m,0.0004584192497,0.0004427338118,0.0342
2026-06-05,NZDUSD=X,5m,2.744413649e-05,2.046499004e-05,0.2543
2026-06-05,PG,5m,0.0002237051764,0.0002272726884,0
2026-06-05,SAN.PA,5m,0.0001034894854,9.681212354e-05,0.0645
2026-06-05,SAP.DE,5m,0.0004997378877,0.0004920682573,0.0153
2026-06-05,SI=F,5m,0.001363195252,0.0009762887657,0.2838
2026-06-05,SIE.DE,5m,0.0002147508059,0.000192063911,0.1056
2026-06-05,SOLUSDT,5m,0.00627699654,0.00579656228,0.0765
2026-06-05,TSLA,5m,0.0005581841813,0.0005174374438,0.073
2026-06-05,TTE.PA,5m,0.0001270082914,0.0001258149965,0.0094
2026-06-05,UNH,5m,0.0003864638699,0.0002919356589,0.2446
2026-06-05,USDCAD=X,5m,1.002619381e-05,1.020648866e-05,0
2026-06-05,USDCHF=X,5m,2.446649067e-05,1.848272016e-05,0.2446
2026-06-05,USDJPY=X,5m,5.346071471e-06,4.417655518e-06,0.1737
2026-06-05,V,5m,0.0001253373883,0.0001258397568,0
2026-06-05,XOM,5m,0.0001310290831,0.0001397377326,0
2026-06-05,XRPUSDT,5m,0.004379438609,0.00435651392,0.0052
2026-06-05,ZW=F,5m,0.0002292173924,0.0001875972188,0.1816
2026-06-05,^FCHI,5m,3.649974522e-05,3.665727762e-05,0
2026-06-05,^GDAXI,5m,4.635382468e-05,4.921717176e-05,0
2026-06-05,^GSPC,5m,7.11855521e-05,7.08689315e-05,0.0044
2026-06-05,^HSI,5m,4.842223979e-05,4.137663785e-05,0.1455
2026-06-05,^KS11,5m,0.0007900081811,0.0009316856433,0
2026-06-05,^N225,5m,0.0001555915595,0.0001348050628,0.1336
2026-06-05,^NDX,5m,0.0001953940323,0.0001891951385,0.0317
2026-06-05,^STOXX50E,5m,4.654825732e-05,4.353213783e-05,0.0648
2026-06-06,BNBUSDT,5m,0.001411941958,0.001261493235,0.1066
2026-06-06,BTCUSDT,5m,0.000989088567,0.0009364409867,0.0532
2026-06-06,ETHUSDT,5m,0.00224324268,0.002126204364,0.0522
2026-06-06,SOLUSDT,5m,0.003214143754,0.002929010738,0.0887
2026-06-06,XRPUSDT,5m,0.002538973836,0.002344565176,0.0766
2026-06-07,BNBUSDT,5m,0.001208776866,0.0008629125888,0.2861
2026-06-07,BTCUSDT,5m,0.001462936206,0.0009812682536,0.3292
2026-06-07,ETHUSDT,5m,0.002771521751,0.001663019868,0.4
2026-06-07,SOLUSDT,5m,0.003031907152,0.002464181197,0.1873
2026-06-07,XRPUSDT,5m,0.002069202471,0.001633354663,0.2106
2026-06-08,005930.KS,5m,0.003095914586,0.003490745589,0
2026-06-08,0700.HK,5m,0.0003970268317,0.0003542488687,0.1077
2026-06-08,2330.TW,5m,0.0003880901198,0.0003796644684,0.0217
2026-06-08,6758.T,5m,0.000276305997,0.0002498534682,0.0957
2026-06-08,7203.T,5m,0.0001463625559,0.0001161985332,0.2061
2026-06-08,9984.T,5m,0.001607467969,0.001415015879,0.1197
2026-06-08,9988.HK,5m,0.0002120066989,0.0002287098,0
2026-06-08,AAPL,5m,0.0008455291682,0.0009613281679,0
2026-06-08,AIR.PA,5m,0.0003347397308,0.0002693831956,0.1952
2026-06-08,AMZN,5m,0.0001608339947,0.0001551384368,0.0354
2026-06-08,ASML.AS,5m,0.0008632304135,0.0006695670289,0.2243
2026-06-08,AUDUSD=X,5m,2.91536546e-05,2.736786271e-05,0.0613
2026-06-08,BNBUSDT,5m,0.0006423721893,0.0005764093762,0.1027
2026-06-08,BNP.PA,5m,0.0001825513146,0.0001293401554,0.2915
2026-06-08,BTCUSDT,5m,0.0008225022212,0.0007610757395,0.0747
2026-06-08,BZ=F,5m,0.001175101133,0.001111770881,0.0539
2026-06-08,CC=F,5m,0.0006516669957,0.0006871065782,0
2026-06-08,CL=F,5m,0.001420698425,0.001376702546,0.031
2026-06-08,COST,5m,0.0001258207217,0.0001348623043,0
2026-06-08,ETHUSDT,5m,0.001418448212,0.001363418679,0.0388
2026-06-08,EURUSD=X,5m,1.223828858e-05,1.165883919e-05,0.0473
2026-06-08,GBPUSD=X,5m,1.432780668e-05,1.394896738e-05,0.0264
2026-06-08,GC=F,5m,0.0002378805452,0.0002161003939,0.0916
2026-06-08,GOOGL,5m,0.0001897033682,0.0002033595506,0
2026-06-08,HG=F,5m,0.0002204539263,0.0002199366583,0.0023
2026-06-08,JPM,5m,0.0001428789087,0.000124931824,0.1256
2026-06-08,KC=F,5m,0.0002924733664,0.0002795299331,0.0443
2026-06-08,KO,5m,8.240194272e-05,7.939014186e-05,0.0366
2026-06-08,MC.PA,5m,0.0002836369061,0.0002795843788,0.0143
2026-06-08,META,5m,0.0002530520723,0.0002124469441,0.1605
2026-06-08,MSFT,5m,9.378753634e-05,8.361414841e-05,0.1085
2026-06-08,NG=F,5m,0.0005155651994,0.0005421210991,0
2026-06-08,NVDA,5m,0.0002896568011,0.0002466799257,0.1484
2026-06-08,NZDUSD=X,5m,3.199145962e-05,2.899871509e-05,0.0935
2026-06-08,PG,5m,5.678601302e-05,6.20524305e-05,0
2026-06-08,SAN.PA,5m,0.0001445934952,0.0001199382939,0.1705
2026-06-08,SAP.DE,5m,0.0002871913999,0.0002679230244,0.0671
2026-06-08,SI=F,5m,0.001221533184,0.00114719745,0.0609
2026-06-08,SIE.DE,5m,0.0001831603532,0.0001658638167,0.0944
2026-06-08,SOLUSDT,5m,0.001527364531,0.001432272516,0.0623
2026-06-08,TSLA,5m,0.0003116806732,0.0002551378204,0.1814
2026-06-08,TTE.PA,5m,0.0001543070575,0.000140939931,0.0866
2026-06-08,UNH,5m,0.0003182134155,0.0003050614988,0.0413
2026-06-08,USDCAD=X,5m,8.046015807e-06,7.931606446e-06,0.0142
2026-06-08,USDCHF=X,5m,1.85455688e-05,1.697497437e-05,0.0847
2026-06-08,USDJPY=X,5m,4.776896121e-06,4.76111508e-06,0.0033
2026-06-08,V,5m,7.531653762e-05,7.4841994e-05,0.0063
2026-06-08,XOM,5m,0.000143419003,0.0001102386984,0.2314
2026-06-08,XRPUSDT,5m,0.001453048001,0.001422991125,0.0207
2026-06-08,ZW=F,5m,0.0003619045608,0.0003363451436,0.0706
2026-06-08,^FCHI,5m,6.14751834e-05,6.214072283e-05,0
2026-06-08,^GDAXI,5m,5.905748793e-05,4.82724248e-05,0.1826
2026-06-08,^GSPC,5m,5.673918193e-05,5.123257379e-05,0.0971
2026-06-08,^HSI,5m,7.477281651e-05,7.232237444e-05,0.0328
2026-06-08,^KS11,5m,0.002603596515,0.002980242525,0
2026-06-08,^N225,5m,0.0005407044079,0.0002962593144,0.4521
2026-06-08,^NDX,5m,0.0001366518286,0.0001165210615,0.1473
2026-06-08,^STOXX50E,5m,7.077936459e-05,6.769963814e-05,0.0435
2026-06-09,005930.KS,5m,0.00146539438,0.001277238284,0.1284
2026-06-09,0700.HK,5m,0.0009052332753,0.0005271881834,0.4176
2026-06-09,2330.TW,5m,0.0001221999147,9.602334259e-05,0.2142
2026-06-09,6758.T,5m,0.0001815065157,0.0001654911519,0.0882
2026-06-09,7203.T,5m,7.44925459e-05,7.451517839e-05,0
2026-06-09,9984.T,5m,0.002101392686,0.001266551919,0.3973
2026-06-09,9988.HK,5m,0.000353607481,0.0003436822439,0.0281
2026-06-09,AAPL,5m,0.0003949464545,0.0003731609426,0.0552
2026-06-09,AIR.PA,5m,0.0005340811384,0.0005676395647,0
2026-06-09,AMZN,5m,0.0003696892375,0.0003328017238,0.0998
2026-06-09,ASML.AS,5m,0.001299582041,0.001198194923,0.078
2026-06-09,AUDUSD=X,5m,3.564885762e-05,3.243516723e-05,0.0901
2026-06-09,BNBUSDT,5m,0.0006717342118,0.0006500971682,0.0322
2026-06-09,BNP.PA,5m,0.0001827500136,0.0001901873967,0
2026-06-09,BTCUSDT,5m,0.0006992935202,0.0007285284243,0
2026-06-09,BZ=F,5m,0.001520485975,0.001182492727,0.2223
2026-06-09,CC=F,5m,0.0006255670642,0.0006049983488,0.0329
2026-06-09,CL=F,5m,0.001788284446,0.001425662325,0.2028
2026-06-09,COST,5m,0.0002051424903,0.0001667696325,0.1871
2026-06-09,ETHUSDT,5m,0.001253433632,0.001152560392,0.0805
2026-06-09,EURUSD=X,5m,9.534996822e-06,8.476166945e-06,0.111
2026-06-09,GBPUSD=X,5m,1.260653083e-05,1.230195534e-05,0.0242
2026-06-09,GC=F,5m,0.0003014767878,0.000274035087,0.091
2026-06-09,GOOGL,5m,0.0004548188503,0.0004308252242,0.0528
2026-06-09,HG=F,5m,0.0003092476111,0.0002956316228,0.044
2026-06-09,JPM,5m,0.0002361862248,0.0002557425296,0
2026-06-09,KC=F,5m,0.0005466781578,0.0003802616177,0.3044
2026-06-09,KO,5m,0.0001920442162,0.0001894520791,0.0135
2026-06-09,MC.PA,5m,0.0002774649002,0.0002958438699,0
2026-06-09,META,5m,0.0004221051164,0.0004021414867,0.0473
2026-06-09,MSFT,5m,0.0002616866362,0.0002391746135,0.086
2026-06-09,NG=F,5m,0.000682795382,0.0005875198148,0.1395
2026-06-09,NVDA,5m,0.0008873374877,0.0009816096924,0
2026-06-09,NZDUSD=X,5m,4.520841755e-05,4.954742332e-05,0
2026-06-09,PG,5m,0.0001354784709,0.0001343449162,0.0084
2026-06-09,SAN.PA,5m,0.0001086815355,9.747344645e-05,0.1031
2026-06-09,SAP.DE,5m,0.0004393216778,0.0005016239184,0
2026-06-09,SI=F,5m,0.001340735475,0.001275259969,0.0488
2026-06-09,SIE.DE,5m,0.0002237798849,0.000203462532,0.0908
2026-06-09,SOLUSDT,5m,0.001704912783,0.001537593262,0.0981
2026-06-09,TSLA,5m,0.00102594975,0.0009982143891,0.027
2026-06-09,TTE.PA,5m,0.0001165200865,0.0001162291278,0.0025
2026-06-09,UNH,5m,0.0002306034907,0.0002075216577,0.1001
2026-06-09,USDCAD=X,5m,8.298816103e-06,8.121816842e-06,0.0213
2026-06-09,USDCHF=X,5m,1.781886121e-05,1.718784489e-05,0.0354
2026-06-09,USDJPY=X,5m,3.238656897e-06,3.187617969e-06,0.0158
2026-06-09,V,5m,9.688421473e-05,8.11336737e-05,0.1626
2026-06-09,XOM,5m,0.0002149605195,0.0001657846827,0.2288
2026-06-09,XRPUSDT,5m,0.001272420838,0.001131351268,0.1109
2026-06-09,ZW=F,5m,0.0003388189461,0.0002685693347,0.2073
2026-06-09,^FCHI,5m,7.236863172e-05,6.873175605e-05,0.0503
2026-06-09,^GDAXI,5m,8.657622807e-05,9.484470752e-05,0
2026-06-09,^GSPC,5m,0.0002583304844,0.0002498488792,0.0328
2026-06-09,^HSI,5m,9.308944051e-05,9.197099616e-05,0.012
2026-06-09,^KS11,5m,0.0007855896735,0.0006697676872,0.1474
2026-06-09,^N225,5m,0.0002168850508,0.0002109907765,0.0272
2026-06-09,^NDX,5m,0.0006338135889,0.0006496267477,0
2026-06-09,^STOXX50E,5m,9.880102746e-05,0.0001099537384,0
2026-06-10,005930.KS,5m,0.001187998848,0.001220172465,0
2026-06-10,0700.HK,5m,0.00056097726,0.0006077079906,0
2026-06-10,2330.TW,5m,0.000164321451,9.885726675e-05,0.3984
2026-06-10,6758.T,5m,0.0001643748937,0.0001725919183,0
2026-06-10,7203.T,5m,8.92497774e-05,7.766238947e-05,0.1298
2026-06-10,9984.T,5m,0.00116448203,0.001046463376,0.1013
2026-06-10,9988.HK,5m,0.0005735875519,0.0006043530642,0
2026-06-10,AAPL,5m,0.0001634185277,0.0001680349487,0
2026-06-10,AIR.PA,5m,0.0003488495746,0.0002713206817,0.2222
2026-06-10,AMZN,5m,0.0001964882664,0.0001812654504,0.0775
2026-06-10,ASML.AS,5m,0.001341362922,0.001234119586,0.08
2026-06-10,AUDUSD=X,5m,3.277108153e-05,3.241186039e-05,0.011
2026-06-10,BNBUSDT,5m,0.0007131279114,0.0006705053476,0.0598
2026-06-10,BNP.PA,5m,0.0002166094568,0.0001664244645,0.2317
2026-06-10,BTCUSDT,5m,0.0008898214181,0.0008279269463,0.0696
2026-06-10,BZ=F,5m,0.001216104055,0.001019918202,0.1613
2026-06-10,CC=F,5m,0.0005000854487,0.0004061341103,0.1879
2026-06-10,CL=F,5m,0.001329718207,0.001189301391,0.1056
2026-06-10,COST,5m,0.0001727953775,0.0002027015331,0
2026-06-10,ETHUSDT,5m,0.001475825963,0.001400890272,0.0508
2026-06-10,EURUSD=X,5m,1.286619733e-05,1.161469436e-05,0.0973
2026-06-10,GBPUSD=X,5m,1.386073089e-05,1.276225954e-05,0.0793
2026-06-10,GC=F,5m,0.0005445951371,0.0004970364367,0.0873
2026-06-10,GOOGL,5m,0.0002842164069,0.0002267260053,0.2023
2026-06-10,HG=F,5m,0.0002994335898,0.0002939232216,0.0184
2026-06-10,JPM,5m,0.0001416065915,0.0001518941638,0
2026-06-10,KC=F,5m,0.0001934598775,0.0001914729964,0.0103
2026-06-10,KO,5m,0.0001430458903,0.0001630766669,0
2026-06-10,MC.PA,5m,0.0002835927514,0.0002466163925,0.1304
2026-06-10,META,5m,0.0002791715673,0.0002263292701,0.1893
2026-06-10,MSFT,5m,0.0002120074721,0.0001924672251,0.0922
2026-06-10,NG=F,5m,0.0007961014502,0.0007008908575,0.1196
2026-06-10,NVDA,5m,0.0005062536335,0.0004371835836,0.1364
2026-06-10,NZDUSD=X,5m,3.720088134e-05,3.250913665e-05,0.1261
2026-06-10,PG,5m,0.0001396898376,0.0001148543357,0.1778
2026-06-10,SAN.PA,5m,0.0004588784434,0.0004105278341,0.1054
2026-06-10,SAP.DE,5m,0.0005890598361,0.0004658485542,0.2092
2026-06-10,SI=F,5m,0.002227181356,0.001902283995,0.1459
2026-06-10,SIE.DE,5m,0.0002897165524,0.0002387797822,0.1758
2026-06-10,SOLUSDT,5m,0.001916514783,0.001821060615,0.0498
2026-06-10,TSLA,5m,0.0006173031332,0.0004438363562,0.281
2026-06-10,TTE.PA,5m,0.0001555369688,0.0001586446321,0
2026-06-10,UNH,5m,0.0004110840858,0.0002512330645,0.3889
2026-06-10,USDCAD=X,5m,1.05455156e-05,1.121322501e-05,0
2026-06-10,USDCHF=X,5m,2.572619719e-05,2.46804436e-05,0.0406
2026-06-10,USDJPY=X,5m,2.687564337e-06,2.532215232e-06,0.0578
2026-06-10,V,5m,0.0001474090454,0.0001501300111,0
2026-06-10,XOM,5m,0.0001625236593,0.0001524133504,0.0622
2026-06-10,XRPUSDT,5m,0.001325311628,0.001229220954,0.0725
2026-06-10,ZW=F,5m,0.0002762330121,0.0002367586031,0.1429
2026-06-10,^FCHI,5m,7.983041895e-05,5.388195626e-05,0.325
2026-06-10,^GDAXI,5m,0.0001004508661,7.826156814e-05,0.2209
2026-06-10,^GSPC,5m,0.0001142747122,0.0001071069841,0.0627
2026-06-10,^HSI,5m,0.0001273238814,0.0001414249397,0
2026-06-10,^KS11,5m,0.001012747526,0.0009432956819,0.0686
2026-06-10,^N225,5m,0.0002037474341,0.0002294154703,0
2026-06-10,^NDX,5m,0.000317332194,0.0003080986037,0.0291
2026-06-10,^STOXX50E,5m,0.0001024472895,7.70795268e-05,0.2476
2026-06-11,005930.KS,5m,0.001839659957,0.001913023047,0
2026-06-11,0700.HK,5m,0.0004194427693,0.0004418941524,0
2026-06-11,2330.TW,5m,0.0002643237373,0.0002038489292,0.2288
2026-06-11,6758.T,5m,0.0002769427829,0.0002019648399,0.2707
2026-06-11,7203.T,5m,0.000252480715,0.0002050176213,0.188
2026-06-11,9984.T,5m,0.002537496923,0.0023296405,0.0819
2026-06-11,9988.HK,5m,0.0006889682383,0.0006222544973,0.0968
2026-06-11,AAPL,5m,0.0003040228833,0.0002705110383,0.1102
2026-06-11,AIR.PA,5m,0.0003198556045,0.0003076785367,0.0381
2026-06-11,AMZN,5m,0.0003518968013,0.0003135690349,0.1089
2026-06-11,ASML.AS,5m,0.0008279702217,0.0007795392892,0.0585
2026-06-11,AUDUSD=X,5m,4.216755163e-05,4.120807472e-05,0.0228
2026-06-11,BNBUSDT,5m,0.0004376358684,0.0004076963522,0.0684
2026-06-11,BNP.PA,5m,0.0001707337361,0.0001433304286,0.1605
2026-06-11,BTCUSDT,5m,0.0005698885197,0.000466542272,0.1813
2026-06-11,BZ=F,5m,0.002130293939,0.001753872421,0.1767
2026-06-11,CC=F,5m,0.0004943383356,0.0003569528584,0.2779
2026-06-11,CL=F,5m,0.002219222891,0.001950924286,0.1209
2026-06-11,COST,5m,0.0001361709331,0.0001434856295,0
2026-06-11,ETHUSDT,5m,0.001070792074,0.0009442208286,0.1182
2026-06-11,EURUSD=X,5m,2.245002688e-05,2.061428717e-05,0.0818
2026-06-11,GBPUSD=X,5m,2.810782662e-05,2.479824475e-05,0.1177
2026-06-11,GC=F,5m,0.0005997149012,0.0004840775562,0.1928
2026-06-11,GOOGL,5m,0.0006075998334,0.0006104201387,0
2026-06-11,HG=F,5m,0.0003921171685,0.0003512948261,0.1041
2026-06-11,JPM,5m,0.0002075400192,0.000159187729,0.233
2026-06-11,KC=F,5m,0.0006062230943,0.000318870902,0.474
2026-06-11,KO,5m,0.0001017005721,0.0001001747928,0.015
2026-06-11,MC.PA,5m,0.00132446324,0.001433324438,0
2026-06-11,META,5m,0.000461003635,0.000456652848,0.0094
2026-06-11,MSFT,5m,0.0004115070903,0.0003594329035,0.1265
2026-06-11,NG=F,5m,0.000580034664,0.000529115664,0.0878
2026-06-11,NVDA,5m,0.0006288314992,0.0005313872552,0.155
2026-06-11,NZDUSD=X,5m,6.961230736e-05,6.450897156e-05,0.0733
2026-06-11,PG,5m,0.0001241058062,0.0001038765334,0.163
2026-06-11,SAN.PA,5m,0.000140278724,0.0001538285797,0
2026-06-11,SAP.DE,5m,0.0004777902012,0.0004296431112,0.1008
2026-06-11,SI=F,5m,0.00213521406,0.001841453109,0.1376
2026-06-11,SIE.DE,5m,0.0002487681653,0.000202050078,0.1878
2026-06-11,SOLUSDT,5m,0.001225921451,0.001075563594,0.1226
2026-06-11,TSLA,5m,0.000715677044,0.0006130240183,0.1434
2026-06-11,TTE.PA,5m,0.0001535320867,0.0001156130124,0.247
2026-06-11,UNH,5m,0.0001883474449,0.0001914053487,0
2026-06-11,USDCAD=X,5m,1.489625481e-05,1.288306419e-05,0.1351
2026-06-11,USDCHF=X,5m,3.299176084e-05,3.33254269e-05,0
2026-06-11,USDJPY=X,5m,9.57315107e-06,8.669165329e-06,0.0944
2026-06-11,V,5m,0.0001343630161,0.0001383208721,0
2026-06-11,XOM,5m,0.0003695390499,0.0002857189294,0.2268
2026-06-11,XRPUSDT,5m,0.0010133824,0.0009490756867,0.0635
2026-06-11,ZW=F,5m,0.000323580784,0.0003251845989,0
2026-06-11,^FCHI,5m,8.911178115e-05,8.602203359e-05,0.0347
2026-06-11,^GDAXI,5m,7.832586667e-05,6.854989667e-05,0.1248
2026-06-11,^GSPC,5m,0.0002090333996,0.0001702848124,0.1854
2026-06-11,^HSI,5m,8.804155192e-05,0.0001015805078,0
2026-06-11,^KS11,5m,0.001236330638,0.00135495606,0
2026-06-11,^N225,5m,0.0004423530387,0.0003222339332,0.2715
2026-06-11,^NDX,5m,0.0004681676848,0.0004586958133,0.0202
2026-06-11,^STOXX50E,5m,0.0001076743706,9.96946816e-05,0.0741
2026-06-12,005930.KS,5m,0.001585762674,0.001185005362,0.2527
2026-06-12,0700.HK,5m,0.0002524610172,0.0002520853354,0.0015
2026-06-12,2330.TW,5m,0.0001987989737,0.0002006935865,0
2026-06-12,6758.T,5m,0.0005052761053,0.0003860527523,0.236
2026-06-12,7203.T,5m,0.0001433180768,0.000132695962,0.0741
2026-06-12,9984.T,5m,0.001937943077,0.001543346972,0.2036
2026-06-12,9988.HK,5m,0.0003144192941,0.0002799651294,0.1096
2026-06-12,AAPL,5m,0.000178824178,0.0001904243383,0
2026-06-12,AIR.PA,5m,0.0003509419239,0.0003057165154,0.1289
2026-06-12,AMZN,5m,0.0003536651937,0.0002266856374,0.359
2026-06-12,ASML.AS,5m,0.0007202813606,0.0006362410941,0.1167
2026-06-12,AUDUSD=X,5m,3.002317518e-05,2.052042946e-05,0.3165
2026-06-12,BNBUSDT,5m,0.0003667686751,0.0003210208534,0.1247
2026-06-12,BNP.PA,5m,0.0002210748514,0.000201066807,0.0905
2026-06-12,BTCUSDT,5m,0.0004176020011,0.0003718783042,0.1095
2026-06-12,BZ=F,5m,0.0009760578407,0.0008258169231,0.1539
2026-06-12,CC=F,5m,0.00118484734,0.0005146082305,0.5657
2026-06-12,CL=F,5m,0.001075956846,0.0009300902275,0.1356
2026-06-12,COST,5m,0.000134510418,9.723221647e-05,0.2771
2026-06-12,ETHUSDT,5m,0.0006290981509,0.0005581019614,0.1129
2026-06-12,EURUSD=X,5m,1.031810215e-05,8.502824988e-06,0.1759
2026-06-12,GBPUSD=X,5m,1.277149764e-05,1.164021524e-05,0.0886
2026-06-12,GC=F,5m,0.0003079678392,0.0002424582729,0.2127
2026-06-12,GOOGL,5m,0.0004236561407,0.0003951544098,0.0673
2026-06-12,HG=F,5m,0.0002645727621,0.0002366575704,0.1055
2026-06-12,JPM,5m,0.0001207587277,0.0001087225879,0.0997
2026-06-12,KC=F,5m,0.0001444896307,0.0001390660675,0.0375
2026-06-12,KO,5m,8.653103453e-05,8.176055751e-05,0.0551
2026-06-12,MC.PA,5m,0.0004575509552,0.0004308568888,0.0583
2026-06-12,META,5m,0.0004060661114,0.000325907633,0.1974
2026-06-12,MSFT,5m,0.0002289887664,0.0002281234427,0.0038
2026-06-12,NG=F,5m,0.0005269787446,0.0005174993697,0.018
2026-06-12,NVDA,5m,0.0004689485951,0.0004560020163,0.0276
2026-06-12,NZDUSD=X,5m,3.124762901e-05,2.300126277e-05,0.2639
2026-06-12,PG,5m,6.530884561e-05,6.797908937e-05,0
2026-06-12,SAN.PA,5m,0.0001371254171,0.0001388081902,0
2026-06-12,SAP.DE,5m,0.0005680242095,0.0005391002091,0.0509
2026-06-12,SI=F,5m,0.0009972335236,0.0008640443981,0.1336
2026-06-12,SIE.DE,5m,0.0003108459821,0.0002656031517,0.1455
2026-06-12,SOLUSDT,5m,0.0009318712003,0.0008579208754,0.0794
2026-06-12,TSLA,5m,0.001427406926,0.001278528475,0.1043
2026-06-12,TTE.PA,5m,0.0003096367157,0.000283101754,0.0857
2026-06-12,UNH,5m,0.0001526262231,0.0001526869873,0
2026-06-12,USDCAD=X,5m,1.057915857e-05,9.227055137e-06,0.1278
2026-06-12,USDCHF=X,5m,1.655261951e-05,1.283903471e-05,0.2244
2026-06-12,USDJPY=X,5m,6.22883232e-06,5.485567088e-06,0.1193
2026-06-12,V,5m,0.0001465660272,5.812473448e-05,0.6034
2026-06-12,XOM,5m,0.0002035943795,0.0001711676798,0.1593
2026-06-12,XRPUSDT,5m,0.0007202970862,0.0006398140684,0.1117
2026-06-12,ZW=F,5m,0.0002869371175,0.0002668602488,0.07
2026-06-12,^FCHI,5m,7.982586621e-05,6.974777396e-05,0.1263
2026-06-12,^GDAXI,5m,9.042455397e-05,8.444826623e-05,0.0661
2026-06-12,^GSPC,5m,0.0001233459617,0.000100860956,0.1823
2026-06-12,^HSI,5m,5.408000181e-05,5.049259688e-05,0.0663
2026-06-12,^KS11,5m,0.0008211409234,0.0005930319606,0.2778
2026-06-12,^N225,5m,0.0002801167908,0.0002188973684,0.2185
2026-06-12,^NDX,5m,0.0002510558649,0.0002351881743,0.0632
2026-06-12,^STOXX50E,5m,0.0001041938085,9.830870395e-05,0.0565
2026-06-13,BNBUSDT,5m,0.0001514827932,0.0001400449646,0.0755
2026-06-13,BTCUSDT,5m,0.0001248948386,8.941573337e-05,0.2841
2026-06-13,ETHUSDT,5m,0.0001790320712,0.0001526191246,0.1475
2026-06-13,SOLUSDT,5m,0.000589568984,0.0004616180046,0.217
2026-06-13,XRPUSDT,5m,0.0003209813208,0.000286620127,0.1071
2026-06-14,BNBUSDT,5m,0.0002537597686,0.0002583497113,0
2026-06-14,BTCUSDT,5m,0.0002953239101,0.0001992277112,0.3254
2026-06-14,ETHUSDT,5m,0.0003989947723,0.0004143019262,0
2026-06-14,SOLUSDT,5m,0.0007706684742,0.0007074399052,0.082
2026-06-14,XRPUSDT,5m,0.0005827210057,0.0005148248037,0.1165
2026-06-15,005930.KS,5m,0.0003026174296,0.0003471633528,0
2026-06-15,0700.HK,5m,0.0002419565485,0.0001830430069,0.2435
2026-06-15,2330.TW,5m,0.0001833833877,0.0001755570087,0.0427
2026-06-15,6758.T,5m,0.0002003131631,0.0001680529858,0.161
2026-06-15,7203.T,5m,0.0001300888944,0.0001375688949,0
2026-06-15,9984.T,5m,0.001872962354,0.001311941673,0.2995
2026-06-15,9988.HK,5m,0.0003978985462,0.0003984547706,0
2026-06-15,AAPL,5m,8.03637899e-05,8.497302622e-05,0
2026-06-15,AIR.PA,5m,0.0002972316746,0.0002727117042,0.0825
2026-06-15,AMZN,5m,0.0001194550076,0.0001014240336,0.1509
2026-06-15,ASML.AS,5m,0.0006940894242,0.0005682367334,0.1813
2026-06-15,AUDUSD=X,5m,1.526307717e-05,1.336085412e-05,0.1246
2026-06-15,BNBUSDT,5m,0.0004566205697,0.0004410502674,0.0341
2026-06-15,BNP.PA,5m,0.0001205513197,0.0001076620189,0.1069
2026-06-15,BTCUSDT,5m,0.0003882039972,0.0003029869673,0.2195
2026-06-15,BZ=F,5m,0.0004858969012,0.0004722791707,0.028
2026-06-15,CC=F,5m,0.00117959345,0.0007101168669,0.398
2026-06-15,CL=F,5m,0.0005617868067,0.0005252989692,0.0649
2026-06-15,COST,5m,0.0001080062962,7.336132161e-05,0.3208
2026-06-15,ETHUSDT,5m,0.000995931836,0.0008702038344,0.1262
2026-06-15,EURUSD=X,5m,1.052019144e-05,9.437289845e-06,0.1029
2026-06-15,GBPUSD=X,5m,1.008241545e-05,8.85551092e-06,0.1217
2026-06-15,GC=F,5m,0.0001404283309,0.0001272175145,0.0941
2026-06-15,GOOGL,5m,0.000155552167,0.0001426104185,0.0832
2026-06-15,HG=F,5m,0.000159995131,0.0001454075371,0.0912
2026-06-15,JPM,5m,0.0001244087097,5.654361311e-05,0.5455
2026-06-15,KC=F,5m,0.0002715489235,0.0002709683858,0.0021
2026-06-15,KO,5m,6.953938829e-05,6.919420535e-05,0.005
2026-06-15,MC.PA,5m,0.0003506471103,0.0004090956111,0
2026-06-15,META,5m,0.0001641720977,0.0001377585805,0.1609
2026-06-15,MSFT,5m,0.0001318411009,0.0001438791097,0
2026-06-15,NG=F,5m,0.0003988607891,0.0003268595957,0.1805
2026-06-15,NVDA,5m,0.0001490042675,0.0001354610206,0.0909
2026-06-15,NZDUSD=X,5m,1.833492516e-05,1.585075478e-05,0.1355
2026-06-15,PG,5m,0.0001661371323,0.0001576565925,0.051
2026-06-15,SAN.PA,5m,0.0001310009477,0.0001417581991,0
2026-06-15,SAP.DE,5m,0.000309201345,0.0002854986566,0.0767
2026-06-15,SI=F,5m,0.0004447553048,0.0004114636848,0.0749
2026-06-15,SIE.DE,5m,0.0001408270617,0.0001013161389,0.2806
2026-06-15,SOLUSDT,5m,0.001438808864,0.001316604112,0.0849
2026-06-15,TSLA,5m,0.0005415935252,0.0004207690157,0.2231
2026-06-15,TTE.PA,5m,0.0002922289716,0.0003030752739,0
2026-06-15,UNH,5m,0.0001784548082,0.000175687895,0.0155
2026-06-15,USDCAD=X,5m,9.979837722e-06,1.005311747e-05,0
2026-06-15,USDCHF=X,5m,1.683813754e-05,1.58649335e-05,0.0578
2026-06-15,USDJPY=X,5m,4.040552852e-06,3.664789624e-06,0.093
2026-06-15,V,5m,9.322053832e-05,8.213202578e-05,0.1189
2026-06-15,XOM,5m,0.0001860724052,0.0001780780274,0.043
2026-06-15,XRPUSDT,5m,0.002145727453,0.001899189594,0.1149
2026-06-15,ZW=F,5m,0.0002621213102,0.000251502901,0.0405
2026-06-15,^FCHI,5m,3.585773628e-05,3.433893163e-05,0.0424
2026-06-15,^GDAXI,5m,2.739988962e-05,2.66061539e-05,0.029
2026-06-15,^GSPC,5m,1.282251994e-05,1.300572994e-05,0
2026-06-15,^HSI,5m,3.155867712e-05,2.741575882e-05,0.1313
2026-06-15,^KS11,5m,0.000260261846,0.0002816981572,0
2026-06-15,^N225,5m,0.0002891889515,0.0002150468343,0.2564
2026-06-15,^NDX,5m,3.890208633e-05,3.798343432e-05,0.0236
2026-06-15,^STOXX50E,5m,3.363831191e-05,2.422608687e-05,0.2798
2026-06-16,005930.KS,5m,0.0006576019695,0.0006427416509,0.0226
2026-06-16,0700.HK,5m,0.0002343173063,0.0002220708625,0.0523
2026-06-16,2330.TW,5m,0.0001787752012,0.0001125029736,0.3707
2026-06-16,6758.T,5m,0.000133468993,0.0001289766892,0.0337
2026-06-16,7203.T,5m,9.606631341e-05,9.347421804e-05,0.027
2026-06-16,9984.T,5m,0.001172753282,0.001047516989,0.1068
2026-06-16,9988.HK,5m,0.0003496895328,0.0002693867578,0.2296
2026-06-16,AAPL,5m,0.0001338400688,0.0001073817385,0.1977
2026-06-16,AIR.PA,5m,0.0001507098486,0.0001462188947,0.0298
2026-06-16,AMZN,5m,0.0001353254266,0.0001144448522,0.1543
2026-06-16,ASML.AS,5m,0.0003967126065,0.0004373771596,0
2026-06-16,AUDUSD=X,5m,1.604367363e-05,1.635658284e-05,0
2026-06-16,BNBUSDT,5m,0.0004920370821,0.000309746883,0.3705
2026-06-16,BNP.PA,5m,0.0001233578504,0.0001265643079,0
2026-06-16,BTCUSDT,5m,0.0003640493629,0.0003011167634,0.1729
2026-06-16,BZ=F,5m,0.0005896792307,0.0005928483231,0
2026-06-16,CC=F,5m,0.002070595504,0.0008651655819,0.5822
2026-06-16,CL=F,5m,0.0008621064665,0.0006623810983,0.2317
2026-06-16,COST,5m,0.0001902579068,0.0001676123967,0.119
2026-06-16,ETHUSDT,5m,0.001034635246,0.0007954522108,0.2312
2026-06-16,EURUSD=X,5m,6.931821918e-06,5.982161194e-06,0.137
2026-06-16,GBPUSD=X,5m,9.05781859e-06,9.116394738e-06,0
2026-06-16,GC=F,5m,9.646926832e-05,9.43022583e-05,0.0225
2026-06-16,GOOGL,5m,0.0002020927042,0.0001732014329,0.143
2026-06-16,HG=F,5m,0.0001415510735,0.0001408346699,0.0051
2026-06-16,JPM,5m,0.0001132092603,0.0001092541436,0.0349
2026-06-16,KC=F,5m,0.001174177676,0.0003844928684,0.6725
2026-06-16,KO,5m,0.0001688819861,0.0001649422512,0.0233
2026-06-16,MC.PA,5m,0.0001725373875,0.0001639806589,0.0496
2026-06-16,META,5m,0.0002937288873,0.0003166843316,0
2026-06-16,MSFT,5m,7.990089604e-05,8.497250125e-05,0
2026-06-16,NG=F,5m,0.0008623629003,0.0007189545168,0.1663
2026-06-16,NVDA,5m,0.0002224690934,0.0002087746485,0.0616
2026-06-16,NZDUSD=X,5m,1.940200106e-05,1.739604405e-05,0.1034
2026-06-16,PG,5m,0.0001524661193,0.0001369656947,0.1017
2026-06-16,SAN.PA,5m,0.0001186687397,0.0001212586993,0
2026-06-16,SAP.DE,5m,0.0004879250989,0.0004354114299,0.1076
2026-06-16,SI=F,5m,0.0004859438479,0.0004301004693,0.1149
2026-06-16,SIE.DE,5m,0.0001508777648,0.0001214208015,0.1952
2026-06-16,SOLUSDT,5m,0.001071481531,0.0009568596216,0.107
2026-06-16,TSLA,5m,0.0005193479584,0.0005193826778,0
2026-06-16,TTE.PA,5m,0.0001015035748,9.532957033e-05,0.0608
2026-06-16,UNH,5m,0.0001117607557,9.685050227e-05,0.1334
2026-06-16,USDCAD=X,5m,1.034215692e-05,1.0260401e-05,0.0079
2026-06-16,USDCHF=X,5m,1.466842623e-05,1.465207708e-05,0.0011
2026-06-16,USDJPY=X,5m,4.67226494e-06,4.187368476e-06,0.1038
2026-06-16,V,5m,0.0001213200497,0.0001072881618,0.1157
2026-06-16,XOM,5m,0.0002063548988,0.0002092028681,0
2026-06-16,XRPUSDT,5m,0.0008741179118,0.0006783628271,0.2239
2026-06-16,ZW=F,5m,0.0005184892407,0.0003345479494,0.3548
2026-06-16,^FCHI,5m,2.379208046e-05,2.358678656e-05,0.0086
2026-06-16,^GDAXI,5m,3.826548623e-05,3.624678469e-05,0.0528
2026-06-16,^GSPC,5m,1.973860842e-05,2.097257597e-05,0
2026-06-16,^HSI,5m,5.577985062e-05,6.324970048e-05,0
2026-06-16,^KS11,5m,0.0003037560845,0.0002948790456,0.0292
2026-06-16,^N225,5m,0.00012193325,0.0001107683365,0.0916
2026-06-16,^NDX,5m,8.744058064e-05,8.465822127e-05,0.0318
2026-06-16,^STOXX50E,5m,2.645183401e-05,2.36522345e-05,0.1058
2026-06-17,005930.KS,5m,0.0004905228005,0.0004831955877,0.0149
2026-06-17,0700.HK,5m,0.0001796204794,0.000159890027,0.1098
2026-06-17,2330.TW,5m,0.0001477000672,8.444594183e-05,0.4283
2026-06-17,6758.T,5m,0.000171603262,0.0001858317914,0
2026-06-17,7203.T,5m,0.000113385826,0.0001101716381,0.0283
2026-06-17,9984.T,5m,0.0005489310811,0.0005209779184,0.0509
2026-06-17,9988.HK,5m,0.0003026436381,0.0002970503353,0.0185
2026-06-17,AAPL,5m,0.000194656505,0.000195241893,0
2026-06-17,AIR.PA,5m,0.0002158065709,0.0001846925453,0.1442
2026-06-17,AMZN,5m,0.000213279728,0.0001904754414,0.1069
2026-06-17,ASML.AS,5m,0.0006392219033,0.0006728627041,0
2026-06-17,AUDUSD=X,5m,4.466835263e-05,3.24542088e-05,0.2734
2026-06-17,BNBUSDT,5m,0.0006620720963,0.0005633849047,0.1491
2026-06-17,BNP.PA,5m,0.0001288056623,0.0001222897109,0.0506
2026-06-17,BTCUSDT,5m,0.0008411045951,0.0006798018265,0.1918
2026-06-17,BZ=F,5m,0.000980184816,0.0008772512938,0.105
2026-06-17,CC=F,5m,0.001905827346,0.001213132875,0.3635
2026-06-17,CL=F,5m,0.0009837391712,0.0008920153065,0.0932
2026-06-17,COST,5m,8.563253537e-05,8.438833708e-05,0.0145
2026-06-17,ETHUSDT,5m,0.001479192379,0.00110479569,0.2531
2026-06-17,EURUSD=X,5m,3.004417212e-05,2.30830686e-05,0.2317
2026-06-17,GBPUSD=X,5m,3.16450971e-05,2.231816599e-05,0.2947
2026-06-17,GC=F,5m,0.000622054093,0.0005367989809,0.1371
2026-06-17,GOOGL,5m,0.0002489996307,0.0002547502714,0
2026-06-17,HG=F,5m,0.0004558519613,0.0003242022145,0.2888
2026-06-17,JPM,5m,0.0001513160205,0.0001557152145,0
2026-06-17,KC=F,5m,0.00312276246,0.0005677455526,0.8182
2026-06-17,KO,5m,0.0001598183151,0.0001379749515,0.1367
2026-06-17,MC.PA,5m,0.0002892105314,0.0002437789812,0.1571
2026-06-17,META,5m,0.0002217512558,0.0001625490387,0.267
2026-06-17,MSFT,5m,0.0001475871903,0.0001130451399,0.234
2026-06-17,NG=F,5m,0.0009082252873,0.0009165364457,0
2026-06-17,NVDA,5m,0.0003922612508,0.0003222895338,0.1784
2026-06-17,NZDUSD=X,5m,5.606111363e-05,4.17744793e-05,0.2548
2026-06-17,PG,5m,0.0001510998609,0.0001590467189,0
2026-06-17,SAN.PA,5m,0.0001558387272,0.0001629907863,0
2026-06-17,SAP.DE,5m,0.0003732821889,0.0003674063481,0.0157
2026-06-17,SI=F,5m,0.001870782908,0.001529401403,0.1825
2026-06-17,SIE.DE,5m,0.0001855871112,0.0001772717441,0.0448
2026-06-17,SOLUSDT,5m,0.001958490142,0.001694750634,0.1347
2026-06-17,TSLA,5m,0.0006480345438,0.0005065037617,0.2184
2026-06-17,TTE.PA,5m,0.0001559856799,0.0001512579641,0.0303
2026-06-17,UNH,5m,0.0002838236485,0.0002837808944,0.0002
2026-06-17,USDCAD=X,5m,1.726650616e-05,1.520901532e-05,0.1192
2026-06-17,USDCHF=X,5m,5.449176655e-05,4.336798689e-05,0.2041
2026-06-17,USDJPY=X,5m,7.324490974e-06,6.166871603e-06,0.158
2026-06-17,V,5m,8.731888867e-05,8.16317412e-05,0.0651
2026-06-17,XOM,5m,0.0001321600065,0.0001154398828,0.1265
2026-06-17,XRPUSDT,5m,0.001438080266,0.001231297348,0.1438
2026-06-17,ZW=F,5m,0.0002839122036,0.0002608237777,0.0813
2026-06-17,^FCHI,5m,2.62671798e-05,2.196132769e-05,0.1639
2026-06-17,^GDAXI,5m,3.717852662e-05,3.370340889e-05,0.0935
2026-06-17,^GSPC,5m,0.0001497796734,0.0001207179704,0.194
2026-06-17,^HSI,5m,4.970670427e-05,5.016329982e-05,0
2026-06-17,^KS11,5m,0.0001533401809,0.000141109665,0.0798
2026-06-17,^N225,5m,6.652755122e-05,6.265836667e-05,0.0582
2026-06-17,^NDX,5m,0.000313804199,0.0002658804862,0.1527
2026-06-17,^STOXX50E,5m,3.090720649e-05,2.978167631e-05,0.0364
2026-06-18,005930.KS,5m,0.0009539991074,0.0009221004403,0.0334
2026-06-18,0700.HK,5m,0.0002777649618,0.0002382199663,0.1424
2026-06-18,2330.TW,5m,0.0001734722517,0.000122552534,0.2935
2026-06-18,6758.T,5m,0.000246074808,0.0001331495311,0.4589
2026-06-18,7203.T,5m,0.0001439416093,0.0001286610183,0.1062
2026-06-18,9984.T,5m,0.0009143970747,0.0009570864871,0
2026-06-18,9988.HK,5m,0.000465666788,0.000302241211,0.3509
2026-06-18,AAPL,5m,0.0001624092656,0.0001417632684,0.1271
2026-06-18,AIR.PA,5m,0.0002723862168,0.0002357714869,0.1344
2026-06-18,AMZN,5m,0.000296672913,0.0002095910797,0.2935
2026-06-18,ASML.AS,5m,0.0003975487742,0.0003935087138,0.0102
2026-06-18,AUDUSD=X,5m,2.45033279e-05,2.226714791e-05,0.0913
2026-06-18,BNBUSDT,5m,0.0005502499321,0.0005560166124,0
2026-06-18,BNP.PA,5m,0.0001157378837,0.0001003495054,0.133
2026-06-18,BTCUSDT,5m,0.0005328712095,0.0005471609439,0
2026-06-18,BZ=F,5m,0.000874758305,0.0008067398256,0.0778
2026-06-18,CC=F,5m,0.002355940444,0.0008542081551,0.6374
2026-06-18,CL=F,5m,0.0009167391079,0.0008503569136,0.0724
2026-06-18,COST,5m,6.030392548e-05,5.69970648e-05,0.0548
2026-06-18,ETHUSDT,5m,0.0008682145389,0.0008993800557,0
2026-06-18,EURUSD=X,5m,1.561580809e-05,1.614097254e-05,0
2026-06-18,GBPUSD=X,5m,2.070582851e-05,2.046795111e-05,0.0115
2026-06-18,GC=F,5m,0.0001864228862,0.0001828455074,0.0192
2026-06-18,GOOGL,5m,0.0002794934203,0.0001970832837,0.2949
2026-06-18,HG=F,5m,0.0001503508148,0.0001398567768,0.0698
2026-06-18,JPM,5m,0.0001703374316,0.0001387977042,0.1852
2026-06-18,KC=F,5m,0.003530878927,0.0006788671242,0.8077
2026-06-18,KO,5m,8.069340155e-05,7.953824933e-05,0.0143
2026-06-18,MC.PA,5m,0.0002588444379,0.0002272053721,0.1222
2026-06-18,META,5m,0.0003551923314,0.0002880816073,0.1889
2026-06-18,MSFT,5m,0.0001822044446,0.0001776142112,0.0252
2026-06-18,NG=F,5m,0.001098824636,0.001025496766,0.0667
2026-06-18,NVDA,5m,0.0001983723981,0.0001785191793,0.1001
2026-06-18,NZDUSD=X,5m,2.722986754e-05,2.409774296e-05,0.115
2026-06-18,PG,5m,0.0001182147133,0.0001277265226,0
2026-06-18,SAN.PA,5m,0.000140002382,0.0001348070319,0.0371
2026-06-18,SAP.DE,5m,0.000733506617,0.000644631398,0.1212
2026-06-18,SI=F,5m,0.0007854791374,0.0007007489991,0.1079
2026-06-18,SIE.DE,5m,0.0001919646427,0.000144887708,0.2452
2026-06-18,SOLUSDT,5m,0.001231965185,0.001262365067,0
2026-06-18,TSLA,5m,0.0005640859717,0.0005359987587,0.0498
2026-06-18,TTE.PA,5m,0.00016594119,0.0001534387637,0.0753
2026-06-18,UNH,5m,0.000162162705,0.0001510900069,0.0683
2026-06-18,USDCAD=X,5m,1.104457338e-05,1.181943225e-05,0
2026-06-18,USDCHF=X,5m,3.124295073e-05,3.403686017e-05,0
2026-06-18,USDJPY=X,5m,1.268059231e-05,1.302576591e-05,0
2026-06-18,V,5m,0.0001196950578,0.0001204240742,0
2026-06-18,XOM,5m,0.0001795385165,0.0001232760833,0.3134
2026-06-18,XRPUSDT,5m,0.000780933705,0.0007791095859,0.0023
2026-06-18,ZW=F,5m,0.0002506460714,0.0002198267021,0.123
2026-06-18,^FCHI,5m,4.120108114e-05,4.054368607e-05,0.016
2026-06-18,^GDAXI,5m,5.043100144e-05,4.600779978e-05,0.0877
2026-06-18,^GSPC,5m,3.028061064e-05,3.197035995e-05,0
2026-06-18,^HSI,5m,5.542738764e-05,3.630676457e-05,0.345
2026-06-18,^KS11,5m,0.0002773903814,0.0003080418718,0
2026-06-18,^N225,5m,0.0001359333027,0.0001485462279,0
2026-06-18,^NDX,5m,7.081224365e-05,7.123168617e-05,0
2026-06-18,^STOXX50E,5m,4.153949217e-05,3.936012426e-05,0.0525
2026-06-19,005930.KS,5m,0.001677207714,0.001744063542,0
2026-06-19,6758.T,5m,9.719625757e-05,8.228745564e-05,0.1534
2026-06-19,7203.T,5m,5.57836272e-05,4.831297378e-05,0.1339
2026-06-19,9984.T,5m,0.001015171424,0.001092905344,0
2026-06-19,AIR.PA,5m,0.0002189161879,0.0001689004009,0.2285
2026-06-19,ASML.AS,5m,0.0003896908436,0.0003443371661,0.1164
2026-06-19,AUDUSD=X,5m,1.64470415e-05,1.290358075e-05,0.2154
2026-06-19,BNBUSDT,5m,0.0003835130012,0.0003560573057,0.0716
2026-06-19,BNP.PA,5m,9.471131797e-05,9.272701188e-05,0.021
2026-06-19,BTCUSDT,5m,0.0003792158274,0.0003656211011,0.0358
2026-06-19,ETHUSDT,5m,0.0005624876383,0.000543919144,0.033
2026-06-19,EURUSD=X,5m,9.634736797e-06,7.155846293e-06,0.2573
2026-06-19,GBPUSD=X,5m,1.444864917e-05,1.272250687e-05,0.1195
2026-06-19,MC.PA,5m,0.0001879277245,0.0001848512236,0.0164
2026-06-19,NZDUSD=X,5m,1.893825652e-05,1.725132055e-05,0.0891
2026-06-19,SAN.PA,5m,0.0005412504907,0.0005359884942,0.0097
2026-06-19,SAP.DE,5m,0.0002476174166,0.0002111203286,0.1474
2026-06-19,SIE.DE,5m,0.0001646342916,0.0001527211368,0.0724
2026-06-19,SOLUSDT,5m,0.0009302915242,0.0009562448252,0
2026-06-19,TTE.PA,5m,0.0001067260504,0.0001087935049,0
2026-06-19,USDCAD=X,5m,9.670643026e-06,1.048088926e-05,0
2026-06-19,USDCHF=X,5m,1.532795902e-05,1.294533187e-05,0.1554
2026-06-19,USDJPY=X,5m,4.920970238e-06,4.964316875e-06,0
2026-06-19,XRPUSDT,5m,0.0006719308759,0.0006659457553,0.0089
2026-06-19,^FCHI,5m,3.626048493e-05,2.935738033e-05,0.1904
2026-06-19,^GDAXI,5m,4.314439237e-05,3.764850616e-05,0.1274
2026-06-19,^KS11,5m,0.0009894396175,0.001081755221,0
2026-06-19,^N225,5m,0.0001201014525,0.0001177797627,0.0193
2026-06-19,^STOXX50E,5m,3.833611878e-05,3.246131241e-05,0.1532
2026-06-20,BNBUSDT,5m,0.0002141916616,0.0001956288358,0.0867
2026-06-20,BTCUSDT,5m,0.0002262662976,0.0001839320393,0.1871
2026-06-20,ETHUSDT,5m,0.0004169022211,0.0003429549788,0.1774
2026-06-20,SOLUSDT,5m,0.001212977805,0.001182614901,0.025
2026-06-20,XRPUSDT,5m,0.0004507222454,0.0003936415709,0.1266
2026-06-21,BNBUSDT,5m,0.0002358136833,0.0002042840275,0.1337
2026-06-21,BTCUSDT,5m,0.0002125267184,0.0001695198886,0.2024
2026-06-21,ETHUSDT,5m,0.0003907907466,0.0002734851605,0.3002
2026-06-21,SOLUSDT,5m,0.0008669941718,0.0007534205776,0.131
2026-06-21,XRPUSDT,5m,0.0005169687566,0.0004112042673,0.2046
2026-06-22,005930.KS,5m,0.001609201193,0.001220704952,0.2414
2026-06-22,0700.HK,5m,0.0005023654286,0.000493102266,0.0184
2026-06-22,2330.TW,5m,0.0001965215775,0.0001512109978,0.2306
2026-06-22,6758.T,5m,0.000243403552,0.000180498652,0.2584
2026-06-22,7203.T,5m,0.0001126329758,0.0001054609686,0.0637
2026-06-22,9984.T,5m,0.0005899656387,0.0006140173556,0
2026-06-22,9988.HK,5m,0.0004340486462,0.0003964964116,0.0865
2026-06-22,AAPL,5m,0.0001890809894,0.0001127012857,0.404
2026-06-22,AIR.PA,5m,0.000159194963,0.0001392446808,0.1253
2026-06-22,AMZN,5m,0.0003043102328,0.000315441297,0
2026-06-22,ASML.AS,5m,0.00045353557,0.0003411754052,0.2477
2026-06-22,AUDUSD=X,5m,1.555469408e-05,1.387721889e-05,0.1078
2026-06-22,BNBUSDT,5m,0.0003532772075,0.0003357105108,0.0497
2026-06-22,BNP.PA,5m,8.003342175e-05,7.472458622e-05,0.0663
2026-06-22,BTCUSDT,5m,0.0004257766739,0.0004122598163,0.0317
2026-06-22,BZ=F,5m,0.01255657512,0.005963386493,0.5251
2026-06-22,CC=F,5m,0.002425303769,0.001042212362,0.5703
2026-06-22,CL=F,5m,0.003377376305,0.002958762302,0.1239
2026-06-22,COST,5m,0.0001322422374,0.0001398519603,0
2026-06-22,ETHUSDT,5m,0.0007029991053,0.0006341573998,0.0979
2026-06-22,EURUSD=X,5m,1.182502934e-05,1.050206281e-05,0.1119
2026-06-22,GBPUSD=X,5m,1.930365638e-05,1.663780169e-05,0.1381
2026-06-22,GC=F,5m,0.0009678613522,0.000858256591,0.1132
2026-06-22,GOOGL,5m,0.0004406295623,0.0003982959164,0.0961
2026-06-22,HG=F,5m,0.0008787400784,0.0007755702579,0.1174
2026-06-22,JPM,5m,0.0001294659798,0.0001120201385,0.1348
2026-06-22,KC=F,5m,0.002216946613,0.0006843056524,0.6913
2026-06-22,KO,5m,8.394770093e-05,7.708475993e-05,0.0818
2026-06-22,MC.PA,5m,0.000565446237,0.0003852485014,0.3187
2026-06-22,META,5m,0.0003166777526,0.0002966094241,0.0634
2026-06-22,MSFT,5m,0.0002334607937,0.0001937863576,0.1699
2026-06-22,NG=F,5m,0.001853761377,0.001491039882,0.1957
2026-06-22,NVDA,5m,0.0002300778338,0.0001836781041,0.2017
2026-06-22,NZDUSD=X,5m,2.411447894e-05,2.207448245e-05,0.0846
2026-06-22,PG,5m,0.0001606549065,0.0001829011246,0
2026-06-22,SAN.PA,5m,0.0002570052553,0.0002393832465,0.0686
2026-06-22,SAP.DE,5m,0.0004211959042,0.000463099936,0
2026-06-22,SI=F,5m,0.00887303433,0.007567768824,0.1471
2026-06-22,SIE.DE,5m,0.0001439342988,0.0001476123097,0
2026-06-22,SOLUSDT,5m,0.001041508399,0.0009440879756,0.0935
2026-06-22,TSLA,5m,0.0008509508995,0.0008418331496,0.0107
2026-06-22,TTE.PA,5m,0.000117054485,0.000123158766,0
2026-06-22,UNH,5m,0.0001189836839,0.0001137576358,0.0439
2026-06-22,USDCAD=X,5m,1.091701225e-05,1.050584393e-05,0.0377
2026-06-22,USDCHF=X,5m,1.963834798e-05,1.750212984e-05,0.1088
2026-06-22,USDJPY=X,5m,1.397074696e-05,1.210641208e-05,0.1334
2026-06-22,V,5m,0.0001920390421,0.0001337170799,0.3037
2026-06-22,XOM,5m,0.0001857485469,0.000209230303,0
2026-06-22,XRPUSDT,5m,0.0006485443356,0.000623017872,0.0394
2026-06-22,ZW=F,5m,0.0002843443949,0.0002617076094,0.0796
2026-06-22,^FCHI,5m,4.161569425e-05,3.91131231e-05,0.0601
2026-06-22,^GDAXI,5m,3.637904473e-05,3.483239849e-05,0.0425
2026-06-22,^GSPC,5m,4.68120507e-05,5.167192952e-05,0
2026-06-22,^HSI,5m,0.0001405869216,0.0001403813529,0.0015
2026-06-22,^KS11,5m,0.0006170518872,0.0005970052749,0.0325
2026-06-22,^N225,5m,7.645949622e-05,7.044732403e-05,0.0786
2026-06-22,^NDX,5m,0.0001234289434,0.0001267843732,0
2026-06-22,^STOXX50E,5m,2.955658151e-05,2.88981884e-05,0.0223
2026-06-23,005930.KS,5m,0.001821540322,0.001492345069,0.1807
2026-06-23,0700.HK,5m,0.0004541920734,0.0004216592302,0.0716
2026-06-23,2330.TW,5m,0.0002501825641,0.0001872489314,0.2516
2026-06-23,6758.T,5m,0.000143157983,0.0001295938475,0.0947
2026-06-23,7203.T,5m,7.258066452e-05,5.911961312e-05,0.1855
2026-06-23,9984.T,5m,0.0006933391734,0.0006846878646,0.0125
2026-06-23,9988.HK,5m,0.00032132814,0.000260475512,0.1894
2026-06-23,AAPL,5m,0.0002864734067,0.0002183042913,0.238
2026-06-23,AIR.PA,5m,0.0002368378321,0.0002342372384,0.011
2026-06-23,AMZN,5m,0.0002692965245,0.0001947204906,0.2769
2026-06-23,ASML.AS,5m,0.0006253214064,0.0005722339945,0.0849
2026-06-23,AUDUSD=X,5m,1.876591556e-05,1.711983154e-05,0.0877
2026-06-23,BNBUSDT,5m,0.000448934178,0.0003911796408,0.1286
2026-06-23,BNP.PA,5m,0.000104953797,8.713189844e-05,0.1698
2026-06-23,BTCUSDT,5m,0.0004036218603,0.0003734949211,0.0746
2026-06-23,BZ=F,5m,0.0005993474433,0.0005199776864,0.1324
2026-06-23,CC=F,5m,0.001531476713,0.0009601386352,0.3731
2026-06-23,CL=F,5m,0.000597842161,0.0005361320371,0.1032
2026-06-23,COST,5m,8.435493749e-05,9.440127128e-05,0
2026-06-23,ETHUSDT,5m,0.0008262305354,0.0006357689292,0.2305
2026-06-23,EURUSD=X,5m,1.057578637e-05,8.396994913e-06,0.206
2026-06-23,GBPUSD=X,5m,1.174767447e-05,1.068219588e-05,0.0907
2026-06-23,GC=F,5m,0.0002581060464,0.0002694501983,0
2026-06-23,GOOGL,5m,0.0001755320261,0.0001303989074,0.2571
2026-06-23,HG=F,5m,0.0002275029008,0.0002163108266,0.0492
2026-06-23,JPM,5m,7.930549818e-05,8.108249982e-05,0
2026-06-23,KC=F,5m,0.002266440363,0.0006111570482,0.7303
2026-06-23,KO,5m,6.193474357e-05,4.914934736e-05,0.2064
2026-06-23,MC.PA,5m,0.0002419405378,0.0002512799927,0
2026-06-23,META,5m,0.0002222537954,0.0001591809692,0.2838
2026-06-23,MSFT,5m,0.0002975470991,0.0001841640506,0.3811
2026-06-23,NG=F,5m,0.0005428279926,0.0004876682263,0.1016
2026-06-23,NVDA,5m,0.000204436018,0.0001785113135,0.1268
2026-06-23,NZDUSD=X,5m,2.330838246e-05,2.00027927e-05,0.1418
2026-06-23,PG,5m,9.172283831e-05,0.0001015822778,0
2026-06-23,SAN.PA,5m,0.0001747212457,0.0001409250327,0.1934
2026-06-23,SAP.DE,5m,0.0003507507748,0.0003652100137,0
2026-06-23,SI=F,5m,0.0009623763645,0.0009138133517,0.0505
2026-06-23,SIE.DE,5m,0.0002675615392,0.0002897397529,0
2026-06-23,SOLUSDT,5m,0.001047751119,0.0009475147452,0.0957
2026-06-23,TSLA,5m,0.0003005989438,0.0002899759142,0.0353
2026-06-23,TTE.PA,5m,8.092819031e-05,8.880175585e-05,0
2026-06-23,UNH,5m,0.0001583230908,0.0001450548225,0.0838
2026-06-23,USDCAD=X,5m,7.739358242e-06,7.995285901e-06,0
2026-06-23,USDCHF=X,5m,1.548176956e-05,1.644817932e-05,0
2026-06-23,USDJPY=X,5m,6.168642936e-06,5.459482713e-06,0.115
2026-06-23,V,5m,0.0001059193824,0.0001037953157,0.0201
2026-06-23,XOM,5m,7.73309132e-05,7.150603749e-05,0.0753
2026-06-23,XRPUSDT,5m,0.0005474614078,0.000493935984,0.0978
2026-06-23,ZW=F,5m,0.0002237264064,0.00021495854,0.0392
2026-06-23,^FCHI,5m,3.757513533e-05,3.215423059e-05,0.1443
2026-06-23,^GDAXI,5m,3.900657876e-05,4.061727694e-05,0
2026-06-23,^GSPC,5m,3.939905542e-05,3.531923932e-05,0.1036
2026-06-23,^HSI,5m,8.236531022e-05,7.235519947e-05,0.1215
2026-06-23,^KS11,5m,0.001162165213,0.001246140848,0
2026-06-23,^N225,5m,0.0002315260545,0.0001833113656,0.2082
2026-06-23,^NDX,5m,0.0001032249244,0.0001042161399,0
2026-06-23,^STOXX50E,5m,3.632365971e-05,3.510182779e-05,0.0336
2026-06-24,005930.KS,5m,0.004028047746,0.003557733413,0.1168
2026-06-24,0700.HK,5m,0.0008246845081,0.0008629815869,0
2026-06-24,2330.TW,5m,0.0002093668845,0.0001679904006,0.1976
2026-06-24,6758.T,5m,0.0003522829421,0.0002048673585,0.4185
2026-06-24,7203.T,5m,9.323914371e-05,9.124608834e-05,0.0214
2026-06-24,9984.T,5m,0.0008000514984,0.0008268238525,0
2026-06-24,9988.HK,5m,0.0007491640252,0.000716485651,0.0436
2026-06-24,AAPL,5m,0.0001901883912,0.0001322609982,0.3046
2026-06-24,AIR.PA,5m,0.0002290643849,0.0002589354105,0
2026-06-24,AMZN,5m,0.000231176188,0.0002323996858,0
2026-06-24,ASML.AS,5m,0.000534357118,0.0005075371745,0.0502
2026-06-24,AUDUSD=X,5m,2.542593273e-05,2.682304648e-05,0
2026-06-24,BNBUSDT,5m,0.0007502557663,0.0007211223424,0.0388
2026-06-24,BNP.PA,5m,0.0001316734478,0.0001337967872,0
2026-06-24,BTCUSDT,5m,0.0007078882918,0.0006889035406,0.0268
2026-06-24,BZ=F,5m,0.0006266802408,0.0005320717724,0.151
2026-06-24,CC=F,5m,0.003151468502,0.001999170348,0.3656
2026-06-24,CL=F,5m,0.0006416312762,0.0005691573105,0.113
2026-06-24,COST,5m,0.0001108707465,0.0001156547975,0
2026-06-24,ETHUSDT,5m,0.001302736356,0.001209754187,0.0714
2026-06-24,EURUSD=X,5m,1.579207073e-05,1.46199251e-05,0.0742
2026-06-24,GBPUSD=X,5m,1.834566425e-05,1.994468381e-05,0
2026-06-24,GC=F,5m,0.0004166532644,0.000387674663,0.0696
2026-06-24,GOOGL,5m,0.0002452807102,0.0002068017674,0.1569
2026-06-24,HG=F,5m,0.0003314409809,0.0002820950408,0.1489
2026-06-24,JPM,5m,0.0001175152014,0.0001140184548,0.0298
2026-06-24,KC=F,5m,0.003938891613,0.001127159099,0.7138
2026-06-24,KO,5m,0.000132372124,0.0001323835717,0
2026-06-24,MC.PA,5m,0.000210510476,0.0002101938705,0.0015
2026-06-24,META,5m,0.0002667715368,0.0002595092619,0.0272
2026-06-24,MSFT,5m,0.0003103188309,0.0002274550568,0.267
2026-06-24,NG=F,5m,0.0004295337285,0.0003780363014,0.1199
2026-06-24,NVDA,5m,0.0002690839591,0.0002712501655,0
2026-06-24,NZDUSD=X,5m,4.634475655e-05,5.067079991e-05,0
2026-06-24,PG,5m,0.0001345410236,0.0001415388295,0
2026-06-24,SAN.PA,5m,0.000195686275,0.0001904876071,0.0266
2026-06-24,SAP.DE,5m,0.0004334718273,0.0004281637091,0.0122
2026-06-24,SI=F,5m,0.001823276104,0.00169276299,0.0716
2026-06-24,SIE.DE,5m,0.0001894499337,0.0001860708226,0.0178
2026-06-24,SOLUSDT,5m,0.001647604494,0.001693267393,0
2026-06-24,TSLA,5m,0.0003601996555,0.0003361118945,0.0669
2026-06-24,TTE.PA,5m,0.0001122378332,0.0001225879286,0
2026-06-24,UNH,5m,0.0003353946554,0.0004062610312,0
2026-06-24,USDCAD=X,5m,9.130426344e-06,9.290074067e-06,0
2026-06-24,USDCHF=X,5m,1.80040927e-05,1.841889366e-05,0
2026-06-24,USDJPY=X,5m,2.615408826e-06,2.293530266e-06,0.1231
2026-06-24,V,5m,0.0001737474407,0.0001848874885,0
2026-06-24,XOM,5m,0.0001823351498,0.000170270693,0.0662
2026-06-24,XRPUSDT,5m,0.000975298144,0.0008022854223,0.1774
2026-06-24,ZW=F,5m,0.0002257200374,0.0001834692959,0.1872
2026-06-24,^FCHI,5m,3.125272017e-05,3.215657325e-05,0
2026-06-24,^GDAXI,5m,4.780877911e-05,5.231282508e-05,0
2026-06-24,^GSPC,5m,5.90052468e-05,5.763162643e-05,0.0233
2026-06-24,^HSI,5m,0.0001076095516,0.0001178442393,0
2026-06-24,^KS11,5m,0.00259400589,0.002228388235,0.1409
2026-06-24,^N225,5m,0.0003400117377,0.0002916309022,0.1423
2026-06-24,^NDX,5m,0.0001635387925,0.0001657855139,0
2026-06-24,^STOXX50E,5m,3.845532742e-05,4.031748148e-05,0
2026-06-25,005930.KS,5m,0.0007476921974,0.0007038638812,0.0586
2026-06-25,0700.HK,5m,0.0003206534885,0.000271466768,0.1534
2026-06-25,2330.TW,5m,0.000246238915,0.0002169963464,0.1188
2026-06-25,6758.T,5m,0.0002467553088,0.0002613619963,0
2026-06-25,7203.T,5m,9.596123166e-05,6.204175695e-05,0.3535
2026-06-25,9984.T,5m,0.001622673968,0.001275110554,0.2142
2026-06-25,9988.HK,5m,0.000346782383,0.0004286138363,0
2026-06-25,AAPL,5m,0.0009508760839,0.0008564585834,0.0993
2026-06-25,AIR.PA,5m,0.0001303839152,0.0001249219234,0.0419
2026-06-25,AMZN,5m,0.0004100248919,0.0004013992744,0.021
2026-06-25,ASML.AS,5m,0.0009282507448,0.0008298534925,0.106
2026-06-25,AUDUSD=X,5m,3.183717074e-05,3.147171637e-05,0.0115
2026-06-25,BNBUSDT,5m,0.001190592988,0.001393763332,0
2026-06-25,BNP.PA,5m,8.929436468e-05,9.019210361e-05,0
2026-06-25,BTCUSDT,5m,0.001488651906,0.001688713552,0
2026-06-25,BZ=F,5m,0.0006064724868,0.0006395371697,0
2026-06-25,CC=F,5m,0.00223328598,0.001595332085,0.2857
2026-06-25,CL=F,5m,0.0006600215216,0.0007062534225,0
2026-06-25,COST,5m,0.000206075919,0.0002080830622,0
2026-06-25,ETHUSDT,5m,0.001907146653,0.002231619051,0
2026-06-25,EURUSD=X,5m,1.493919246e-05,1.30522653e-05,0.1263
2026-06-25,GBPUSD=X,5m,1.647683441e-05,1.538139851e-05,0.0665
2026-06-25,GC=F,5m,0.0003814948936,0.0003542314404,0.0715
2026-06-25,GOOGL,5m,0.0002911089064,0.0002830454592,0.0277
2026-06-25,HG=F,5m,0.0004144543058,0.0003012091633,0.2732
2026-06-25,JPM,5m,0.0001642231527,0.0001501737465,0.0856
2026-06-25,KC=F,5m,0.005407091469,0.0008010855522,0.8518
2026-06-25,KO,5m,0.0001044263797,8.146153817e-05,0.2199
2026-06-25,MC.PA,5m,0.000284762598,0.0003171428857,0
2026-06-25,META,5m,0.0003746272272,0.0003172243936,0.1532
2026-06-25,MSFT,5m,0.0004483908291,0.0004143765096,0.0759
2026-06-25,NG=F,5m,0.0008516572435,0.0007655087594,0.1012
2026-06-25,NVDA,5m,0.0006630321953,0.0008297342112,0
2026-06-25,NZDUSD=X,5m,4.5892544e-05,4.114778877e-05,0.1034
2026-06-25,PG,5m,0.0002571508089,0.0001957602012,0.2387
2026-06-25,SAN.PA,5m,0.0001347457882,0.0001341751366,0.0042
2026-06-25,SAP.DE,5m,0.0003232224612,0.0002843305268,0.1203
2026-06-25,SI=F,5m,0.001722972262,0.001648581578,0.0432
2026-06-25,SIE.DE,5m,0.0002313781655,0.0001889673363,0.1833
2026-06-25,SOLUSDT,5m,0.002917338876,0.00327738179,0
2026-06-25,TSLA,5m,0.0004900745073,0.0005212704245,0
2026-06-25,TTE.PA,5m,0.0001053032344,0.0001021855282,0.0296
2026-06-25,UNH,5m,0.0002010461785,0.0001744970323,0.1321
2026-06-25,USDCAD=X,5m,1.330776498e-05,1.262222148e-05,0.0515
2026-06-25,USDCHF=X,5m,2.49083635e-05,2.449300274e-05,0.0167
2026-06-25,USDJPY=X,5m,4.766526459e-06,4.750529882e-06,0.0034
2026-06-25,V,5m,0.0002146131826,0.0001833201075,0.1458
2026-06-25,XOM,5m,0.000137722099,0.0001100083505,0.2012
2026-06-25,XRPUSDT,5m,0.001905702558,0.002091284158,0
2026-06-25,ZW=F,5m,0.0002041622562,0.0001742612982,0.1465
2026-06-25,^FCHI,5m,2.855441123e-05,2.614990062e-05,0.0842
2026-06-25,^GDAXI,5m,6.996641452e-05,6.791663484e-05,0.0293
2026-06-25,^GSPC,5m,0.0001377237052,0.0001487086187,0
2026-06-25,^HSI,5m,0.0001093966169,0.000125619703,0
2026-06-25,^KS11,5m,0.0005145476062,0.0004751525602,0.0766
2026-06-25,^N225,5m,0.0001167721479,0.0001204298852,0
2026-06-25,^NDX,5m,0.0004283763771,0.0005209447956,0
2026-06-25,^STOXX50E,5m,4.867069948e-05,5.199518996e-05,0
2026-06-26,005930.KS,5m,0.002375910555,0.002630516075,0
2026-06-26,0700.HK,5m,0.0003057388558,0.0002774864234,0.0924
2026-06-26,2330.TW,5m,0.0002816264237,0.0002353632573,0.1643
2026-06-26,6758.T,5m,0.0002240900268,0.0001752276884,0.218
2026-06-26,7203.T,5m,0.0001216020707,9.405850511e-05,0.2265
2026-06-26,9984.T,5m,0.001143344951,0.0008786731798,0.2315
2026-06-26,9988.HK,5m,0.0002956417396,0.0002953418158,0.001
2026-06-26,AAPL,5m,0.0007252369052,0.000596882029,0.177
2026-06-26,AIR.PA,5m,0.0001402123753,0.0001322598879,0.0567
2026-06-26,AMZN,5m,0.0008878594064,0.0008037828019,0.0947
2026-06-26,ASML.AS,5m,0.0004900266797,0.0004334197516,0.1155
2026-06-26,AUDUSD=X,5m,2.237335069e-05,1.816528868e-05,0.1881
2026-06-26,BNBUSDT,5m,0.0009560785954,0.0008196838014,0.1427
2026-06-26,BNP.PA,5m,0.0001156021526,0.0001018841482,0.1187
2026-06-26,BTCUSDT,5m,0.001163689098,0.0009815244301,0.1565
2026-06-26,BZ=F,5m,0.0008340078661,0.0007665029114,0.0809
2026-06-26,CC=F,5m,0.001969231034,0.001255316011,0.3625
2026-06-26,CL=F,5m,0.001005287473,0.0008527253419,0.1518
2026-06-26,COST,5m,8.709549677e-05,9.186041598e-05,0
2026-06-26,ETHUSDT,5m,0.002075286417,0.001644771797,0.2074
2026-06-26,EURUSD=X,5m,1.658043174e-05,1.505609212e-05,0.0919
2026-06-26,GBPUSD=X,5m,1.405545765e-05,1.398582439e-05,0.005
2026-06-26,GC=F,5m,0.0001966185164,0.0001596056846,0.1882
2026-06-26,GOOGL,5m,0.0004876303484,0.0002735846858,0.439
2026-06-26,HG=F,5m,0.0002228381929,0.000202904894,0.0895
2026-06-26,JPM,5m,0.0001801924152,0.0001632916048,0.0938
2026-06-26,KC=F,5m,0.002666814969,0.0005858739737,0.7803
2026-06-26,KO,5m,0.0001087315042,9.529093414e-05,0.1236
2026-06-26,MC.PA,5m,0.0001425958726,0.0001276860092,0.1046
2026-06-26,META,5m,0.0001712864122,0.0001932329734,0
2026-06-26,MSFT,5m,0.0006578213384,0.0005203341626,0.209
2026-06-26,NG=F,5m,0.0008491472901,0.0007553348443,0.1105
2026-06-26,NVDA,5m,0.0003889484055,0.0003211314704,0.1744
2026-06-26,NZDUSD=X,5m,1.913961439e-05,1.807511193e-05,0.0556
2026-06-26,PG,5m,0.0001002048163,0.0001046477609,0
2026-06-26,SAN.PA,5m,0.0001648187945,0.0001579151745,0.0419
2026-06-26,SAP.DE,5m,0.0004002943364,0.0003421810022,0.1452
2026-06-26,SI=F,5m,0.001557878807,0.001357018304,0.1289
2026-06-26,SIE.DE,5m,0.0002563781242,0.0002302036652,0.1021
2026-06-26,SOLUSDT,5m,0.003081402424,0.002721974862,0.1166
2026-06-26,TSLA,5m,0.0004400924959,0.000436053095,0.0092
2026-06-26,TTE.PA,5m,0.0001258885133,0.000127484345,0
2026-06-26,UNH,5m,0.0001307357443,0.000124778544,0.0456
2026-06-26,USDCAD=X,5m,1.452225072e-05,1.526188005e-05,0
2026-06-26,USDCHF=X,5m,1.81765938e-05,1.792492519e-05,0.0138
2026-06-26,USDJPY=X,5m,3.697923246e-06,3.209682825e-06,0.132
2026-06-26,V,5m,0.0001616384984,9.537907763e-05,0.4099
2026-06-26,XOM,5m,0.0001478479452,0.0001625429721,0
2026-06-26,XRPUSDT,5m,0.001537960985,0.001399446691,0.0901
2026-06-26,ZW=F,5m,0.0002149551965,0.0001869364205,0.1303
2026-06-26,^FCHI,5m,3.370325156e-05,3.442664155e-05,0
2026-06-26,^GDAXI,5m,4.756909809e-05,4.711769728e-05,0.0095
2026-06-26,^GSPC,5m,6.404009747e-05,5.450236495e-05,0.1489
2026-06-26,^HSI,5m,9.100531102e-05,7.697166117e-05,0.1542
2026-06-26,^KS11,5m,0.00147747737,0.00158527869,0
2026-06-26,^N225,5m,0.0003478978923,0.0002906731543,0.1645
2026-06-26,^NDX,5m,0.0001832514185,0.000179704533,0.0194
2026-06-26,^STOXX50E,5m,5.149625163e-05,4.893178628e-05,0.0498
2026-06-27,BNBUSDT,5m,0.0002204662375,0.0001690843579,0.2331
2026-06-27,BTCUSDT,5m,0.0002116698724,0.0001630248965,0.2298
2026-06-27,ETHUSDT,5m,0.000408884621,0.0003346299409,0.1816
2026-06-27,SOLUSDT,5m,0.0007326329983,0.0005604432629,0.235
2026-06-27,XRPUSDT,5m,0.0004456937941,0.0003931347557,0.1179
2026-06-28,BNBUSDT,5m,0.0004008187326,0.0003314638085,0.173
2026-06-28,BTCUSDT,5m,0.0003893440204,0.0003177505465,0.1839
2026-06-28,ETHUSDT,5m,0.0006496448234,0.0005075177137,0.2188
2026-06-28,SOLUSDT,5m,0.001294086837,0.001114982197,0.1384
2026-06-28,XRPUSDT,5m,0.0006804592378,0.0005741463775,0.1562
2026-06-29,005930.KS,5m,0.0016830858,0.001737620604,0
2026-06-29,0700.HK,5m,0.0005004400146,0.0004697173124,0.0614
2026-06-29,2330.TW,5m,0.000265009004,0.0002145281305,0.1905
2026-06-29,6758.T,5m,0.0002319153719,0.0002199299038,0.0517
2026-06-29,7203.T,5m,0.0001663229941,0.0002042515146,0
2026-06-29,9984.T,5m,0.001299117844,0.001412257727,0
2026-06-29,9988.HK,5m,0.000476862789,0.0004500182113,0.0563
2026-06-29,AAPL,5m,0.0002067591099,0.0001888439154,0.0866
2026-06-29,AIR.PA,5m,9.818317356e-05,0.0001079961033,0
2026-06-29,AMZN,5m,0.0004556211522,0.0004762245245,0
2026-06-29,ASML.AS,5m,0.000642881117,0.0006124575118,0.0473
2026-06-29,AUDUSD=X,5m,1.243874948e-05,1.125073537e-05,0.0955
2026-06-29,BNBUSDT,5m,0.000678471469,0.0006032874586,0.1108
2026-06-29,BNP.PA,5m,8.259165923e-05,7.879142166e-05,0.046
2026-06-29,BTCUSDT,5m,0.0008393212905,0.00082270416,0.0198
2026-06-29,BZ=F,5m,0.0003548894999,0.0002981178226,0.16
2026-06-29,CC=F,5m,0.001537628073,0.001234117858,0.1974
2026-06-29,CL=F,5m,0.0004276730406,0.0003923683497,0.0826
2026-06-29,COST,5m,0.0002349547915,0.0001527084144,0.3501
2026-06-29,ETHUSDT,5m,0.001354050645,0.001276128395,0.0575
2026-06-29,EURUSD=X,5m,7.173757571e-06,6.543658896e-06,0.0878
2026-06-29,GBPUSD=X,5m,8.173652742e-06,7.483302601e-06,0.0845
2026-06-29,GC=F,5m,0.0001590732777,0.0001594847979,0
2026-06-29,GOOGL,5m,0.0002160710484,0.0002404943104,0
2026-06-29,HG=F,5m,0.0001520790801,0.0001321136539,0.1313
2026-06-29,JPM,5m,5.673428048e-05,4.228001601e-05,0.2548
2026-06-29,KC=F,5m,0.002443935726,0.0005536031361,0.7735
2026-06-29,KO,5m,6.721203199e-05,6.169738303e-05,0.082
2026-06-29,MC.PA,5m,0.0001323674222,0.0001188335282,0.1022
2026-06-29,META,5m,0.0002135677631,0.0001974784295,0.0753
2026-06-29,MSFT,5m,0.0002592352169,0.0003004332873,0
2026-06-29,NG=F,5m,0.0005194628191,0.0005037823447,0.0302
2026-06-29,NVDA,5m,0.0004152186203,0.0004037370629,0.0277
2026-06-29,NZDUSD=X,5m,1.191291672e-05,1.118008174e-05,0.0615
2026-06-29,PG,5m,9.877617183e-05,8.293393916e-05,0.1604
2026-06-29,SAN.PA,5m,0.0001147090223,0.0001149333563,0
2026-06-29,SAP.DE,5m,0.000302154257,0.0003266641133,0
2026-06-29,SI=F,5m,0.0007754896125,0.0006984630538,0.0993
2026-06-29,SIE.DE,5m,0.0001259464022,0.0001219409253,0.0318
2026-06-29,SOLUSDT,5m,0.002689230962,0.002748150026,0
2026-06-29,TSLA,5m,0.0006409152565,0.0005431594786,0.1525
2026-06-29,TTE.PA,5m,8.43213694e-05,8.699459178e-05,0
2026-06-29,UNH,5m,0.0001615718238,0.0001302213068,0.194
2026-06-29,USDCAD=X,5m,9.604024173e-06,1.00798647e-05,0
2026-06-29,USDCHF=X,5m,8.787109998e-06,9.285699699e-06,0
2026-06-29,USDJPY=X,5m,1.504953194e-06,1.546631094e-06,0
2026-06-29,V,5m,0.0001084849259,0.0001139627914,0
2026-06-29,XOM,5m,0.000101198464,9.741222205e-05,0.0374
2026-06-29,XRPUSDT,5m,0.001097225639,0.001114320687,0
2026-06-29,ZW=F,5m,0.0002096561496,0.0001745896233,0.1673
2026-06-29,^FCHI,5m,2.285745417e-05,2.128369549e-05,0.0689
2026-06-29,^GDAXI,5m,3.062269365e-05,2.983198531e-05,0.0258
2026-06-29,^GSPC,5m,5.463093343e-05,5.303390052e-05,0.0292
2026-06-29,^HSI,5m,0.0001200134233,0.0001213183364,0
2026-06-29,^KS11,5m,0.001156303801,0.001241977197,0
2026-06-29,^N225,5m,0.0003266619084,0.0003358792495,0
2026-06-29,^NDX,5m,0.0001698442001,0.0001412675477,0.1683
2026-06-29,^STOXX50E,5m,2.778603222e-05,2.973726033e-05,0
2026-06-30,005930.KS,5m,0.001481001467,0.00117425012,0.2071
2026-06-30,0700.HK,5m,0.0005593549768,0.0004362066259,0.2202
2026-06-30,2330.TW,5m,0.0002118019555,0.0001631775648,0.2296
2026-06-30,6758.T,5m,0.0001215684389,8.485948591e-05,0.302
2026-06-30,7203.T,5m,8.310287141e-05,4.664367105e-05,0.4387
2026-06-30,9984.T,5m,0.001423542014,0.001450705851,0
2026-06-30,9988.HK,5m,0.0005186101597,0.0003936576241,0.2409
2026-06-30,AAPL,5m,0.0001790845013,0.0001992624874,0
2026-06-30,AIR.PA,5m,0.0002284223034,0.0002292251321,0
2026-06-30,AMZN,5m,0.0002424575558,0.0002223259735,0.083
2026-06-30,ASML.AS,5m,0.0003766707857,0.0003840113906,0
2026-06-30,AUDUSD=X,5m,1.848834947e-05,1.820662815e-05,0.0152
2026-06-30,BNBUSDT,5m,0.0003353760053,0.0003551494861,0
2026-06-30,BNP.PA,5m,7.1973823e-05,6.421298904e-05,0.1078
2026-06-30,BTCUSDT,5m,0.0004938777983,0.0004853092802,0.0173
2026-06-30,BZ=F,5m,0.0003925854221,0.0003779758937,0.0372
2026-06-30,CC=F,5m,0.00184615377,0.001134302244,0.3856
2026-06-30,CL=F,5m,0.0004488944123,0.0004572254886,0
2026-06-30,COST,5m,6.50205494e-05,7.316838289e-05,0
2026-06-30,ETHUSDT,5m,0.000658315455,0.0006882497302,0
2026-06-30,EURUSD=X,5m,1.419340364e-05,1.266048745e-05,0.108
2026-06-30,GBPUSD=X,5m,1.444169888e-05,1.477586725e-05,0
2026-06-30,GC=F,5m,0.0002861661978,0.0002768790831,0.0325
2026-06-30,GOOGL,5m,0.0001288509909,0.0001357603211,0
2026-06-30,HG=F,5m,0.000324594764,0.0002466160671,0.2402
2026-06-30,JPM,5m,7.419122339e-05,7.371562311e-05,0.0064
2026-06-30,KC=F,5m,0.005892215667,0.001073322298,0.8178
2026-06-30,KO,5m,7.327266086e-05,5.971436659e-05,0.185
2026-06-30,MC.PA,5m,0.0002526587434,0.0002404571299,0.0483
2026-06-30,META,5m,0.0001399847665,0.0001364031467,0.0256
2026-06-30,MSFT,5m,0.0001475616405,0.0001424161481,0.0349
2026-06-30,NG=F,5m,0.0008215325477,0.0006266612672,0.2372
2026-06-30,NVDA,5m,0.000265314962,0.0002873682055,0
2026-06-30,NZDUSD=X,5m,1.946604387e-05,1.833138289e-05,0.0583
2026-06-30,PG,5m,0.0001141744748,9.837768862e-05,0.1384
2026-06-30,SAN.PA,5m,0.0001457297595,0.0001379626764,0.0533
2026-06-30,SAP.DE,5m,0.0002522969842,0.0002679963238,0
2026-06-30,SI=F,5m,0.001828469307,0.001563965018,0.1447
2026-06-30,SIE.DE,5m,0.000247145073,0.0002157146419,0.1272
2026-06-30,SOLUSDT,5m,0.001239212439,0.001223523788,0.0127
2026-06-30,TSLA,5m,0.0003152361764,0.0003422769364,0
2026-06-30,TTE.PA,5m,8.603072706e-05,7.050459317e-05,0.1805
2026-06-30,UNH,5m,9.723337144e-05,0.0001000454972,0
2026-06-30,USDCAD=X,5m,1.022059324e-05,9.406390504e-06,0.0797
2026-06-30,USDCHF=X,5m,1.711076452e-05,1.498201895e-05,0.1244
2026-06-30,USDJPY=X,5m,1.489353379e-05,1.23324174e-05,0.172
2026-06-30,V,5m,0.0001100309742,0.0001078960292,0.0194
2026-06-30,XOM,5m,0.0001005596345,8.682105791e-05,0.1366
2026-06-30,XRPUSDT,5m,0.0006232856634,0.0006345735512,0
2026-06-30,ZW=F,5m,0.0008145188083,0.0005684687543,0.3021
2026-06-30,^FCHI,5m,3.639928823e-05,3.407792243e-05,0.0638
2026-06-30,^GDAXI,5m,3.738635078e-05,3.755722943e-05,0
2026-06-30,^GSPC,5m,1.889759016e-05,1.783163855e-05,0.0564
2026-06-30,^HSI,5m,9.146506169e-05,9.5363578e-05,0
2026-06-30,^KS11,5m,0.0007436303639,0.000633100459,0.1486
2026-06-30,^N225,5m,0.0001904196706,0.0001614683283,0.152
2026-06-30,^NDX,5m,4.576139126e-05,4.760059816e-05,0
2026-06-30,^STOXX50E,5m,3.171515469e-05,3.062219666e-05,0.0345
2026-07-01,005930.KS,5m,0.001271460816,0.001401055172,0
2026-07-01,2330.TW,5m,0.0001292260234,8.260757998e-05,0.3608
2026-07-01,6758.T,5m,0.0003103284435,0.000231708121,0.2533
2026-07-01,7203.T,5m,7.619702095e-05,4.538715859e-05,0.4043
2026-07-01,9984.T,5m,0.00103734309,0.0002779294532,0.7321
2026-07-01,AAPL,5m,0.0001814111162,0.0001807574107,0.0036
2026-07-01,AIR.PA,5m,0.0002235977184,0.0002264458843,0
2026-07-01,AMZN,5m,0.0003934008237,0.0003151707349,0.1989
2026-07-01,ASML.AS,5m,0.0009985963264,0.001046875577,0
2026-07-01,AUDUSD=X,5m,1.860788589e-05,1.757317304e-05,0.0556
2026-07-01,BNBUSDT,5m,0.000529928785,0.0004361558168,0.177
2026-07-01,BNP.PA,5m,9.611021368e-05,7.807801832e-05,0.1876
2026-07-01,BTCUSDT,5m,0.0006734778547,0.0005851403076,0.1312
2026-07-01,BZ=F,5m,0.0003706008408,0.0003454050209,0.068
2026-07-01,CC=F,5m,0.00154305987,0.001007563202,0.347
2026-07-01,CL=F,5m,0.0003819300237,0.000376759443,0.0135
2026-07-01,COST,5m,0.0002135830379,0.0002059817283,0.0356
2026-07-01,ETHUSDT,5m,0.0009782720002,0.0007846569101,0.1979
2026-07-01,EURUSD=X,5m,1.321327732e-05,1.300401947e-05,0.0158
2026-07-01,GBPUSD=X,5m,1.307662517e-05,1.338795218e-05,0
2026-07-01,GC=F,5m,0.0002848232149,0.0002848874729,0
2026-07-01,GOOGL,5m,0.0001799544861,0.0001957169372,0
2026-07-01,HG=F,5m,0.0002927123714,0.0002548612735,0.1293
2026-07-01,JPM,5m,0.0001397959675,0.0001199156085,0.1422
2026-07-01,KC=F,5m,0.007539363018,0.002442182984,0.6761
2026-07-01,KO,5m,9.383958494e-05,9.188498434e-05,0.0208
2026-07-01,MC.PA,5m,0.0001836653971,0.0001526803481,0.1687
2026-07-01,META,5m,0.001113770198,0.0009402524491,0.1558
2026-07-01,MSFT,5m,0.0002912826543,0.0002481527274,0.1481
2026-07-01,NG=F,5m,0.0007923332251,0.0007348148067,0.0726
2026-07-01,NVDA,5m,0.0001818200518,0.000191754735,0
2026-07-01,NZDUSD=X,5m,1.822371083e-05,1.896749578e-05,0
2026-07-01,PG,5m,7.108140732e-05,5.917072247e-05,0.1676
2026-07-01,SAN.PA,5m,0.0001625796652,0.0001609338468,0.0101
2026-07-01,SAP.DE,5m,0.0002537446141,0.0002291678314,0.0969
2026-07-01,SI=F,5m,0.001116104061,0.001012220952,0.0931
2026-07-01,SIE.DE,5m,0.0002194262968,0.0002192088705,0.001
2026-07-01,SOLUSDT,5m,0.001401995092,0.001303837043,0.07
2026-07-01,TSLA,5m,0.0004579567427,0.000391984518,0.1441
2026-07-01,TTE.PA,5m,0.0001061955524,0.0001079079043,0
2026-07-01,UNH,5m,0.0001997679876,0.0001547930385,0.2251
2026-07-01,USDCAD=X,5m,1.115554188e-05,1.049192731e-05,0.0595
2026-07-01,USDCHF=X,5m,2.564216893e-05,2.186695451e-05,0.1472
2026-07-01,USDJPY=X,5m,6.563579707e-06,6.47375621e-06,0.0137
2026-07-01,V,5m,0.0001575806445,0.0001629812173,0
2026-07-01,XOM,5m,0.000117706164,0.0001000473464,0.15
2026-07-01,XRPUSDT,5m,0.0006417955433,0.0005888274623,0.0825
2026-07-01,ZW=F,5m,0.0003298317471,0.0002515165796,0.2374
2026-07-01,^FCHI,5m,2.756572347e-05,2.776523642e-05,0
2026-07-01,^GDAXI,5m,3.999348006e-05,3.476999763e-05,0.1306
2026-07-01,^GSPC,5m,1.772275136e-05,1.845861761e-05,0
2026-07-01,^KS11,5m,0.0009005211603,0.0008976683136,0.0032
2026-07-01,^N225,5m,0.0001745545258,0.0001878029459,0
2026-07-01,^NDX,5m,5.48339557e-05,6.424731594e-05,0
2026-07-01,^STOXX50E,5m,3.816241496e-05,3.374134343e-05,0.1158
2026-07-02,005930.KS,5m,0.001344389589,0.001185121545,0.1185
2026-07-02,0700.HK,5m,0.0003808607634,0.0004156601937,0
2026-07-02,2330.TW,5m,0.0001608236249,0.0001167012763,0.2744
2026-07-02,6758.T,5m,0.0002482908787,0.0002266808646,0.087
2026-07-02,7203.T,5m,9.136577666e-05,8.480605333e-05,0.0718
2026-07-02,9984.T,5m,0.001087779986,0.00110704285,0
2026-07-02,9988.HK,5m,0.0003592347171,0.0004079377523,0
2026-07-02,AAPL,5m,0.0002817980062,0.0002318164312,0.1774
2026-07-02,AIR.PA,5m,0.0001450394133,0.0001273483398,0.122
2026-07-02,AMZN,5m,0.0003447218715,0.0003483804623,0
2026-07-02,ASML.AS,5m,0.0009250221101,0.0009631088931,0
2026-07-02,AUDUSD=X,5m,5.097510224e-05,4.523902577e-05,0.1125
2026-07-02,BNBUSDT,5m,0.0004475989939,0.0004469159277,0.0015
2026-07-02,BNP.PA,5m,7.081887221e-05,6.638578711e-05,0.0626
2026-07-02,BTCUSDT,5m,0.0005167341947,0.0004789804862,0.0731
2026-07-02,BZ=F,5m,0.0002950257467,0.0002980266212,0
2026-07-02,CC=F,5m,0.001723495651,0.0007104909239,0.5878
2026-07-02,CL=F,5m,0.0003210455499,0.0003129779255,0.0251
2026-07-02,COST,5m,0.000185979419,0.0001699944629,0.086
2026-07-02,ETHUSDT,5m,0.001015087501,0.0008714004208,0.1416
2026-07-02,EURUSD=X,5m,2.911626335e-05,2.103653957e-05,0.2775
2026-07-02,GBPUSD=X,5m,3.253328851e-05,2.524875866e-05,0.2239
2026-07-02,GC=F,5m,0.0004546567395,0.0002973649646,0.346
2026-07-02,GOOGL,5m,0.0002542530348,0.0002346861457,0.077
2026-07-02,HG=F,5m,0.0002647134441,0.0002289729572,0.135
2026-07-02,JPM,5m,0.0001086164039,8.213651868e-05,0.2438
2026-07-02,KC=F,5m,0.006654789519,0.001287616024,0.8065
2026-07-02,KO,5m,0.0002001541555,0.0001766199538,0.1176
2026-07-02,MC.PA,5m,0.0003296229031,0.0002842052192,0.1378
2026-07-02,META,5m,0.0002652562981,0.0002528308587,0.0468
2026-07-02,MSFT,5m,0.0002847914773,0.0003172379807,0
2026-07-02,NG=F,5m,0.0004306983459,0.0003903133811,0.0938
2026-07-02,NVDA,5m,0.0003518758168,0.0003576918853,0
2026-07-02,NZDUSD=X,5m,5.682203862e-05,5.057842932e-05,0.1099
2026-07-02,PG,5m,0.0002170595882,0.0002202604104,0
2026-07-02,SAN.PA,5m,0.0001971066654,0.000178272491,0.0956
2026-07-02,SAP.DE,5m,0.0007104740474,0.0005871966013,0.1735
2026-07-02,SI=F,5m,0.001672393057,0.0009652767172,0.4228
2026-07-02,SIE.DE,5m,0.0002422249261,0.0002525502869,0
2026-07-02,SOLUSDT,5m,0.001278849469,0.001284261422,0
2026-07-02,TSLA,5m,0.001145067053,0.001127164136,0.0156
2026-07-02,TTE.PA,5m,0.0001072731693,0.0001116661095,0
2026-07-02,UNH,5m,0.0001469439256,0.0001382928388,0.0589
2026-07-02,USDCAD=X,5m,2.175837909e-05,1.936777098e-05,0.1099
2026-07-02,USDCHF=X,5m,4.844872059e-05,3.89759612e-05,0.1955
2026-07-02,USDJPY=X,5m,6.595560433e-05,3.412366213e-05,0.4826
2026-07-02,V,5m,7.929043291e-05,5.278618202e-05,0.3343
2026-07-02,XOM,5m,0.0002116811942,0.0002712007624,0
2026-07-02,XRPUSDT,5m,0.00074565405,0.0007054826388,0.0539
2026-07-02,ZW=F,5m,0.0002120835929,0.0001759643747,0.1703
2026-07-02,^FCHI,5m,3.59101797e-05,3.255826088e-05,0.0933
2026-07-02,^GDAXI,5m,4.729434356e-05,4.85800081e-05,0
2026-07-02,^GSPC,5m,6.687743484e-05,7.056489693e-05,0
2026-07-02,^HSI,5m,0.0001494675857,0.0001350255934,0.0966
2026-07-02,^KS11,5m,0.001034322644,0.0009655346803,0.0665
2026-07-02,^N225,5m,0.0001734789417,0.0001734445172,0.0002
2026-07-02,^NDX,5m,0.0002175885603,0.0002246115985,0
2026-07-02,^STOXX50E,5m,3.844551189e-05,3.65770947e-05,0.0486
2026-07-03,005930.KS,5m,0.003802635666,0.004197110787,0
2026-07-03,0700.HK,5m,0.0003119839608,0.0002450585207,0.2145
2026-07-03,2330.TW,5m,0.0001095295649,7.281663558e-05,0.3352
2026-07-03,6758.T,5m,0.0003126998859,0.0002391093218,0.2353
2026-07-03,7203.T,5m,0.0001116483566,0.0001051260084,0.0584
2026-07-03,9984.T,5m,0.001007983844,0.001076272965,0
2026-07-03,9988.HK,5m,0.0002607444218,0.0002047903711,0.2146
2026-07-03,AIR.PA,5m,0.0001244510305,0.000128857307,0
2026-07-03,ASML.AS,5m,0.0001428332009,0.0001292267094,0.0953
2026-07-03,AUDUSD=X,5m,8.815408468e-06,8.552431312e-06,0.0298
2026-07-03,BNBUSDT,5m,0.0002634472411,0.0002452517255,0.0691
2026-07-03,BNP.PA,5m,9.712825839e-05,7.731891796e-05,0.204
2026-07-03,BTCUSDT,5m,0.000286867171,0.0002403360145,0.1622
2026-07-03,ETHUSDT,5m,0.0006693088696,0.0005970801674,0.1079
2026-07-03,EURUSD=X,5m,6.056104979e-06,5.560420091e-06,0.0818
2026-07-03,GBPUSD=X,5m,6.849355407e-06,7.110822263e-06,0
2026-07-03,MC.PA,5m,0.0001136584222,0.0001165734975,0
2026-07-03,NZDUSD=X,5m,9.765665673e-06,8.789111885e-06,0.1
2026-07-03,SAN.PA,5m,7.266639106e-05,6.827769426e-05,0.0604
2026-07-03,SAP.DE,5m,0.0001757717137,0.000159077043,0.095
2026-07-03,SIE.DE,5m,9.712188704e-05,0.0001053557902,0
2026-07-03,SOLUSDT,5m,0.0006646823115,0.0006226734155,0.0632
2026-07-03,TTE.PA,5m,4.495195558e-05,4.017539841e-05,0.1063
2026-07-03,USDCAD=X,5m,7.878699811e-06,7.725280477e-06,0.0195
2026-07-03,USDCHF=X,5m,9.373396807e-06,9.110144323e-06,0.0281
2026-07-03,USDJPY=X,5m,1.633607702e-05,1.442640489e-05,0.1169
2026-07-03,XRPUSDT,5m,0.0007691014246,0.0007790882728,0
2026-07-03,^FCHI,5m,1.745287858e-05,1.526758912e-05,0.1252
2026-07-03,^GDAXI,5m,2.388559403e-05,2.438158634e-05,0
2026-07-03,^HSI,5m,6.881845602e-05,5.740610644e-05,0.1658
2026-07-03,^KS11,5m,0.002691024646,0.002926779606,0
2026-07-03,^N225,5m,0.000276364273,0.0002535395203,0.0826
2026-07-03,^STOXX50E,5m,1.856350271e-05,1.90052952e-05,0
2026-07-04,BNBUSDT,5m,0.0002100030138,0.0001840390918,0.1236
2026-07-04,BTCUSDT,5m,0.0001888564187,0.0001492681691,0.2096
2026-07-04,ETHUSDT,5m,0.0004425220875,0.0003617430479,0.1825
2026-07-04,SOLUSDT,5m,0.0005712545881,0.0005440409106,0.0476
2026-07-04,XRPUSDT,5m,0.0009360052171,0.0009088350864,0.029
2026-07-05,BNBUSDT,5m,0.0004524838669,0.0004565741535,0
2026-07-05,BTCUSDT,5m,0.0001871406854,0.0001652610572,0.1169
2026-07-05,ETHUSDT,5m,0.0003814541386,0.0003620681175,0.0508
2026-07-05,SOLUSDT,5m,0.0004682909488,0.0004366084447,0.0677
2026-07-05,XRPUSDT,5m,0.0005104675606,0.0004721284224,0.0751
2026-07-06,005930.KS,5m,0.002337998929,0.00238167346,0
2026-07-06,0700.HK,5m,0.001079192429,0.0009926737404,0.0802
2026-07-06,2330.TW,5m,0.0002080945203,0.0001862713381,0.1049
2026-07-06,6758.T,5m,0.0001381604711,0.0001081715541,0.2171
2026-07-06,7203.T,5m,0.0002007187478,0.000169923705,0.1534
2026-07-06,9984.T,5m,0.0004724055357,0.0004540289537,0.0389
2026-07-06,9988.HK,5m,0.0007325728504,0.0006246402095,0.1473
2026-07-06,AAPL,5m,7.596461641e-05,7.929949974e-05,0
2026-07-06,AIR.PA,5m,0.0001320014887,0.0001421792345,0
2026-07-06,AMZN,5m,0.0001514647464,0.0001325677352,0.1248
2026-07-06,ASML.AS,5m,0.0003660557207,0.0003647342807,0.0036
2026-07-06,AUDUSD=X,5m,1.157347807e-05,1.015290907e-05,0.1227
2026-07-06,BNBUSDT,5m,0.0005549898127,0.00050936833,0.0822
2026-07-06,BNP.PA,5m,5.332912931e-05,4.440720524e-05,0.1673
2026-07-06,BTCUSDT,5m,0.0007762859678,0.0005970306805,0.2309
2026-07-06,BZ=F,5m,0.001767681404,0.001329777988,0.2477
2026-07-06,CC=F,5m,0.001444327599,0.0008826678414,0.3889
2026-07-06,CL=F,5m,0.0006895171893,0.0006075880119,0.1188
2026-07-06,COST,5m,0.0001084993554,9.607145056e-05,0.1145
2026-07-06,ETHUSDT,5m,0.001159734211,0.0008999876315,0.224
2026-07-06,EURUSD=X,5m,6.832460235e-06,6.443556134e-06,0.0569
2026-07-06,GBPUSD=X,5m,7.991300808e-06,7.609340212e-06,0.0478
2026-07-06,GC=F,5m,0.0001413505896,0.0001391339686,0.0157
2026-07-06,GOOGL,5m,0.0001354159331,0.0001244707509,0.0808
2026-07-06,HG=F,5m,0.0004912286822,0.0004376811738,0.109
2026-07-06,JPM,5m,8.808463177e-05,6.92421585e-05,0.2139
2026-07-06,KC=F,5m,0.007897862766,0.002662943788,0.6628
2026-07-06,KO,5m,0.0001250583505,0.0001467868362,0
2026-07-06,MC.PA,5m,0.0001526270921,9.943460329e-05,0.3485
2026-07-06,META,5m,0.0003600125051,0.0002506000158,0.3039
2026-07-06,MSFT,5m,0.000309986947,0.0002613513329,0.1569
2026-07-06,NG=F,5m,0.003296759439,0.002916600023,0.1153
2026-07-06,NVDA,5m,0.000153715645,0.0001450345737,0.0565
2026-07-06,NZDUSD=X,5m,1.633424063e-05,1.375007594e-05,0.1582
2026-07-06,PG,5m,0.000168416703,0.0001524336996,0.0949
2026-07-06,SAN.PA,5m,0.0002024045642,0.0001827575283,0.0971
2026-07-06,SAP.DE,5m,0.000193388974,0.0001847523352,0.0447
2026-07-06,SI=F,5m,0.001926460625,0.001661144058,0.1377
2026-07-06,SIE.DE,5m,7.211609632e-05,6.635122401e-05,0.0799
2026-07-06,SOLUSDT,5m,0.001316559922,0.001263936463,0.04
2026-07-06,TSLA,5m,0.0005605949962,0.0005920475963,0
2026-07-06,TTE.PA,5m,5.354219413e-05,4.984364527e-05,0.0691
2026-07-06,UNH,5m,0.0001822494909,0.0001776417187,0.0253
2026-07-06,USDCAD=X,5m,9.2506538e-06,9.365598664e-06,0
2026-07-06,USDCHF=X,5m,1.185704187e-05,1.250421101e-05,0
2026-07-06,USDJPY=X,5m,6.356534585e-06,5.826587645e-06,0.0834
2026-07-06,V,5m,0.0003897161842,0.0003014541914,0.2265
2026-07-06,XOM,5m,0.000112365544,8.657708483e-05,0.2295
2026-07-06,XRPUSDT,5m,0.001154266442,0.0009936732371,0.1391
2026-07-06,ZW=F,5m,0.0002043759665,0.0001765794094,0.136
2026-07-06,^FCHI,5m,1.991038981e-05,1.942688884e-05,0.0243
2026-07-06,^GDAXI,5m,1.866044651e-05,1.721306131e-05,0.0776
2026-07-06,^GSPC,5m,1.033907742e-05,8.820950242e-06,0.1468
2026-07-06,^HSI,5m,0.0001520846936,0.000135811632,0.107
2026-07-06,^KS11,5m,0.001695814243,0.001724198534,0
2026-07-06,^N225,5m,0.000267953963,0.0002796335339,0
2026-07-06,^NDX,5m,4.552072568e-05,4.334697012e-05,0.0478
2026-07-06,^STOXX50E,5m,1.659802159e-05,1.708520843e-05,0
2026-07-07,005930.KS,5m,0.001941266905,0.001783453509,0.0813
2026-07-07,0700.HK,5m,0.000442406132,0.0005333171989,0
2026-07-07,2330.TW,5m,0.0002697363852,0.0002436732793,0.0966
2026-07-07,6758.T,5m,0.0002106603212,0.000194250583,0.0779
2026-07-07,7203.T,5m,0.0001830198162,0.000203192235,0
2026-07-07,9984.T,5m,0.0006830009335,0.0006913203073,0
2026-07-07,9988.HK,5m,0.0008460562957,0.0008846691865,0
2026-07-07,AAPL,5m,0.0001287871297,0.0001226640295,0.0475
2026-07-07,AIR.PA,5m,0.0002394727638,0.0002350697428,0.0184
2026-07-07,AMZN,5m,0.0002878145759,0.0003160482609,0
2026-07-07,ASML.AS,5m,0.0005606371557,0.0005697254898,0
2026-07-07,AUDUSD=X,5m,1.495822718e-05,1.457107385e-05,0.0259
2026-07-07,BNBUSDT,5m,0.0003177724566,0.0002764667555,0.13
2026-07-07,BNP.PA,5m,0.0001514163765,0.0001155702998,0.2367
2026-07-07,BTCUSDT,5m,0.0004528563554,0.000410455744,0.0936
2026-07-07,BZ=F,5m,0.0005412638203,0.0005763068254,0
2026-07-07,CC=F,5m,0.002111893278,0.001780693664,0.1568
2026-07-07,CL=F,5m,0.0006293216392,0.0006601057431,0
2026-07-07,COST,5m,0.0002008875422,0.0002199041151,0
2026-07-07,ETHUSDT,5m,0.0007016591595,0.0006734284669,0.0402
2026-07-07,EURUSD=X,5m,7.891297401e-06,7.716820482e-06,0.0221
2026-07-07,GBPUSD=X,5m,9.297415632e-06,9.302401942e-06,0
2026-07-07,GC=F,5m,0.0001599941192,0.0001673952055,0
2026-07-07,GOOGL,5m,0.0001616029355,0.0001227377402,0.2405
2026-07-07,HG=F,5m,0.0001937962962,0.0001808961037,0.0666
2026-07-07,JPM,5m,5.09483439e-05,5.139748642e-05,0
2026-07-07,KC=F,5m,0.00279962297,0.001347036625,0.5189
2026-07-07,KO,5m,0.0002244664375,0.0002377689391,0
2026-07-07,MC.PA,5m,0.000205463588,0.0001940518355,0.0555
2026-07-07,META,5m,0.0004394273406,0.0004679539502,0
2026-07-07,MSFT,5m,0.0002784415359,0.0002904334738,0
2026-07-07,NG=F,5m,0.0007960721559,0.0006117852965,0.2315
2026-07-07,NVDA,5m,0.0002555665122,0.0002441763335,0.0446
2026-07-07,NZDUSD=X,5m,2.071933258e-05,2.007713401e-05,0.031
2026-07-07,PG,5m,0.0001754839551,0.0001981800364,0
2026-07-07,SAN.PA,5m,0.0001427519503,0.0001389725146,0.0265
2026-07-07,SAP.DE,5m,0.0002308596447,0.0002117388659,0.0828
2026-07-07,SI=F,5m,0.0007531787231,0.0007267634611,0.0351
2026-07-07,SIE.DE,5m,0.0001841887348,0.000192984011,0
2026-07-07,SOLUSDT,5m,0.0007957826963,0.0007575871866,0.048
2026-07-07,TSLA,5m,0.000421742003,0.0003872905478,0.0817
2026-07-07,TTE.PA,5m,0.0001106757765,0.0001030180254,0.0692
2026-07-07,UNH,5m,0.0001189463181,9.218802223e-05,0.225
2026-07-07,USDCAD=X,5m,1.016274095e-05,1.033325037e-05,0
2026-07-07,USDCHF=X,5m,1.495164672e-05,1.368696476e-05,0.0846
2026-07-07,USDJPY=X,5m,1.10825105e-05,1.096593842e-05,0.0105
2026-07-07,V,5m,0.0002954162807,0.0002504669991,0.1522
2026-07-07,XOM,5m,0.0001768825615,0.0001441529334,0.185
2026-07-07,XRPUSDT,5m,0.0005795679862,0.0005456565595,0.0585
2026-07-07,ZW=F,5m,0.0002140106321,0.0001904206514,0.1102
2026-07-07,^FCHI,5m,2.790984651e-05,2.758471292e-05,0.0116
2026-07-07,^GDAXI,5m,3.135074694e-05,3.257443251e-05,0
2026-07-07,^GSPC,5m,1.903723471e-05,2.075651354e-05,0
2026-07-07,^HSI,5m,0.0001102082497,0.0001151693918,0
2026-07-07,^KS11,5m,0.001253643661,0.001139363107,0.0912
2026-07-07,^N225,5m,0.0001624271727,0.000168912623,0
2026-07-07,^NDX,5m,8.608478257e-05,8.086328838e-05,0.0607
2026-07-07,^STOXX50E,5m,2.13673155e-05,2.272901216e-05,0
2026-07-08,005930.KS,5m,0.003261625767,0.003197083352,0.0198
2026-07-08,0700.HK,5m,0.0008175490511,0.0006668953472,0.1843
2026-07-08,2330.TW,5m,0.0001935595026,0.0001388152805,0.2828
2026-07-08,6758.T,5m,0.0005502283054,0.0004876839883,0.1137
2026-07-08,7203.T,5m,0.0001217550383,9.447815355e-05,0.224
2026-07-08,9984.T,5m,0.001075675365,0.001188849772,0
2026-07-08,9988.HK,5m,0.001744080245,0.001591188342,0.0877
2026-07-08,AAPL,5m,0.0001462838117,0.0001447532075,0.0105
2026-07-08,AIR.PA,5m,0.000268755838,0.0002542092119,0.0541
2026-07-08,AMZN,5m,0.0002088263715,0.0002001967028,0.0413
2026-07-08,ASML.AS,5m,0.000668304353,0.00056520624,0.1543
2026-07-08,AUDUSD=X,5m,3.971065469e-05,3.010108441e-05,0.242
2026-07-08,BNBUSDT,5m,0.0004456728115,0.00040873624,0.0829
2026-07-08,BNP.PA,5m,0.0003107728531,0.0002638720818,0.1509
2026-07-08,BTCUSDT,5m,0.0004961095602,0.0004457912134,0.1014
2026-07-08,BZ=F,5m,0.00138841731,0.001048673382,0.2447
2026-07-08,CC=F,5m,0.002219330056,0.001450315303,0.3465
2026-07-08,CL=F,5m,0.001485332951,0.001146408947,0.2282
2026-07-08,COST,5m,0.0002022002773,0.0001960783606,0.0303
2026-07-08,ETHUSDT,5m,0.0007103647477,0.0006777640338,0.0459
2026-07-08,EURUSD=X,5m,1.330039977e-05,1.123270738e-05,0.1555
2026-07-08,GBPUSD=X,5m,1.658898454e-05,1.507989239e-05,0.091
2026-07-08,GC=F,5m,0.0003128049967,0.0002575948177,0.1765
2026-07-08,GOOGL,5m,0.0001361209619,0.0001418791218,0
2026-07-08,HG=F,5m,0.0002135951689,0.000197707801,0.0744
2026-07-08,JPM,5m,0.0001101553736,9.813834894e-05,0.1091
2026-07-08,KC=F,5m,0.003528990531,0.001506868831,0.573
2026-07-08,KO,5m,0.0001379409511,0.000136421626,0.011
2026-07-08,MC.PA,5m,0.000339534386,0.0003037303145,0.1055
2026-07-08,META,5m,0.0001803793403,0.0001325859927,0.265
2026-07-08,MSFT,5m,0.0001164623571,0.0001024580892,0.1202
2026-07-08,NG=F,5m,0.0006075386231,0.0005584260215,0.0808
2026-07-08,NVDA,5m,0.0004227653004,0.0004146888144,0.0191
2026-07-08,NZDUSD=X,5m,6.635969094e-05,5.505122972e-05,0.1704
2026-07-08,PG,5m,0.0001417978364,0.000141500983,0.0021
2026-07-08,SAN.PA,5m,0.0001013885511,9.518402009e-05,0.0612
2026-07-08,SAP.DE,5m,0.0002495325477,0.0002741989144,0
2026-07-08,SI=F,5m,0.001274678894,0.001131845348,0.1121
2026-07-08,SIE.DE,5m,0.0002423726995,0.0002345382597,0.0323
2026-07-08,SOLUSDT,5m,0.0008485746295,0.0007304129075,0.1392
2026-07-08,TSLA,5m,0.0003347827742,0.0003784055903,0
2026-07-08,TTE.PA,5m,0.0004386068535,0.0004363546219,0.0051
2026-07-08,UNH,5m,0.0001683138631,0.0001676810103,0.0038
2026-07-08,USDCAD=X,5m,1.161122635e-05,1.129674216e-05,0.0271
2026-07-08,USDCHF=X,5m,2.194980331e-05,2.09139329e-05,0.0472
2026-07-08,USDJPY=X,5m,6.957585217e-06,6.96980408e-06,0
2026-07-08,V,5m,0.0001338261528,0.0001383123291,0
2026-07-08,XOM,5m,0.0002607326874,0.0002436160425,0.0656
2026-07-08,XRPUSDT,5m,0.0005825546148,0.0005715922476,0.0188
2026-07-08,ZW=F,5m,0.0002684467076,0.0002280943235,0.1503
2026-07-08,^FCHI,5m,7.738794083e-05,7.026812527e-05,0.092
2026-07-08,^GDAXI,5m,9.904438913e-05,9.729621042e-05,0.0177
2026-07-08,^GSPC,5m,2.886649204e-05,2.596982142e-05,0.1003
2026-07-08,^HSI,5m,0.0001196727047,0.0001020716359,0.1471
2026-07-08,^KS11,5m,0.002449222451,0.002461874137,0
2026-07-08,^N225,5m,0.0002653788161,0.000271590023,0
2026-07-08,^NDX,5m,9.090636051e-05,8.374215248e-05,0.0788
2026-07-08,^STOXX50E,5m,9.310461579e-05,8.782673521e-05,0.0567
2026-07-09,005930.KS,5m,0.002501887471,0.002144556468,0.1428
2026-07-09,0700.HK,5m,0.0008155294161,0.0006423612996,0.2123
2026-07-09,2330.TW,5m,0.0002018018273,0.0002178454254,0
2026-07-09,6758.T,5m,0.0001426360138,0.0001529827668,0
2026-07-09,7203.T,5m,6.632699968e-05,6.104040851e-05,0.0797
2026-07-09,9984.T,5m,0.0009891679971,0.0009571611377,0.0324
2026-07-09,9988.HK,5m,0.001273269208,0.001365828754,0
2026-07-09,AAPL,5m,0.0001182076386,0.0001343776527,0
2026-07-09,AIR.PA,5m,0.0001598820003,0.0001305091556,0.1837
2026-07-09,AMZN,5m,0.000253809964,0.0002534043909,0.0016
2026-07-09,ASML.AS,5m,0.0003151308086,0.0003399499771,0
2026-07-09,AUDUSD=X,5m,1.283775533e-05,1.195766473e-05,0.0686
2026-07-09,BNBUSDT,5m,0.0002879103193,0.0002627453752,0.0874
2026-07-09,BNP.PA,5m,9.032401231e-05,7.941928805e-05,0.1207
2026-07-09,BTCUSDT,5m,0.0004524136936,0.0003901657353,0.1376
2026-07-09,BZ=F,5m,0.0008126900346,0.0008185392539,0
2026-07-09,CC=F,5m,0.002098703741,0.001842788298,0.1219
2026-07-09,CL=F,5m,0.000814098681,0.0007887809879,0.0311
2026-07-09,COST,5m,0.0001503951805,0.0001214475256,0.1925
2026-07-09,ETHUSDT,5m,0.0005250399071,0.000454259986,0.1348
2026-07-09,EURUSD=X,5m,9.584406388e-06,7.948469944e-06,0.1707
2026-07-09,GBPUSD=X,5m,1.040969497e-05,9.564574309e-06,0.0812
2026-07-09,GC=F,5m,0.00013770066,0.0001306271409,0.0514
2026-07-09,GOOGL,5m,0.0002457343671,0.000176244623,0.2828
2026-07-09,HG=F,5m,0.0001344565825,0.0001461212182,0
2026-07-09,JPM,5m,8.900976714e-05,8.199683689e-05,0.0788
2026-07-09,KC=F,5m,0.003558045256,0.002113026361,0.4061
2026-07-09,KO,5m,0.0001244869844,8.956600118e-05,0.2805
2026-07-09,MC.PA,5m,0.0001303057058,0.0001198423532,0.0803
2026-07-09,META,5m,0.0007226805469,0.0006779759559,0.0619
2026-07-09,MSFT,5m,0.0001361929504,0.000110993428,0.185
2026-07-09,NG=F,5m,0.0007671841067,0.0007282086696,0.0508
2026-07-09,NVDA,5m,0.0002700458641,0.0002680359435,0.0074
2026-07-09,NZDUSD=X,5m,2.079714467e-05,1.972369254e-05,0.0516
2026-07-09,PG,5m,9.94281262e-05,0.0001029620777,0
2026-07-09,SAN.PA,5m,0.000539855842,0.0005149321157,0.0462
2026-07-09,SAP.DE,5m,0.0003080011193,0.0002631319353,0.1457
2026-07-09,SI=F,5m,0.0005054655632,0.0005123945239,0
2026-07-09,SIE.DE,5m,0.0001407478865,0.0001419850274,0
2026-07-09,SOLUSDT,5m,0.0007037132373,0.0006800648738,0.0336
2026-07-09,TSLA,5m,0.000501686111,0.000495529534,0.0123
2026-07-09,TTE.PA,5m,7.76868885e-05,7.038733267e-05,0.094
2026-07-09,UNH,5m,0.0001333245333,0.0001324446461,0.0066
2026-07-09,USDCAD=X,5m,8.660343959e-06,8.74981673e-06,0
2026-07-09,USDCHF=X,5m,1.926521151e-05,1.790310221e-05,0.0707
2026-07-09,USDJPY=X,5m,3.84247189e-06,3.930972894e-06,0
2026-07-09,V,5m,9.912494398e-05,8.843303738e-05,0.1079
2026-07-09,XOM,5m,8.212869827e-05,7.084769135e-05,0.1374
2026-07-09,XRPUSDT,5m,0.0004548158378,0.0004164213914,0.0844
2026-07-09,ZW=F,5m,0.0002468820701,0.000222737686,0.0978
2026-07-09,^FCHI,5m,2.540649793e-05,2.461672692e-05,0.0311
2026-07-09,^GDAXI,5m,3.718628224e-05,3.36969144e-05,0.0938
2026-07-09,^GSPC,5m,1.937551891e-05,1.787291503e-05,0.0776
2026-07-09,^HSI,5m,0.0001513134953,0.0001092536876,0.278
2026-07-09,^KS11,5m,0.001803612225,0.001735631661,0.0377
2026-07-09,^N225,5m,0.0002328872089,0.0002128582254,0.086
2026-07-09,^NDX,5m,6.874875806e-05,5.981678756e-05,0.1299
2026-07-09,^STOXX50E,5m,2.832740649e-05,2.735167415e-05,0.0344
2026-07-10,005930.KS,5m,0.001271306803,0.001199802172,0.0562
2026-07-10,0700.HK,5m,0.0007524597583,0.0006749589747,0.103
2026-07-10,6758.T,5m,0.0001244061969,7.382575686e-05,0.4066
2026-07-10,7203.T,5m,8.617775677e-05,8.919922844e-05,0
2026-07-10,9984.T,5m,0.0009878797256,0.0005986777383,0.394
2026-07-10,9988.HK,5m,0.0009345041907,0.0008521444873,0.0881
2026-07-10,AAPL,5m,5.95745976e-05,4.903748104e-05,0.1769
2026-07-10,AIR.PA,5m,0.0001323656668,0.0001436367223,0
2026-07-10,AMZN,5m,0.000172352538,0.0001782302311,0
2026-07-10,ASML.AS,5m,0.0004299843544,0.0003738613311,0.1305
2026-07-10,AUDUSD=X,5m,1.319074942e-05,1.260824307e-05,0.0442
2026-07-10,BNBUSDT,5m,0.0002127500242,0.0001715187949,0.1938
2026-07-10,BNP.PA,5m,7.692824798e-05,6.835771998e-05,0.1114
2026-07-10,BTCUSDT,5m,0.0002545057353,0.0002290584059,0.1
2026-07-10,BZ=F,5m,0.0005332935746,0.0004801509313,0.0996
2026-07-10,CC=F,5m,0.002489087145,0.002036795732,0.1817
2026-07-10,CL=F,5m,0.0005586740479,0.0005065188896,0.0934
2026-07-10,COST,5m,6.464048171e-05,6.750671777e-05,0
2026-07-10,ETHUSDT,5m,0.0005097632761,0.0003767711141,0.2609
2026-07-10,EURUSD=X,5m,7.141928162e-06,6.964858027e-06,0.0248
2026-07-10,GBPUSD=X,5m,8.785957667e-06,8.247374093e-06,0.0613
2026-07-10,GC=F,5m,0.0001383665418,0.0001247276602,0.0986
2026-07-10,GOOGL,5m,7.263258745e-05,6.4912193e-05,0.1063
2026-07-10,HG=F,5m,0.0001209496366,0.00011472642,0.0515
2026-07-10,JPM,5m,0.0001033902825,8.736965689e-05,0.155
2026-07-10,KC=F,5m,0.004336365322,0.001134769222,0.7383
2026-07-10,KO,5m,6.373091328e-05,5.799498344e-05,0.09
2026-07-10,MC.PA,5m,0.0001380293876,0.0001259700058,0.0874
2026-07-10,META,5m,0.0006807859396,0.0007166067054,0
2026-07-10,MSFT,5m,0.0001476652524,0.0001244402415,0.1573
2026-07-10,NG=F,5m,0.0006780411375,0.0006898605118,0
2026-07-10,NVDA,5m,0.0004376372401,0.0004195005213,0.0414
2026-07-10,NZDUSD=X,5m,1.711818086e-05,1.727164499e-05,0
2026-07-10,PG,5m,0.000106031405,0.0001241677868,0
2026-07-10,SAN.PA,5m,0.0001540907425,0.0001451484792,0.058
2026-07-10,SAP.DE,5m,0.0002264911153,0.0002493314761,0
2026-07-10,SI=F,5m,0.0005671087179,0.0005461611396,0.0369
2026-07-10,SIE.DE,5m,0.000120502687,0.0001023450338,0.1507
2026-07-10,SOLUSDT,5m,0.0005183160514,0.0004144879792,0.2003
2026-07-10,TSLA,5m,0.0004859967558,0.0004560360581,0.0616
2026-07-10,TTE.PA,5m,6.846885083e-05,5.700986735e-05,0.1674
2026-07-10,UNH,5m,0.0001291543411,0.0001240651609,0.0394
2026-07-10,USDCAD=X,5m,9.247161472e-06,9.21718729e-06,0.0032
2026-07-10,USDCHF=X,5m,1.304609816e-05,1.276999552e-05,0.0212
2026-07-10,USDJPY=X,5m,1.907445741e-05,1.980359189e-05,0
2026-07-10,V,5m,0.0001073653166,9.233818682e-05,0.14
2026-07-10,XOM,5m,8.712496006e-05,7.71941475e-05,0.114
2026-07-10,XRPUSDT,5m,0.0003515781231,0.000280689837,0.2016
2026-07-10,ZW=F,5m,0.0004918585368,0.0004279680671,0.1299
2026-07-10,^FCHI,5m,3.626852918e-05,3.317982997e-05,0.0852
2026-07-10,^GDAXI,5m,4.820452788e-05,4.032084134e-05,0.1635
2026-07-10,^GSPC,5m,1.735477417e-05,1.603793296e-05,0.0759
2026-07-10,^HSI,5m,0.0001025280749,8.90934157e-05,0.131
2026-07-10,^KS11,5m,0.0005767312548,0.0006093771347,0
2026-07-10,^N225,5m,9.142371891e-05,0.0001024278896,0
2026-07-10,^NDX,5m,5.15552327e-05,4.568388362e-05,0.1139
2026-07-10,^STOXX50E,5m,3.95618447e-05,3.505070633e-05,0.114
2026-07-11,BNBUSDT,5m,0.0001237966822,0.0001123779756,0.0922
2026-07-11,BTCUSDT,5m,0.0001170465481,8.413467166e-05,0.2812
2026-07-11,ETHUSDT,5m,0.0002921958342,0.0002335951311,0.2006
2026-07-11,SOLUSDT,5m,0.0002983501092,0.0002696390088,0.0962
2026-07-11,XRPUSDT,5m,0.0002152917976,0.0001748357293,0.1879
2026-07-12,BNBUSDT,5m,0.0001920011856,0.0001651084501,0.1401
2026-07-12,BTCUSDT,5m,0.0001132696402,0.0001096679584,0.0318
2026-07-12,ETHUSDT,5m,0.0003050457037,0.0002645539526,0.1327
2026-07-12,SOLUSDT,5m,0.0003642329416,0.0003251296068,0.1074
2026-07-12,XRPUSDT,5m,0.0002671854185,0.0002175164583,0.1859
2026-07-13,005930.KS,5m,0.002775199726,0.002991781541,0
2026-07-13,0700.HK,5m,0.0004380738241,0.0004443037793,0
2026-07-13,2330.TW,5m,0.0001944977646,0.0001168092171,0.3994
2026-07-13,6758.T,5m,0.0001376141416,0.000113860328,0.1726
2026-07-13,7203.T,5m,5.2182946e-05,5.521503624e-05,0
2026-07-13,9984.T,5m,0.000982739209,0.000884313484,0.1002
2026-07-13,9988.HK,5m,0.000858314766,0.000650374708,0.2423
2026-07-13,AAPL,5m,0.0001314059811,0.0001249761792,0.0489
2026-07-13,AIR.PA,5m,0.0001828692597,0.0001839883495,0
2026-07-13,AMZN,5m,0.0002667764498,0.0001560716412,0.415
2026-07-13,ASML.AS,5m,0.0005441133892,0.0005711298571,0
2026-07-13,AUDUSD=X,5m,1.588426075e-05,1.550943348e-05,0.0236
2026-07-13,BNBUSDT,5m,0.0003436700806,0.0003128679031,0.0896
2026-07-13,BNP.PA,5m,0.0001040885304,7.661878906e-05,0.2639
2026-07-13,BTCUSDT,5m,0.0003875422207,0.000351583109,0.0928
2026-07-13,BZ=F,5m,0.001139349863,0.001180648217,0
2026-07-13,CC=F,5m,0.004380409598,0.002887922558,0.3407
2026-07-13,CL=F,5m,0.001235980947,0.001214547248,0.0173
2026-07-13,COST,5m,8.629774776e-05,8.554093017e-05,0.0088
2026-07-13,ETHUSDT,5m,0.0008246228247,0.0006839208336,0.1706
2026-07-13,EURUSD=X,5m,9.869949495e-06,8.634442139e-06,0.1252
2026-07-13,GBPUSD=X,5m,1.218049801e-05,1.180234154e-05,0.031
2026-07-13,GC=F,5m,0.0001796736339,0.0001661878424,0.0751
2026-07-13,GOOGL,5m,0.0001507451515,0.0001435848613,0.0475
2026-07-13,HG=F,5m,0.0001694229077,0.0001448157038,0.1452
2026-07-13,JPM,5m,0.0001306582572,0.0001610266881,0
2026-07-13,KC=F,5m,0.0050082522,0.001677521312,0.665
2026-07-13,KO,5m,9.183300083e-05,6.976721044e-05,0.2403
2026-07-13,MC.PA,5m,0.0001505496746,0.0001517241214,0
2026-07-13,META,5m,0.0008103559156,0.0005197575878,0.3586
2026-07-13,MSFT,5m,0.0001989236138,0.0001244778043,0.3742
2026-07-13,NG=F,5m,0.0005620438294,0.0004122622398,0.2665
2026-07-13,NVDA,5m,0.0003318291621,0.0003241402487,0.0232
2026-07-13,NZDUSD=X,5m,2.868124023e-05,2.826797909e-05,0.0144
2026-07-13,PG,5m,0.0001436089123,0.0001124413182,0.217
2026-07-13,SAN.PA,5m,0.0002108836666,0.000227705631,0
2026-07-13,SAP.DE,5m,0.000424403642,0.0003914217058,0.0777
2026-07-13,SI=F,5m,0.0007024859412,0.0007091302888,0
2026-07-13,SIE.DE,5m,0.0001358825373,0.0001278619286,0.059
2026-07-13,SOLUSDT,5m,0.0007424506505,0.0007130453838,0.0396
2026-07-13,TSLA,5m,0.0003725284609,0.0002587286736,0.3055
2026-07-13,TTE.PA,5m,8.925138343e-05,6.703447233e-05,0.2489
2026-07-13,UNH,5m,0.0001700124242,0.0001719758734,0
2026-07-13,USDCAD=X,5m,9.16206674e-06,9.05664855e-06,0.0115
2026-07-13,USDCHF=X,5m,1.615695243e-05,1.708539103e-05,0
2026-07-13,USDJPY=X,5m,8.639451516e-06,6.703370542e-06,0.2241
2026-07-13,V,5m,0.000125011398,0.0001341517954,0
2026-07-13,XOM,5m,0.0001387366577,0.0001195876778,0.138
2026-07-13,XRPUSDT,5m,0.0005805504482,0.0005520510543,0.0491
2026-07-13,ZW=F,5m,0.0003441914042,0.0003509412201,0
2026-07-13,^FCHI,5m,3.319184106e-05,2.911051476e-05,0.123
2026-07-13,^GDAXI,5m,4.088830812e-05,4.108074993e-05,0
2026-07-13,^GSPC,5m,2.579135076e-05,2.940610875e-05,0
2026-07-13,^HSI,5m,0.000102274856,0.0001028967931,0
2026-07-13,^KS11,5m,0.001609716962,0.001783311087,0
2026-07-13,^N225,5m,0.0002195224444,0.0002081180128,0.052
2026-07-13,^NDX,5m,7.740396545e-05,8.932782846e-05,0
2026-07-13,^STOXX50E,5m,3.400708638e-05,3.612713619e-05,0
2026-07-14,005930.KS,5m,0.00494794929,0.004845317332,0.0207
2026-07-14,0700.HK,5m,0.000319707897,0.0003404470689,0
2026-07-14,2330.TW,5m,0.0002755958037,0.0002231182122,0.1904
2026-07-14,6758.T,5m,9.611446926e-05,8.280871282e-05,0.1384
2026-07-14,7203.T,5m,6.966166155e-05,5.283938194e-05,0.2415
2026-07-14,9984.T,5m,0.002909051816,0.002414224757,0.1701
2026-07-14,9988.HK,5m,0.0008791756091,0.001002639432,0
2026-07-14,AAPL,5m,0.0001353179801,9.265637523e-05,0.3153
2026-07-14,AIR.PA,5m,0.0001862226872,0.0001692977515,0.0909
2026-07-14,AMZN,5m,0.0001946131312,0.0002145582188,0
2026-07-14,ASML.AS,5m,0.0006149275863,0.0005847761527,0.049
2026-07-14,AUDUSD=X,5m,3.801835856e-05,2.540398393e-05,0.3318
2026-07-14,BNBUSDT,5m,0.0002466425292,0.0002321662084,0.0587
2026-07-14,BNP.PA,5m,0.0001556186037,0.0001255876822,0.193
2026-07-14,BTCUSDT,5m,0.0004142256242,0.0003908179768,0.0565
2026-07-14,BZ=F,5m,0.001595553159,0.001551266244,0.0278
2026-07-14,CC=F,5m,0.002885121966,0.001956364999,0.3219
2026-07-14,CL=F,5m,0.001676463171,0.001584859021,0.0546
2026-07-14,COST,5m,6.626920771e-05,5.863663798e-05,0.1152
2026-07-14,ETHUSDT,5m,0.0007830817539,0.0005546105576,0.2918
2026-07-14,EURUSD=X,5m,2.519329205e-05,2.00990111e-05,0.2022
2026-07-14,GBPUSD=X,5m,2.371437291e-05,1.890116524e-05,0.203
2026-07-14,GC=F,5m,0.0004197745477,0.00019877166,0.5265
2026-07-14,GOOGL,5m,0.0001156222697,0.000124480389,0
2026-07-14,HG=F,5m,0.0001808334843,0.00014634552,0.1907
2026-07-14,JPM,5m,0.000356711221,0.0003674049884,0
2026-07-14,KC=F,5m,0.006385190248,0.002837944534,0.5555
2026-07-14,KO,5m,0.0001105284993,9.647930126e-05,0.1271
2026-07-14,MC.PA,5m,0.0002661538046,0.0002590034032,0.0269
2026-07-14,META,5m,0.0003938349904,0.0002756571001,0.3001
2026-07-14,MSFT,5m,0.0001599592442,0.0001551241957,0.0302
2026-07-14,NG=F,5m,0.0006295707802,0.0006412108971,0
2026-07-14,NVDA,5m,0.0002495651795,0.000191226101,0.2338
2026-07-14,NZDUSD=X,5m,6.162764001e-05,5.243745788e-05,0.1491
2026-07-14,PG,5m,0.0001050360219,0.0001168579374,0
2026-07-14,SAN.PA,5m,0.0001676621162,0.000155971102,0.0697
2026-07-14,SAP.DE,5m,0.001359408987,0.001147960058,0.1555
2026-07-14,SI=F,5m,0.001271963327,0.0008408810071,0.3389
2026-07-14,SIE.DE,5m,0.0001741486384,0.0001486333304,0.1465
2026-07-14,SOLUSDT,5m,0.000720888916,0.0005486600742,0.2389
2026-07-14,TSLA,5m,0.0001829301779,0.0001662644503,0.0911
2026-07-14,TTE.PA,5m,0.0001136124004,0.000110380619,0.0284
2026-07-14,UNH,5m,0.0002075332294,0.000178601514,0.1394
2026-07-14,USDCAD=X,5m,1.88982485e-05,1.727825355e-05,0.0857
2026-07-14,USDCHF=X,5m,3.733566762e-05,2.51844838e-05,0.3255
2026-07-14,USDJPY=X,5m,1.181719695e-05,9.545736906e-06,0.1922
2026-07-14,V,5m,8.837978629e-05,7.494786552e-05,0.152
2026-07-14,XOM,5m,0.0001003794001,8.997756006e-05,0.1036
2026-07-14,XRPUSDT,5m,0.0006439173464,0.0004457222863,0.3078
2026-07-14,ZW=F,5m,0.0002973987629,0.000298144519,0
2026-07-14,^FCHI,5m,5.953950532e-05,5.254665039e-05,0.1174
2026-07-14,^GDAXI,5m,6.809702402e-05,6.305474424e-05,0.074
2026-07-14,^GSPC,5m,2.200308885e-05,1.608209336e-05,0.2691
2026-07-14,^HSI,5m,0.0001446321413,0.0001528627705,0
2026-07-14,^KS11,5m,0.00330232401,0.003266614853,0.0108
2026-07-14,^N225,5m,0.0003830307718,0.0004278398789,0
2026-07-14,^NDX,5m,6.581896758e-05,5.590207982e-05,0.1507
2026-07-14,^STOXX50E,5m,5.970715136e-05,4.66036109e-05,0.2195
2026-07-15,005930.KS,5m,0.00106137939,0.001157471862,0
2026-07-15,0700.HK,5m,0.0007567765247,0.0007339421941,0.0302
2026-07-15,2330.TW,5m,0.0002302329025,0.0001972408934,0.1433
2026-07-15,6758.T,5m,7.068599348e-05,6.154689338e-05,0.1293
2026-07-15,7203.T,5m,5.078049752e-05,4.604423161e-05,0.0933
2026-07-15,9984.T,5m,0.001108869325,0.0008827323441,0.2039
2026-07-15,9988.HK,5m,0.001364690687,0.001417982143,0
2026-07-15,AAPL,5m,0.0002811931658,0.0002068605711,0.2643
2026-07-15,AIR.PA,5m,0.000166231306,0.0001530304734,0.0794
2026-07-15,AMZN,5m,0.0002860984774,0.0002708302351,0.0534
2026-07-15,ASML.AS,5m,0.002605041862,0.002430903432,0.0668
2026-07-15,AUDUSD=X,5m,1.70668933e-05,1.527130241e-05,0.1052
2026-07-15,BNBUSDT,5m,0.000210557904,0.0002181929032,0
2026-07-15,BNP.PA,5m,0.0001062879127,9.805110526e-05,0.0775
2026-07-15,BTCUSDT,5m,0.0002876295286,0.0002954346093,0
2026-07-15,BZ=F,5m,0.0009233516792,0.0007508777532,0.1868
2026-07-15,CC=F,5m,0.003652896001,0.002036515496,0.4425
2026-07-15,CL=F,5m,0.0008043144614,0.0007226622908,0.1015
2026-07-15,COST,5m,0.0001628470161,0.000174720726,0
2026-07-15,ETHUSDT,5m,0.0006862270652,0.0006772794284,0.013
2026-07-15,EURUSD=X,5m,1.122023839e-05,9.523884068e-06,0.1512
2026-07-15,GBPUSD=X,5m,1.322407478e-05,1.280847329e-05,0.0314
2026-07-15,GC=F,5m,0.0001359999014,0.0001383108104,0
2026-07-15,GOOGL,5m,0.0002564122073,0.0002892625641,0
2026-07-15,HG=F,5m,0.0001413281023,0.0001359133898,0.0383
2026-07-15,JPM,5m,0.0002225692443,0.0002356779739,0
2026-07-15,KC=F,5m,0.007364792432,0.001096340735,0.8511
2026-07-15,KO,5m,7.600549954e-05,7.003521717e-05,0.0786
2026-07-15,MC.PA,5m,0.0004780243883,0.0004554258638,0.0473
2026-07-15,META,5m,0.0005767811587,0.0005498886238,0.0466
2026-07-15,MSFT,5m,0.0003022828753,0.0002841457993,0.06
2026-07-15,NG=F,5m,0.0006165798233,0.0005489994426,0.1096
2026-07-15,NVDA,5m,0.000450749307,0.0003705051317,0.178
2026-07-15,NZDUSD=X,5m,2.396731378e-05,2.303576e-05,0.0389
2026-07-15,PG,5m,0.0001657011198,0.0001467501627,0.1144
2026-07-15,SAN.PA,5m,0.0001106391927,0.0001136751563,0
2026-07-15,SAP.DE,5m,0.0004661055976,0.0004286491578,0.0804
2026-07-15,SI=F,5m,0.0005735503757,0.0005681747056,0.0094
2026-07-15,SIE.DE,5m,0.0001750474289,0.0001726394694,0.0138
2026-07-15,SOLUSDT,5m,0.0005999821139,0.0005956057096,0.0073
2026-07-15,TSLA,5m,0.0004553102567,0.0005030097957,0
2026-07-15,TTE.PA,5m,0.0001228644308,0.0001037770844,0.1554
2026-07-15,UNH,5m,0.0002438938287,0.0002597964989,0
2026-07-15,USDCAD=X,5m,1.181731275e-05,1.152720008e-05,0.0245
2026-07-15,USDCHF=X,5m,2.195951262e-05,2.107012014e-05,0.0405
2026-07-15,USDJPY=X,5m,6.60535972e-06,6.179796462e-06,0.0644
2026-07-15,V,5m,0.0001820630103,0.0001438450162,0.2099
2026-07-15,XOM,5m,0.0001544195432,0.0001390815893,0.0993
2026-07-15,XRPUSDT,5m,0.0004084887171,0.0003811049882,0.067
2026-07-15,ZW=F,5m,0.0004874421332,0.0004444652472,0.0882
2026-07-15,^FCHI,5m,4.156494655e-05,4.341990226e-05,0
2026-07-15,^GDAXI,5m,4.340868795e-05,5.036722987e-05,0
2026-07-15,^GSPC,5m,3.021429345e-05,3.265740281e-05,0
2026-07-15,^HSI,5m,0.0001310182611,0.0001361723897,0
2026-07-15,^KS11,5m,0.0007912841703,0.0007897551478,0.0019
2026-07-15,^N225,5m,0.0001266905557,0.0001300675244,0
2026-07-15,^NDX,5m,0.0001157577061,0.000115540368,0.0019
2026-07-15,^STOXX50E,5m,5.15805634e-05,4.600936646e-05,0.108
2026-07-16,005930.KS,5m,0.002072693265,0.001838296418,0.1131
2026-07-16,0700.HK,5m,0.0004633652436,0.0004558672984,0.0162
2026-07-16,2330.TW,5m,0.0002010105069,0.000138474137,0.3111
2026-07-16,6758.T,5m,0.0001383616258,0.0001318069613,0.0474
2026-07-16,7203.T,5m,0.0001283872757,0.0001148791334,0.1052
2026-07-16,9984.T,5m,0.001110734622,0.0009726307073,0.1243
2026-07-16,9988.HK,5m,0.0005394494932,0.0004790596843,0.1119
2026-07-16,AAPL,5m,0.0002439018745,0.0002505531576,0
2026-07-16,AIR.PA,5m,0.0002494325569,0.0002170167768,0.13
2026-07-16,AMZN,5m,0.000340986338,0.0003278164732,0.0386
2026-07-16,ASML.AS,5m,0.001260999763,0.001313519647,0
2026-07-16,AUDUSD=X,5m,1.156660072e-05,1.099871314e-05,0.0491
2026-07-16,BNBUSDT,5m,0.0002112162443,0.0002183512396,0
2026-07-16,BNP.PA,5m,0.0001387667456,0.0001346434466,0.0297
2026-07-16,BTCUSDT,5m,0.0002828205657,0.000259168504,0.0836
2026-07-16,BZ=F,5m,0.0005799109857,0.0005942525359,0
2026-07-16,CC=F,5m,0.002649782905,0.002664383651,0
2026-07-16,CL=F,5m,0.0005978643744,0.0005581540881,0.0664
2026-07-16,COST,5m,0.0001411128496,9.561337564e-05,0.3224
2026-07-16,ETHUSDT,5m,0.000605016989,0.0005443751156,0.1002
2026-07-16,EURUSD=X,5m,7.943079563e-06,6.929778444e-06,0.1276
2026-07-16,GBPUSD=X,5m,8.524989593e-06,8.855044758e-06,0
2026-07-16,GC=F,5m,0.0001870083441,0.0002007004007,0
2026-07-16,GOOGL,5m,0.001003723761,0.0006482562737,0.3541
2026-07-16,HG=F,5m,0.0001788761892,0.000166439083,0.0695
2026-07-16,JPM,5m,0.0003024824723,0.0002542421492,0.1595
2026-07-16,KC=F,5m,0.005877366298,0.001494966283,0.7456
2026-07-16,KO,5m,0.0001137413421,0.0001012738832,0.1096
2026-07-16,MC.PA,5m,0.0002865228809,0.0002886714748,0
2026-07-16,META,5m,0.0002745956545,0.000279601705,0
2026-07-16,MSFT,5m,0.000334335447,0.0003084739141,0.0774
2026-07-16,NG=F,5m,0.001108459183,0.0006173510646,0.4431
2026-07-16,NVDA,5m,0.0002522492232,0.0002607503423,0
2026-07-16,NZDUSD=X,5m,1.825979084e-05,1.722099932e-05,0.0569
2026-07-16,PG,5m,0.0001860428535,0.00019266379,0
2026-07-16,SAN.PA,5m,0.0001301983446,0.0001134438648,0.1287
2026-07-16,SAP.DE,5m,0.0003639007198,0.0002944430301,0.1909
2026-07-16,SI=F,5m,0.0007505163876,0.0007924384703,0
2026-07-16,SIE.DE,5m,0.0004411544088,0.0004975924291,0
2026-07-16,SOLUSDT,5m,0.0005765602198,0.0005132010217,0.1099
2026-07-16,TSLA,5m,0.0004438333084,0.0004756669845,0
2026-07-16,TTE.PA,5m,0.0002954141218,0.0002928757938,0.0086
2026-07-16,UNH,5m,0.001051962632,0.0008915474775,0.1525
2026-07-16,USDCAD=X,5m,8.394221694e-06,8.169147123e-06,0.0268
2026-07-16,USDCHF=X,5m,1.419127147e-05,1.388271848e-05,0.0217
2026-07-16,USDJPY=X,5m,4.04961903e-06,3.94941959e-06,0.0247
2026-07-16,V,5m,8.316996882e-05,7.656372425e-05,0.0794
2026-07-16,XOM,5m,0.0001409992337,0.0001035372926,0.2657
2026-07-16,XRPUSDT,5m,0.0004386373257,0.0004409399007,0
2026-07-16,ZW=F,5m,0.0006610631865,0.0005594479289,0.1537
2026-07-16,^FCHI,5m,4.263721842e-05,4.015575867e-05,0.0582
2026-07-16,^GDAXI,5m,7.826665557e-05,7.412516443e-05,0.0529
2026-07-16,^GSPC,5m,2.829398621e-05,2.819190752e-05,0.0036
2026-07-16,^HSI,5m,8.125082524e-05,6.397498134e-05,0.2126
2026-07-16,^KS11,5m,0.001649161821,0.001835841023,0
2026-07-16,^N225,5m,0.0002292660442,0.0001757724748,0.2333
2026-07-16,^NDX,5m,8.849029485e-05,9.044059482e-05,0
2026-07-16,^STOXX50E,5m,4.685308893e-05,4.623200097e-05,0.0133
2026-07-17,0700.HK,5m,0.0005533966709,0.0004352196003,0.2135
2026-07-17,2330.TW,5m,0.000221750946,0.0001573117527,0.2906
2026-07-17,6758.T,5m,0.0003194011414,0.0002872285201,0.1007
2026-07-17,7203.T,5m,0.0003787307666,0.0003559843715,0.0601
2026-07-17,9984.T,5m,0.001116531626,0.001018242657,0.088
2026-07-17,9988.HK,5m,0.0006642691385,0.0005615018833,0.1547
2026-07-17,AAPL,5m,0.0003169193528,0.0003341751563,0
2026-07-17,AIR.PA,5m,0.0002401090986,0.0002412691813,0
2026-07-17,AMZN,5m,0.0001920319733,0.0001608722224,0.1623
2026-07-17,ASML.AS,5m,0.0007571966662,0.0007650172812,0
2026-07-17,AUDUSD=X,5m,1.360487233e-05,1.281220636e-05,0.0583
2026-07-17,BNBUSDT,5m,0.0002649421794,0.0002821337449,0
2026-07-17,BNP.PA,5m,0.0001707044876,0.0001861138081,0
2026-07-17,BTCUSDT,5m,0.0003445800867,0.0003197835767,0.072
2026-07-17,BZ=F,5m,0.0005829550396,0.0005242853682,0.1006
2026-07-17,CC=F,5m,0.002327718574,0.001132348926,0.5135
2026-07-17,CL=F,5m,0.0006350886452,0.0005910616826,0.0693
2026-07-17,COST,5m,0.0001551550156,0.000113463091,0.2687
2026-07-17,ETHUSDT,5m,0.0005670544525,0.0005442370407,0.0402
2026-07-17,EURUSD=X,5m,6.165815485e-06,5.531260007e-06,0.1029
2026-07-17,GBPUSD=X,5m,7.387194894e-06,8.333836186e-06,0
2026-07-17,GC=F,5m,0.0002080872593,0.000187037825,0.1012
2026-07-17,GOOGL,5m,0.0003519340317,0.0004208991877,0
2026-07-17,HG=F,5m,0.0001678901538,0.0001584923713,0.056
2026-07-17,JPM,5m,0.0002307307272,0.0002234275834,0.0317
2026-07-17,KC=F,5m,0.003105778436,0.001184124188,0.6187
2026-07-17,KO,5m,0.0002174559951,0.000209197349,0.038
2026-07-17,MC.PA,5m,0.0002853479493,0.0002800921407,0.0184
2026-07-17,META,5m,0.0009498336437,0.0007138362182,0.2485
2026-07-17,MSFT,5m,0.0001968334686,0.0001850343372,0.0599
2026-07-17,NG=F,5m,0.0004685352069,0.0004914469784,0
2026-07-17,NVDA,5m,0.0005865879613,0.0006547118328,0
2026-07-17,NZDUSD=X,5m,1.643862207e-05,1.650254447e-05,0
2026-07-17,PG,5m,0.0001733864822,0.0001340336642,0.227
2026-07-17,SAN.PA,5m,0.0002025470181,0.0001624619057,0.1979
2026-07-17,SAP.DE,5m,0.000494641586,0.0004307161994,0.1292
2026-07-17,SI=F,5m,0.0007572231624,0.000714398263,0.0566
2026-07-17,SIE.DE,5m,0.0002067007938,0.0001991522652,0.0365
2026-07-17,SOLUSDT,5m,0.0005231009651,0.0005022625423,0.0398
2026-07-17,TSLA,5m,0.0003397008256,0.0003436336059,0
2026-07-17,TTE.PA,5m,0.0001003064497,0.0001108164465,0
2026-07-17,UNH,5m,0.0005435805527,0.000346875398,0.3619
2026-07-17,USDCAD=X,5m,8.287369184e-06,7.868898934e-06,0.0505
2026-07-17,USDCHF=X,5m,1.012596378e-05,9.6708553e-06,0.0449
2026-07-17,USDJPY=X,5m,3.287929612e-06,2.952412501e-06,0.102
2026-07-17,V,5m,0.0001235163718,0.0001222581508,0.0102
2026-07-17,XOM,5m,0.000141712607,0.0001286668869,0.0921
2026-07-17,XRPUSDT,5m,0.0004290021111,0.0004194684988,0.0222
2026-07-17,ZW=F,5m,0.0003395306432,0.0003030558277,0.1074
2026-07-17,^FCHI,5m,4.64867204e-05,5.01631245e-05,0
2026-07-17,^GDAXI,5m,4.623175363e-05,4.734325656e-05,0
2026-07-17,^GSPC,5m,4.619687474e-05,4.822063274e-05,0
2026-07-17,^HSI,5m,0.0001050073973,7.71948684e-05,0.2649
2026-07-17,^N225,5m,0.0004307947249,0.0004016616177,0.0676
2026-07-17,^NDX,5m,0.0001691018203,0.0001819805694,0
2026-07-17,^STOXX50E,5m,5.159197404e-05,5.089424515e-05,0.0135
2026-07-18,BNBUSDT,5m,8.613742563e-05,7.645140467e-05,0.1124
2026-07-18,BTCUSDT,5m,5.944190182e-05,5.126581481e-05,0.1375
2026-07-18,ETHUSDT,5m,0.0001134628818,9.086391564e-05,0.1992
2026-07-18,SOLUSDT,5m,0.0001630097843,0.0001593814772,0.0223
2026-07-18,XRPUSDT,5m,0.0001274850043,0.0001171554285,0.081
2026-07-19,BNBUSDT,5m,8.568079131e-05,8.646868253e-05,0
2026-07-19,BTCUSDT,5m,9.253363446e-05,9.256034841e-05,0
2026-07-19,ETHUSDT,5m,0.0002416862624,0.0002641126827,0
2026-07-19,SOLUSDT,5m,0.000279957232,0.0002719859053,0.0285
2026-07-19,XRPUSDT,5m,0.0001887947175,0.0001761462169,0.067
2026-07-20,005930.KS,5m,0.002842684485,0.002662191808,0.0635
2026-07-20,0700.HK,5m,0.0004394070932,0.0004158989044,0.0535
2026-07-20,2330.TW,5m,0.0003272277159,0.0003261349374,0.0033
2026-07-20,9988.HK,5m,0.0006596460597,0.000696836435,0
2026-07-20,AAPL,5m,0.0002334384802,0.0001871872054,0.1981
2026-07-20,AIR.PA,5m,0.0001381207331,0.0001292587697,0.0642
2026-07-20,AMZN,5m,0.0001461182369,0.0001186896572,0.1877
2026-07-20,ASML.AS,5m,0.0005145345484,0.0004858841815,0.0557
2026-07-20,AUDUSD=X,5m,1.159972924e-05,9.806121157e-06,0.1546
2026-07-20,BNBUSDT,5m,0.0002937361771,0.0002605689026,0.1129
2026-07-20,BNP.PA,5m,0.0001647574124,0.0001501785437,0.0885
2026-07-20,BTCUSDT,5m,0.0005270658897,0.0004306421849,0.1829
2026-07-20,BZ=F,5m,0.001367459312,0.001033493141,0.2442
2026-07-20,CC=F,5m,0.002958590932,0.001645915661,0.4437
2026-07-20,CL=F,5m,0.001336496902,0.001029167627,0.23
2026-07-20,COST,5m,8.321817401e-05,8.217706446e-05,0.0125
2026-07-20,ETHUSDT,5m,0.0008111070428,0.0007074326922,0.1278
2026-07-20,EURUSD=X,5m,7.22333052e-06,7.016285594e-06,0.0287
2026-07-20,GBPUSD=X,5m,8.267906711e-06,7.154326227e-06,0.1347
2026-07-20,GC=F,5m,0.0001474879965,0.0001439298078,0.0241
2026-07-20,GOOGL,5m,0.0001340814554,0.0001185790171,0.1156
2026-07-20,HG=F,5m,0.0001577443752,0.0001443661081,0.0848
2026-07-20,JPM,5m,9.929829621e-05,0.0001063712596,0
2026-07-20,KC=F,5m,0.005884641868,0.001276665844,0.7831
2026-07-20,KO,5m,9.457526188e-05,8.488520907e-05,0.1025
2026-07-20,MC.PA,5m,0.0002372114435,0.0002507549058,0
2026-07-20,META,5m,0.0002456878745,0.0002084847067,0.1514
2026-07-20,MSFT,5m,0.0001332024487,0.0001203759849,0.0963
2026-07-20,NG=F,5m,0.0004770559763,0.0004880240996,0
2026-07-20,NVDA,5m,0.0002380447399,0.0002528768935,0
2026-07-20,NZDUSD=X,5m,2.298365147e-05,1.998504918e-05,0.1305
2026-07-20,PG,5m,6.929394712e-05,6.867342046e-05,0.009
2026-07-20,SAN.PA,5m,0.0001051101526,8.401961765e-05,0.2007
2026-07-20,SAP.DE,5m,0.0004044318167,0.0003581659319,0.1144
2026-07-20,SI=F,5m,0.0007099722436,0.0007024922368,0.0105
2026-07-20,SIE.DE,5m,0.0002132258825,0.0001670274404,0.2167
2026-07-20,SOLUSDT,5m,0.0008472082309,0.0007675157782,0.0941
2026-07-20,TSLA,5m,0.0003330629613,0.0002710841708,0.1861
2026-07-20,TTE.PA,5m,0.000127713357,0.0001188799897,0.0692
2026-07-20,UNH,5m,0.0002793005142,0.0002343095645,0.1611
2026-07-20,USDCAD=X,5m,9.371912007e-06,8.486885728e-06,0.0944
2026-07-20,USDCHF=X,5m,1.380153102e-05,1.318294731e-05,0.0448
2026-07-20,USDJPY=X,5m,3.097765554e-06,2.464357731e-06,0.2045
2026-07-20,V,5m,9.455852812e-05,9.463162918e-05,0
2026-07-20,XOM,5m,0.000143051219,0.00012556253,0.1223
2026-07-20,XRPUSDT,5m,0.0006520776094,0.0005802922059,0.1101
2026-07-20,ZW=F,5m,0.0004636989865,0.0003553119337,0.2337
2026-07-20,^FCHI,5m,5.422418748e-05,4.866478843e-05,0.1025
2026-07-20,^GDAXI,5m,6.7407206e-05,5.791220209e-05,0.1409
2026-07-20,^GSPC,5m,3.336898952e-05,3.503457627e-05,0
2026-07-20,^HSI,5m,0.0001191377247,0.000127986225,0
2026-07-20,^KS11,5m,0.001854956468,0.001608246113,0.133
2026-07-20,^NDX,5m,9.078591129e-05,9.574966745e-05,0
2026-07-20,^STOXX50E,5m,6.171070438e-05,5.021044217e-05,0.1864
2026-07-21,005930.KS,5m,0.001365826292,0.001379114261,0
2026-07-21,0700.HK,5m,0.0003739898313,0.0003882359624,0
2026-07-21,2330.TW,5m,0.0002428202279,0.0002076265079,0.1449
2026-07-21,6758.T,5m,0.0002365154153,0.0001777786301,0.2483
2026-07-21,7203.T,5m,0.0001864591976,0.0001355162272,0.2732
2026-07-21,9984.T,5m,0.001213771241,0.0009811551413,0.1916
2026-07-21,9988.HK,5m,0.001211015978,0.00103883905,0.1422
2026-07-21,AAPL,5m,0.0001666998793,0.0001458730558,0.1249
2026-07-21,AIR.PA,5m,0.0002691422215,0.0002480512553,0.0784
2026-07-21,AMZN,5m,8.421112085e-05,8.199487706e-05,0.0263
2026-07-21,ASML.AS,5m,0.0003214210302,0.0003422658597,0
2026-07-21,AUDUSD=X,5m,8.99893243e-06,8.99885623e-06,0
2026-07-21,BNBUSDT,5m,0.0001468240808,0.0001316219027,0.1035
2026-07-21,BNP.PA,5m,0.0001029258394,9.711340238e-05,0.0565
2026-07-21,BTCUSDT,5m,0.000220523236,0.0002171891278,0.0151
2026-07-21,BZ=F,5m,0.0006010825308,0.000575464688,0.0426
2026-07-21,CC=F,5m,0.002876360284,0.002427984866,0.1559
2026-07-21,CL=F,5m,0.0006620173651,0.000662833869,0
2026-07-21,COST,5m,0.0001007204611,0.0001044655606,0
2026-07-21,ETHUSDT,5m,0.0003241727516,0.0003414932859,0
2026-07-21,EURUSD=X,5m,4.978032399e-06,4.708182374e-06,0.0542
2026-07-21,GBPUSD=X,5m,1.080804423e-05,1.112731045e-05,0
2026-07-21,GC=F,5m,0.0001068262468,0.000103404085,0.032
2026-07-21,GOOGL,5m,8.93366003e-05,9.91877319e-05,0
2026-07-21,HG=F,5m,0.0001288605853,0.0001292318323,0
2026-07-21,JPM,5m,0.0001156726438,6.90948108e-05,0.4027
2026-07-21,KC=F,5m,0.004869306232,0.001352005785,0.7223
2026-07-21,KO,5m,7.95959085e-05,7.518138913e-05,0.0555
2026-07-21,MC.PA,5m,0.0001937996266,0.0001753764119,0.0951
2026-07-21,META,5m,0.0002068969268,0.0001896627334,0.0833
2026-07-21,MSFT,5m,8.508415763e-05,8.468889328e-05,0.0046
2026-07-21,NG=F,5m,0.0004790975684,0.0004795282622,0
2026-07-21,NVDA,5m,0.0001863219076,0.0002010653928,0
2026-07-21,NZDUSD=X,5m,2.099445735e-05,2.172168711e-05,0
2026-07-21,PG,5m,8.702303151e-05,9.16873415e-05,0
2026-07-21,SAN.PA,5m,0.000177550759,0.0001840979207,0
2026-07-21,SAP.DE,5m,0.0004018734755,0.0003381018401,0.1587
2026-07-21,SI=F,5m,0.0005666902493,0.0005270845257,0.0699
2026-07-21,SIE.DE,5m,9.667562304e-05,8.393226513e-05,0.1318
2026-07-21,SOLUSDT,5m,0.0003011798746,0.0003183498702,0
2026-07-21,TSLA,5m,0.0002019186942,0.0001885995566,0.066
2026-07-21,TTE.PA,5m,0.0001170122752,0.0001175557471,0
2026-07-21,UNH,5m,0.0001900394838,0.0002029199167,0
2026-07-21,USDCAD=X,5m,9.902866711e-06,9.94102199e-06,0
2026-07-21,USDCHF=X,5m,1.101894208e-05,1.111039399e-05,0
2026-07-21,USDJPY=X,5m,2.742775808e-06,2.441678002e-06,0.1098
2026-07-21,V,5m,9.8827317e-05,8.675859684e-05,0.1221
2026-07-21,XOM,5m,0.0001878378692,0.0001970373826,0
2026-07-21,XRPUSDT,5m,0.0005775916724,0.0005432109304,0.0595
2026-07-21,ZW=F,5m,0.0003417054051,0.0003136140924,0.0822
2026-07-21,^FCHI,5m,3.939807801e-05,4.166924474e-05,0
2026-07-21,^GDAXI,5m,4.099568992e-05,4.168853209e-05,0
2026-07-21,^GSPC,5m,1.230202525e-05,1.101565301e-05,0.1046
2026-07-21,^HSI,5m,9.046510963e-05,8.698910683e-05,0.0384
2026-07-21,^KS11,5m,0.001024365488,0.001170100833,0
2026-07-21,^N225,5m,0.0002233930242,0.0002050322993,0.0822
2026-07-21,^NDX,5m,3.97916786e-05,3.595277001e-05,0.0965
2026-07-21,^STOXX50E,5m,3.130694577e-05,3.107320172e-05,0.0075
2026-07-22,005930.KS,5m,0.00095015327,0.0009521198857,0
2026-07-22,0700.HK,5m,0.0004231677767,0.0003345206707,0.2095
2026-07-22,2330.TW,5m,0.0001864291869,8.201219667e-05,0.5601
2026-07-22,6758.T,5m,0.0001246829813,9.912549441e-05,0.205
2026-07-22,7203.T,5m,0.0001094572049,0.00010216215,0.0666
2026-07-22,9984.T,5m,0.0005350575298,0.0004016186132,0.2494
2026-07-22,9988.HK,5m,0.0005683342876,0.0006716733682,0
2026-07-22,AAPL,5m,9.720750702e-05,9.138765132e-05,0.0599
2026-07-22,AIR.PA,5m,0.0005097094308,0.0004373614501,0.1419
2026-07-22,AMZN,5m,0.0001193835126,0.0001266301331,0
2026-07-22,ASML.AS,5m,0.0003367714046,0.0002951477104,0.1236
2026-07-22,AUDUSD=X,5m,1.094139329e-05,9.229300835e-06,0.1565
2026-07-22,BNBUSDT,5m,0.0001552287133,0.0001286404068,0.1713
2026-07-22,BNP.PA,5m,0.0001490732454,0.0001359776755,0.0878
2026-07-22,BTCUSDT,5m,0.0001933823016,0.000181951064,0.0591
2026-07-22,BZ=F,5m,0.02540836276,0.00210291707,0.9172
2026-07-22,CC=F,5m,0.002073251005,0.001167373757,0.4369
2026-07-22,CL=F,5m,0.001286209113,0.001079296442,0.1609
2026-07-22,COST,5m,5.982178295e-05,6.287654772e-05,0
2026-07-22,ETHUSDT,5m,0.000482541626,0.0004043258226,0.1621
2026-07-22,EURUSD=X,5m,5.600780845e-06,4.439749232e-06,0.2073
2026-07-22,GBPUSD=X,5m,8.596845937e-06,7.876759631e-06,0.0838
2026-07-22,GC=F,5m,0.0001393180555,0.0001225534855,0.1203
2026-07-22,GOOGL,5m,0.0001289042787,0.0001133979476,0.1203
2026-07-22,HG=F,5m,0.0001205316481,0.0001212029674,0
2026-07-22,JPM,5m,5.982903026e-05,5.790443141e-05,0.0322
2026-07-22,KC=F,5m,0.002785987313,0.0009406899112,0.6623
2026-07-22,KO,5m,7.182820297e-05,7.34481892e-05,0
2026-07-22,MC.PA,5m,0.0002187359161,0.0002199585513,0
2026-07-22,META,5m,0.000135626111,0.0001509911639,0
2026-07-22,MSFT,5m,0.00011042491,8.451668302e-05,0.2346
2026-07-22,NG=F,5m,0.0004527101999,0.0004512298515,0.0033
2026-07-22,NVDA,5m,0.000316649563,0.0003390089692,0
2026-07-22,NZDUSD=X,5m,1.574091669e-05,1.531149351e-05,0.0273
2026-07-22,PG,5m,6.446767174e-05,6.367539669e-05,0.0123
2026-07-22,SAN.PA,5m,0.0002086348581,0.0001921339811,0.0791
2026-07-22,SAP.DE,5m,0.0005020528045,0.0003213927047,0.3598
2026-07-22,SI=F,5m,0.0005762488696,0.00059954314,0
2026-07-22,SIE.DE,5m,0.0001958883455,0.0001941915626,0.0087
2026-07-22,SOLUSDT,5m,0.0004234849421,0.0003971623217,0.0622
2026-07-22,TSLA,5m,0.0001654542858,0.0001269342072,0.2328
2026-07-22,TTE.PA,5m,0.0001627891354,0.0001346197269,0.173
2026-07-22,UNH,5m,0.0001934822086,0.0002072360509,0
2026-07-22,USDCAD=X,5m,6.875981942e-06,6.633602429e-06,0.0353
2026-07-22,USDCHF=X,5m,8.045712619e-06,7.80839118e-06,0.0295
2026-07-22,USDJPY=X,5m,4.879695006e-06,3.494008905e-06,0.284
2026-07-22,V,5m,7.259917637e-05,7.126923963e-05,0.0183
2026-07-22,XOM,5m,9.028576114e-05,9.879463938e-05,0
2026-07-22,XRPUSDT,5m,0.000351690184,0.0003425426677,0.026
2026-07-22,ZW=F,5m,0.0004895927227,0.0004698217912,0.0404
2026-07-22,^FCHI,5m,5.541154409e-05,5.423521621e-05,0.0212
2026-07-22,^GDAXI,5m,7.549745744e-05,7.693417723e-05,0
2026-07-22,^GSPC,5m,9.549329946e-06,1.007322607e-05,0
2026-07-22,^HSI,5m,6.349033271e-05,6.456586745e-05,0
2026-07-22,^KS11,5m,0.0005817120028,0.0006027889014,0
2026-07-22,^N225,5m,0.000174896802,0.0001453268155,0.1691
2026-07-22,^NDX,5m,3.368063928e-05,3.661642308e-05,0
2026-07-22,^STOXX50E,5m,5.573380521e-05,4.999125326e-05,0.103
2026-07-23,005930.KS,5m,0.0008945757827,0.0009380648404,0
2026-07-23,0700.HK,5m,0.0002186083784,0.0002123030684,0.0288
2026-07-23,2330.TW,5m,0.000158985066,0.0001455204722,0.0847
2026-07-23,6758.T,5m,7.492476116e-05,6.098732135e-05,0.186
2026-07-23,7203.T,5m,5.958806027e-05,5.763007e-05,0.0329
2026-07-23,9984.T,5m,0.0005906696018,0.0005282874821,0.1056
2026-07-23,9988.HK,5m,0.0005065600113,0.0003649455693,0.2796
2026-07-23,AAPL,5m,0.0001296106905,0.0001269769949,0.0203
2026-07-23,AIR.PA,5m,0.0002748424163,0.0002335533122,0.1502
2026-07-23,AMZN,5m,0.0002000055206,0.0001543465816,0.2283
2026-07-23,ASML.AS,5m,0.0004678330015,0.0004883951141,0
2026-07-23,BNBUSDT,5m,0.0001402784048,0.0001219859196,0.1304
2026-07-23,BNP.PA,5m,0.0004079602088,0.0004427669026,0
2026-07-23,BTCUSDT,5m,0.0001987125424,0.0001979572243,0.0038
2026-07-23,BZ=F,5m,0.04566265505,0.001718561659,0.9624
2026-07-23,CC=F,5m,0.002233444991,0.001703146637,0.2374
2026-07-23,CL=F,5m,0.001016818157,0.001004702706,0.0119
2026-07-23,COST,5m,0.0001158619893,9.013204576e-05,0.2221
2026-07-23,ETHUSDT,5m,0.000409651313,0.0004079557344,0.0041
2026-07-23,GC=F,5m,0.0001150117104,0.0001221137584,0
2026-07-23,GOOGL,5m,0.0003961932938,0.0003481452399,0.1213
2026-07-23,HG=F,5m,0.0001945296339,0.0001931068276,0.0073
2026-07-23,JPM,5m,0.0001075146816,0.0001044095601,0.0289
2026-07-23,KC=F,5m,0.004847786519,0.000865413946,0.8215
2026-07-23,KO,5m,0.0001111442744,0.0001000528142,0.0998
2026-07-23,MC.PA,5m,0.0003604115724,0.0003067424013,0.1489
2026-07-23,META,5m,0.0003188410781,0.0002512092482,0.2121
2026-07-23,MSFT,5m,0.0002462952921,0.0001854059838,0.2472
2026-07-23,NG=F,5m,0.0007587421528,0.000669038633,0.1182
2026-07-23,NVDA,5m,0.0004028451375,0.0004011597494,0.0042
2026-07-23,PG,5m,9.153623005e-05,8.837592298e-05,0.0345
2026-07-23,SAN.PA,5m,0.0001571016158,0.0001140134497,0.2743
2026-07-23,SAP.DE,5m,0.0003725813054,0.0003647395939,0.021
2026-07-23,SI=F,5m,0.0005365505284,0.0005704372871,0
2026-07-23,SIE.DE,5m,0.000192469291,0.0001933738063,0
2026-07-23,SOLUSDT,5m,0.0003462921537,0.0003393657416,0.02
2026-07-23,TSLA,5m,0.001042437171,0.0007815927673,0.2502
2026-07-23,TTE.PA,5m,0.0001645333979,0.000180074917,0
2026-07-23,UNH,5m,0.0002092985876,0.0001998924105,0.0449
2026-07-23,V,5m,6.346871812e-05,5.975876743e-05,0.0585
2026-07-23,XOM,5m,0.0001147783797,0.0001204367958,0
2026-07-23,XRPUSDT,5m,0.0002804757058,0.0002929655582,0
2026-07-23,ZW=F,5m,0.0006056335429,0.0004692118201,0.2253
2026-07-23,^FCHI,5m,6.343554645e-05,7.604436057e-05,0
2026-07-23,^GDAXI,5m,7.398772951e-05,7.753736547e-05,0
2026-07-23,^GSPC,5m,4.916733356e-05,5.143234124e-05,0
2026-07-23,^HSI,5m,6.497932434e-05,5.842009786e-05,0.1009
2026-07-23,^KS11,5m,0.0005884740668,0.0005553464115,0.0563
2026-07-23,^N225,5m,8.895617891e-05,9.652457596e-05,0
2026-07-23,^NDX,5m,0.0001349717786,0.0001558053683,0
2026-07-23,^STOXX50E,5m,6.630130624e-05,7.590368163e-05,0
2026-07-24,005930.KS,5m,0.001199620944,0.001472130733,0
2026-07-24,0700.HK,5m,9.362091482e-05,7.870685222e-05,0.1593
2026-07-24,2330.TW,5m,0.0001352526658,0.000127409771,0.058
2026-07-24,6758.T,5m,0.0001444794321,0.0001219092582,0.1562
2026-07-24,7203.T,5m,8.945725976e-05,8.946360391e-05,0
2026-07-24,9984.T,5m,0.0006046294126,0.0005575866955,0.0778
2026-07-24,9988.HK,5m,0.0004269623309,0.0003870359799,0.0935
2026-07-24,AAPL,5m,0.0001185382963,0.0001262818314,0
2026-07-24,AIR.PA,5m,0.0001283265669,0.0001293654512,0
2026-07-24,AMZN,5m,0.0002474570566,0.0002339780537,0.0545
2026-07-24,ASML.AS,5m,0.0004698501229,0.0004051867726,0.1376
2026-07-24,AUDUSD=X,5m,1.040311137e-05,9.129603364e-06,0.1224
2026-07-24,BNBUSDT,5m,0.0002302373807,0.000181027602,0.2137
2026-07-24,BNP.PA,5m,0.0001245900083,0.000110086706,0.1164
2026-07-24,BTCUSDT,5m,0.0002652804635,0.0002731099966,0
2026-07-24,BZ=F,5m,0.008511048841,0.001486682808,0.8253
2026-07-24,CC=F,5m,0.001728695161,0.0009829807177,0.4314
2026-07-24,CL=F,5m,0.001087731643,0.0008864662779,0.185
2026-07-24,COST,5m,7.257449906e-05,7.237710491e-05,0.0027
2026-07-24,ETHUSDT,5m,0.0004686757856,0.0004525504255,0.0344
2026-07-24,EURUSD=X,5m,5.857604282e-06,5.130528748e-06,0.1241
2026-07-24,GBPUSD=X,5m,7.276427023e-06,6.557061693e-06,0.0989
2026-07-24,GC=F,5m,8.675761398e-05,7.152322507e-05,0.1756
2026-07-24,GOOGL,5m,0.000261267597,0.0002819371374,0
2026-07-24,HG=F,5m,0.0001262228953,0.0001112759058,0.1184
2026-07-24,JPM,5m,7.907133591e-05,8.786729268e-05,0
2026-07-24,KC=F,5m,0.00278913912,0.001010419402,0.6377
2026-07-24,KO,5m,6.70482948e-05,6.397307178e-05,0.0459
2026-07-24,MC.PA,5m,0.0002301938446,0.0002163220801,0.0603
2026-07-24,META,5m,0.0001592493699,0.0001452391216,0.088
2026-07-24,MSFT,5m,0.0002231918793,0.0001496794894,0.3294
2026-07-24,NG=F,5m,0.0004595876057,0.0003605899227,0.2154
2026-07-24,NVDA,5m,0.000495419205,0.0004103562185,0.1717
2026-07-24,NZDUSD=X,5m,1.309450294e-05,1.256021611e-05,0.0408
2026-07-24,PG,5m,9.532002059e-05,8.465826372e-05,0.1119
2026-07-24,SAN.PA,5m,0.0002381704255,0.0002606605254,0
2026-07-24,SAP.DE,5m,0.0008366453132,0.0007515261448,0.1017
2026-07-24,SI=F,5m,0.0004454011174,0.0004053920232,0.0898
2026-07-24,SIE.DE,5m,0.0001419266779,0.000126646236,0.1077
2026-07-24,SOLUSDT,5m,0.0003699892306,0.0003657885859,0.0114
2026-07-24,TSLA,5m,0.0008225617531,0.0007551792689,0.0819
2026-07-24,TTE.PA,5m,0.000139412258,0.0001356487669,0.027
2026-07-24,UNH,5m,7.365663731e-05,8.430331598e-05,0
2026-07-24,USDCAD=X,5m,8.420975611e-06,8.642182545e-06,0
2026-07-24,USDCHF=X,5m,8.802996289e-06,7.768547861e-06,0.1175
2026-07-24,USDJPY=X,5m,3.341931697e-06,2.737971332e-06,0.1807
2026-07-24,V,5m,8.575343216e-05,8.70890405e-05,0
2026-07-24,XOM,5m,0.0001506181999,0.0001334645712,0.1139
2026-07-24,XRPUSDT,5m,0.0002613757606,0.0002629896238,0
2026-07-24,ZW=F,5m,0.0008061109674,0.0006749482011,0.1627
2026-07-24,^FCHI,5m,3.93183855e-05,3.697220291e-05,0.0597
2026-07-24,^GDAXI,5m,4.101861936e-05,3.844126313e-05,0.0628
2026-07-24,^GSPC,5m,5.523644196e-05,4.873134274e-05,0.1178
2026-07-24,^HSI,5m,4.368118685e-05,3.960444045e-05,0.0933
2026-07-24,^KS11,5m,0.0007037142355,0.000714459604,0
2026-07-24,^N225,5m,0.0001715342647,0.0001799820171,0
2026-07-24,^NDX,5m,0.0001761986257,0.000130155899,0.2613
2026-07-24,^STOXX50E,5m,4.199340989e-05,3.878361658e-05,0.0764
2026-07-25,BNBUSDT,5m,5.638057623e-05,5.504966171e-05,0.0236
2026-07-25,BTCUSDT,5m,4.120441605e-05,4.004610669e-05,0.0281
2026-07-25,ETHUSDT,5m,8.054451166e-05,7.99247592e-05,0.0077
2026-07-25,SOLUSDT,5m,0.0001148376919,0.0001068640551,0.0694
2026-07-25,XRPUSDT,5m,0.0001015001538,0.0001017854856,0
2026-07-26,BNBUSDT,5m,7.354489669e-05,6.44842185e-05,0.1232
2026-07-26,BTCUSDT,5m,8.217121503e-05,5.511111221e-05,0.3293
2026-07-26,ETHUSDT,5m,0.0002683171427,0.0001976648826,0.2633
2026-07-26,SOLUSDT,5m,0.0002373773013,0.0002032234901,0.1439
2026-07-26,XRPUSDT,5m,0.0001535102604,0.000133971758,0.1273
2026-07-27,005930.KS,5m,0.001664702165,0.001682044262,0
2026-07-27,0700.HK,5m,0.0002506253202,0.0002653465706,0
2026-07-27,2330.TW,5m,0.0002577638316,0.000219958588,0.1467
2026-07-27,6758.T,5m,0.0002637094145,0.0002302883925,0.1267
2026-07-27,7203.T,5m,7.177200471e-05,7.117444998e-05,0.0083
2026-07-27,9984.T,5m,0.001472717933,0.0009938664235,0.3251
2026-07-27,9988.HK,5m,0.0005677720754,0.0006088955184,0
2026-07-27,AAPL,5m,0.0001713067477,0.0001737044181,0
2026-07-27,AIR.PA,5m,0.0002318783375,0.0002226261061,0.0399
2026-07-27,AMZN,5m,0.0001341062467,0.0001207885714,0.0993
2026-07-27,ASML.AS,5m,0.001361364674,0.001355788822,0.0041
2026-07-27,AUDUSD=X,5m,1.102841998e-05,1.037227248e-05,0.0595
2026-07-27,BNBUSDT,5m,0.0002464139141,0.0002533958056,0
2026-07-27,BNP.PA,5m,0.0001382531593,0.000146690458,0
2026-07-27,BTCUSDT,5m,0.0003085763634,0.0003120147341,0
2026-07-27,BZ=F,5m,0.001510256226,0.001295842845,0.142
2026-07-27,CC=F,5m,0.002567892234,0.002021783623,0.2127
2026-07-27,CL=F,5m,0.00126738842,0.001209203663,0.0459
2026-07-27,COST,5m,0.0001579027813,0.0001577649875,0.0009
2026-07-27,ETHUSDT,5m,0.0006703681596,0.0007198815304,0
2026-07-27,EURUSD=X,5m,9.13734473e-06,7.991369155e-06,0.1254
2026-07-27,GBPUSD=X,5m,9.420069499e-06,9.023105695e-06,0.0421
2026-07-27,GC=F,5m,9.963465474e-05,9.820104553e-05,0.0144
2026-07-27,GOOGL,5m,0.0002697990381,0.0002652774536,0.0168
2026-07-27,HG=F,5m,0.000120802378,0.0001097561312,0.0914
2026-07-27,JPM,5m,7.792077926e-05,7.408951618e-05,0.0492
2026-07-27,KC=F,5m,0.00390472995,0.001716740046,0.5603
2026-07-27,KO,5m,0.0001433704793,0.0001336251853,0.068
2026-07-27,MC.PA,5m,0.0002348596905,0.0001744796551,0.2571
2026-07-27,META,5m,0.0002138633334,0.0002330263509,0
2026-07-27,MSFT,5m,0.0001883870219,0.0001668405704,0.1144
2026-07-27,NG=F,5m,0.0005223694237,0.0004455883677,0.147
2026-07-27,NVDA,5m,0.0006440636922,0.000589667904,0.0845
2026-07-27,NZDUSD=X,5m,1.454752386e-05,1.41215142e-05,0.0293
2026-07-27,PG,5m,0.0001416152622,0.0001468172503,0
2026-07-27,SAN.PA,5m,0.0001303937632,0.000121867022,0.0654
2026-07-27,SAP.DE,5m,0.0005439746237,0.000500206554,0.0805
2026-07-27,SI=F,5m,0.0004167838172,0.0004018410051,0.0359
2026-07-27,SIE.DE,5m,0.0001935941638,0.0001772887538,0.0842
2026-07-27,SOLUSDT,5m,0.0006268140444,0.00067505762,0
2026-07-27,TSLA,5m,0.0005398064023,0.0005101093735,0.055
2026-07-27,TTE.PA,5m,0.0002103879617,0.0002051129534,0.0251
2026-07-27,UNH,5m,0.0001779706917,0.0001892794802,0
2026-07-27,USDCAD=X,5m,8.882341125e-06,8.859793101e-06,0.0025
2026-07-27,USDCHF=X,5m,2.295660872e-05,2.137530671e-05,0.0689
2026-07-27,USDJPY=X,5m,3.970769091e-06,3.645335081e-06,0.082
2026-07-27,V,5m,0.0001065670734,0.000116072925,0
2026-07-27,XOM,5m,0.000156408362,0.000144525329,0.076
2026-07-27,XRPUSDT,5m,0.0003998297294,0.0004164429429,0
2026-07-27,ZW=F,5m,0.0004964211492,0.0004494015886,0.0947
2026-07-27,^FCHI,5m,3.461413045e-05,3.401463483e-05,0.0173
2026-07-27,^GDAXI,5m,4.643342181e-05,4.488859198e-05,0.0333
2026-07-27,^GSPC,5m,5.444838372e-05,4.245188046e-05,0.2203
2026-07-27,^HSI,5m,4.315398333e-05,4.311358163e-05,0.0009
2026-07-27,^KS11,5m,0.001140671523,0.00126521024,0
2026-07-27,^N225,5m,0.0001640223844,0.0001715073517,0
2026-07-27,^NDX,5m,0.0001590947931,0.0001377221964,0.1343
2026-07-27,^STOXX50E,5m,4.016722155e-05,3.791479631e-05,0.0561
2026-07-28,005930.KS,5m,0.002489245392,0.002336599957,0.0613
2026-07-28,0700.HK,5m,0.0002292372642,0.0001844068957,0.1956
2026-07-28,2330.TW,5m,0.0001332983133,8.234105532e-05,0.3823
2026-07-28,6758.T,5m,0.0007928956673,0.0006855562408,0.1354
2026-07-28,7203.T,5m,0.0003149359646,0.0002810615084,0.1076
2026-07-28,9984.T,5m,0.001655862095,0.001565598768,0.0545
2026-07-28,9988.HK,5m,0.0004141077042,0.0003358735749,0.1889
2026-07-28,AAPL,5m,0.0001158473978,0.0001295719367,0
2026-07-28,AIR.PA,5m,0.0002656892939,0.000264669063,0.0038
2026-07-28,AMZN,5m,0.0001315875238,0.0001325541526,0
2026-07-28,ASML.AS,5m,0.0008137612365,0.0007791864425,0.0425
2026-07-28,AUDUSD=X,5m,1.658803007e-05,1.357822735e-05,0.1814
2026-07-28,BNBUSDT,5m,0.000227851048,0.0001916178186,0.159
2026-07-28,BNP.PA,5m,0.0001261779509,0.0001358096204,0
2026-07-28,BTCUSDT,5m,0.00031205945,0.0002709720883,0.1317
2026-07-28,BZ=F,5m,0.00285105088,0.002307142506,0.1908
2026-07-28,CC=F,5m,0.00378771959,0.001925013941,0.4918
2026-07-28,CL=F,5m,0.002481274525,0.002064152268,0.1681
2026-07-28,COST,5m,0.0001388218083,0.0001102950949,0.2055
2026-07-28,ETHUSDT,5m,0.0008363123288,0.0006989091558,0.1643
2026-07-28,EURUSD=X,5m,6.086371552e-06,5.551627988e-06,0.0879
2026-07-28,GBPUSD=X,5m,7.307968093e-06,7.390915288e-06,0
2026-07-28,GC=F,5m,0.0001084867145,0.0001107048401,0
2026-07-28,GOOGL,5m,0.0002335420044,0.0002247004978,0.0379
2026-07-28,HG=F,5m,0.0001502361764,0.0001599425289,0
2026-07-28,JPM,5m,7.107951682e-05,6.855520983e-05,0.0355
2026-07-28,KC=F,5m,0.01112007465,0.001596773404,0.8564
2026-07-28,KO,5m,0.0004090516521,0.0003470785325,0.1515
2026-07-28,MC.PA,5m,0.0008364665231,0.000883571746,0
2026-07-28,META,5m,0.0002590783753,0.0002855473425,0
2026-07-28,MSFT,5m,0.0003648818569,0.0003659267426,0
2026-07-28,NG=F,5m,0.0009214505488,0.0007688511224,0.1656
2026-07-28,NVDA,5m,0.0003378689269,0.0003219880977,0.047
2026-07-28,NZDUSD=X,5m,1.876650618e-05,1.771102714e-05,0.0562
2026-07-28,PG,5m,0.0002215475734,0.0002020968579,0.0878
2026-07-28,SAN.PA,5m,0.0002060137569,0.0001807014917,0.1229
2026-07-28,SAP.DE,5m,0.0004121200888,0.0003951681955,0.0411
2026-07-28,SI=F,5m,0.0004831476393,0.0004900634963,0
2026-07-28,SIE.DE,5m,0.0001897416984,0.0001824695397,0.0383
2026-07-28,SOLUSDT,5m,0.0006215559253,0.0005553628677,0.1065
2026-07-28,TSLA,5m,0.0004531044933,0.0003937317654,0.131
2026-07-28,TTE.PA,5m,0.0001314551802,0.0001400926613,0
2026-07-28,UNH,5m,0.0002061987231,0.0001995379088,0.0323
2026-07-28,USDCAD=X,5m,8.859646724e-06,9.221651493e-06,0
2026-07-28,USDCHF=X,5m,1.413667782e-05,1.23307266e-05,0.1277
2026-07-28,USDJPY=X,5m,2.438934045e-06,2.272800537e-06,0.0681
2026-07-28,V,5m,0.0001428666519,0.0001383152222,0.0319
2026-07-28,XOM,5m,0.0001553294436,0.000134438712,0.1345
2026-07-28,XRPUSDT,5m,0.0004538691901,0.000398125963,0.1228
2026-07-28,ZW=F,5m,0.0004157898393,0.0003576935544,0.1397
2026-07-28,^FCHI,5m,5.710255634e-05,5.993681835e-05,0
2026-07-28,^GDAXI,5m,3.623063655e-05,3.616975198e-05,0.0017
2026-07-28,^GSPC,5m,3.038370531e-05,3.276917451e-05,0
2026-07-28,^HSI,5m,6.738778486e-05,6.93104421e-05,0
2026-07-28,^KS11,5m,0.00103322468,0.0009037220563,0.1253
2026-07-28,^N225,5m,0.0003467221982,0.0002567873008,0.2594
2026-07-28,^NDX,5m,0.0001116780188,0.000110655095,0.0092
2026-07-28,^STOXX50E,5m,3.837990616e-05,4.024326991e-05,0
2026-07-29,005930.KS,5m,0.007260000216,0.007147096902,0.0156
2026-07-29,0700.HK,5m,0.0005763714969,0.0005744863999,0.0033
2026-07-29,2330.TW,5m,0.0006799083784,0.0006568661542,0.0339
2026-07-29,6758.T,5m,0.000445624549,0.0004541091731,0
2026-07-29,7203.T,5m,0.0002897883434,0.0002796208142,0.0351
2026-07-29,9984.T,5m,0.002571018725,0.002486168284,0.033
2026-07-29,9988.HK,5m,0.0004528261211,0.0005309831818,0
2026-07-29,AAPL,5m,0.0001669738849,0.0001500896482,0.1011
2026-07-29,AIR.PA,5m,0.0001740166912,0.0001492788399,0.1422
2026-07-29,AMZN,5m,0.0002682634269,0.0002663723967,0.007
2026-07-29,ASML.AS,5m,0.001518807826,0.001616194222,0
2026-07-29,AUDUSD=X,5m,5.329883895e-05,4.134030704e-05,0.2244
2026-07-29,BNBUSDT,5m,0.0002278444761,0.0002244308021,0.015
2026-07-29,BNP.PA,5m,0.0002132832931,0.0001958611117,0.0817
2026-07-29,BTCUSDT,5m,0.000409296402,0.0004131318876,0
2026-07-29,BZ=F,5m,0.001297255,0.001119372632,0.1371
2026-07-29,CC=F,5m,0.002184960903,0.001035347731,0.5261
2026-07-29,CL=F,5m,0.001301994855,0.001049951571,0.1936
2026-07-29,COST,5m,0.0001559876342,0.0001422502482,0.0881
2026-07-29,ETHUSDT,5m,0.0007682273846,0.0007554053291,0.0167
2026-07-29,EURUSD=X,5m,2.195050197e-05,1.879088455e-05,0.1439
2026-07-29,GBPUSD=X,5m,2.194855559e-05,2.130882473e-05,0.0291
2026-07-29,GC=F,5m,0.0004731905421,0.000255161178,0.4608
2026-07-29,GOOGL,5m,0.0003062644498,0.000282606107,0.0772
2026-07-29,HG=F,5m,0.0003163591273,0.0002241458197,0.2915
2026-07-29,JPM,5m,0.0002546745009,0.0002448138507,0.0387
2026-07-29,KC=F,5m,0.008738020178,0.001649028172,0.8113
2026-07-29,KO,5m,0.0001639167871,0.0001254935678,0.2344
2026-07-29,MC.PA,5m,0.0007477771693,0.000665794214,0.1096
2026-07-29,META,5m,0.0004505588033,0.0004618778628,0
2026-07-29,MSFT,5m,0.0002858216802,0.0002661419562,0.0689
2026-07-29,NG=F,5m,0.0004536169811,0.0004124234191,0.0908
2026-07-29,NVDA,5m,0.0006392859427,0.0006954898328,0
2026-07-29,NZDUSD=X,5m,5.615376306e-05,4.863840914e-05,0.1338
2026-07-29,PG,5m,0.0003413672855,0.0003350881641,0.0184
2026-07-29,SAN.PA,5m,0.0001480215171,0.0001518945364,0
2026-07-29,SAP.DE,5m,0.0007369548961,0.0006457974573,0.1237
2026-07-29,SI=F,5m,0.0009531123211,0.0007982232485,0.1625
2026-07-29,SIE.DE,5m,0.0001929278718,0.0001822287708,0.0555
2026-07-29,SOLUSDT,5m,0.0007732833082,0.0007890617113,0
2026-07-29,TSLA,5m,0.0004151971005,0.0004402904467,0
2026-07-29,TTE.PA,5m,0.0001467925296,0.0001037211471,0.2934
2026-07-29,UNH,5m,0.0002478530503,0.0002641088782,0
2026-07-29,USDCAD=X,5m,1.529489317e-05,1.466698225e-05,0.0411
2026-07-29,USDCHF=X,5m,3.422438967e-05,3.688693954e-05,0
2026-07-29,USDJPY=X,5m,1.057939891e-05,9.25570855e-06,0.1251
2026-07-29,V,5m,0.0002182308071,0.00022541835,0
2026-07-29,XOM,5m,0.0002248822383,0.0001456736607,0.3522
2026-07-29,XRPUSDT,5m,0.0006757988513,0.0006703885472,0.008
2026-07-29,ZW=F,5m,0.0003732088042,0.0003559039829,0.0464
2026-07-29,^FCHI,5m,6.120983029e-05,5.694020236e-05,0.0698
2026-07-29,^GDAXI,5m,5.275983705e-05,4.531326121e-05,0.1411
2026-07-29,^GSPC,5m,9.99377531e-05,0.0001041874879,0
2026-07-29,^HSI,5m,5.550488752e-05,6.028098878e-05,0
2026-07-29,^KS11,5m,0.005401549143,0.00557363133,0
2026-07-29,^N225,5m,0.0005238064283,0.0005503647099,0
2026-07-29,^NDX,5m,0.00026015878,0.0002730350541,0
2026-07-29,^STOXX50E,5m,5.646603693e-05,5.049230522e-05,0.1058
2026-07-30,005930.KS,5m,0.006518513714,0.006460303746,0.0089
2026-07-30,0700.HK,5m,0.0005081604337,0.0003423273322,0.3263
2026-07-30,2330.TW,5m,0.0005071300696,0.0004894757912,0.0348
2026-07-30,6758.T,5m,0.0004225413678,0.0003992964828,0.055
2026-07-30,7203.T,5m,0.0003963563124,0.0002517258663,0.3649
2026-07-30,9984.T,5m,0.00125041517,0.001309194922,0
2026-07-30,9988.HK,5m,0.0004792813572,0.0004117116023,0.141
2026-07-30,AAPL,5m,0.0002425285323,0.0002530920391,0
2026-07-30,AIR.PA,5m,0.0005975638776,0.0005514359079,0.0772
2026-07-30,AMZN,5m,0.0002802220203,0.000276186101,0.0144
2026-07-30,ASML.AS,5m,0.0006657428893,0.0006774728603,0
2026-07-30,AUDUSD=X,5m,9.891197303e-06,8.273734912e-06,0.1635
2026-07-30,BNBUSDT,5m,8.897999331e-05,7.873314095e-05,0.1152
2026-07-30,BNP.PA,5m,0.0001633739467,0.0001620510275,0.0081
2026-07-30,BTCUSDT,5m,9.518152556e-05,8.326924467e-05,0.1252
2026-07-30,BZ=F,5m,0.0007720462307,0.0006142516138,0.2044
2026-07-30,CC=F,5m,0.002502579434,0.001443389461,0.4232
2026-07-30,CL=F,5m,0.000638630475,0.0005944418402,0.0692
2026-07-30,COST,5m,0.0001774432488,0.0001730185134,0.0249
2026-07-30,ETHUSDT,5m,0.0001573289893,0.0001584743834,0
2026-07-30,EURUSD=X,5m,4.228127777e-06,4.270383588e-06,0
2026-07-30,GBPUSD=X,5m,5.929085169e-06,5.191743389e-06,0.1244
2026-07-30,GC=F,5m,0.0001111948127,8.554274706e-05,0.2307
2026-07-30,GOOGL,5m,0.0001914798516,0.0001799789053,0.0601
2026-07-30,HG=F,5m,0.000160021453,0.0001556874208,0.0271
2026-07-30,JPM,5m,0.0001098228043,0.0001184757415,0
2026-07-30,KC=F,5m,0.006849449939,0.001344093775,0.8038
2026-07-30,KO,5m,0.0001449310475,0.000126310718,0.1285
2026-07-30,MC.PA,5m,0.000293682683,0.0002692082663,0.0833
2026-07-30,META,5m,0.0005719248059,0.0006300036696,0
2026-07-30,MSFT,5m,0.0005631888442,0.0006573082824,0
2026-07-30,NG=F,5m,0.0001224085489,0.000108630145,0.1126
2026-07-30,NVDA,5m,0.0003704008338,0.000365244038,0.0139
2026-07-30,NZDUSD=X,5m,1.177899007e-05,1.154958654e-05,0.0195
2026-07-30,PG,5m,0.0002197374169,0.000207153041,0.0573
2026-07-30,SAN.PA,5m,0.00122443259,0.001290343558,0
2026-07-30,SAP.DE,5m,0.0004946868193,0.0004982867752,0
2026-07-30,SI=F,5m,0.0004740829357,0.0004012852058,0.1536
2026-07-30,SIE.DE,5m,0.0002394894646,0.0002215246986,0.075
2026-07-30,SOLUSDT,5m,0.0001681107474,0.0001566310364,0.0683
2026-07-30,TSLA,5m,0.0003769226881,0.0003420492145,0.0925
2026-07-30,TTE.PA,5m,0.0001953204589,0.0001460936111,0.252
2026-07-30,UNH,5m,0.0002054128173,0.0001738745881,0.1535
2026-07-30,USDCAD=X,5m,3.977798356e-06,3.51241248e-06,0.117
2026-07-30,USDCHF=X,5m,1.014929664e-05,1.038021766e-05,0
2026-07-30,USDJPY=X,5m,6.895611689e-06,6.992637699e-06,0
2026-07-30,V,5m,0.0001430680938,9.898184654e-05,0.3081
2026-07-30,XOM,5m,0.0001320645982,0.000140792061,0
2026-07-30,XRPUSDT,5m,0.0001293913017,0.0001214563559,0.0613
2026-07-30,ZW=F,5m,0.0003212895629,0.0002617332813,0.1854
2026-07-30,^FCHI,5m,4.856125304e-05,5.034495458e-05,0
2026-07-30,^GDAXI,5m,5.586633613e-05,5.52560901e-05,0.0109
2026-07-30,^GSPC,5m,3.37793339e-05,2.823065869e-05,0.1643
2026-07-30,^HSI,5m,0.0001190172443,9.491683069e-05,0.2025
2026-07-30,^KS11,5m,0.003772143938,0.003731723493,0.0107
2026-07-30,^N225,5m,0.0004288426837,0.0004240629584,0.0111
2026-07-30,^NDX,5m,0.000116303802,9.523721756e-05,0.1811
2026-07-30,^STOXX50E,5m,5.498254846e-05,5.27242279e-05,0.0411
2026-07-31,005930.KS,5m,0.00470616222,0.004908722734,0
2026-07-31,0700.HK,5m,0.0003862973828,0.0003756116431,0.0277
2026-07-31,2330.TW,5m,0.0002836182154,0.0002952941266,0
2026-07-31,6758.T,5m,0.004344521113,0.002027711483,0.5333
2026-07-31,7203.T,5m,0.0009423945248,0.0003987483733,0.5769
2026-07-31,9988.HK,5m,0.0007727627525,0.0008363741959,0
2026-07-31,AAPL,5m,0.0005021642858,0.0003658381846,0.2715
2026-07-31,AIR.PA,5m,0.0002446928563,0.000212835077,0.1302
2026-07-31,AMZN,5m,0.0006130167032,0.0005270572808,0.1402
2026-07-31,ASML.AS,5m,0.0006800872796,0.0006997627282,0
2026-07-31,AUDUSD=X,5m,2.785172733e-05,2.308291233e-05,0.1712
2026-07-31,BNBUSDT,5m,0.000289866877,0.0002943649228,0
2026-07-31,BNP.PA,5m,0.0001161276852,8.77773257e-05,0.2441
2026-07-31,BTCUSDT,5m,0.000282702534,0.0002873666633,0
2026-07-31,BZ=F,5m,0.0007003148199,0.000378045254,0.4602
2026-07-31,CC=F,5m,0.001098217444,0.0009016022014,0.179
2026-07-31,CL=F,5m,0.00151384758,0.001310664049,0.1342
2026-07-31,COST,5m,0.0001082524276,0.0001109831135,0
2026-07-31,ETHUSDT,5m,0.0004088720912,0.0004337872898,0
2026-07-31,EURUSD=X,5m,2.297397752e-05,1.913874893e-05,0.1669
2026-07-31,GBPUSD=X,5m,1.80541943e-05,1.696530826e-05,0.0603
2026-07-31,GC=F,5m,9.174693751e-05,9.521906217e-05,0
2026-07-31,GOOGL,5m,0.0003473811523,0.000300732476,0.1343
2026-07-31,HG=F,5m,0.0001733651532,0.0001264268911,0.2707
2026-07-31,JPM,5m,7.470516398e-05,7.80096627e-05,0
2026-07-31,KC=F,5m,0.00609987092,0.001572708611,0.7422
2026-07-31,KO,5m,0.0001120310487,0.0001000640782,0.1068
2026-07-31,MC.PA,5m,0.0002490681979,0.0002548560433,0
2026-07-31,META,5m,0.0006504186183,0.000656929345,0
2026-07-31,MSFT,5m,0.0004438831712,0.0004080832682,0.0807
2026-07-31,NG=F,5m,0.0007000414692,0.0005641352552,0.1941
2026-07-31,NVDA,5m,0.0004312021492,0.0003451648993,0.1995
2026-07-31,NZDUSD=X,5m,3.365184406e-05,3.156488921e-05,0.062
2026-07-31,PG,5m,0.0001132238159,0.0001151909189,0
2026-07-31,SAN.PA,5m,0.0003425565237,0.0002912927488,0.1497
2026-07-31,SAP.DE,5m,0.0004684793827,0.0004126961752,0.1191
2026-07-31,SI=F,5m,0.0003856503338,0.0003548822641,0.0798
2026-07-31,SIE.DE,5m,0.0002319152978,0.0002035870935,0.1221
2026-07-31,SOLUSDT,5m,0.000422929733,0.0004214025902,0.0036
2026-07-31,TSLA,5m,0.0008291817796,0.0006587227768,0.2056
2026-07-31,TTE.PA,5m,9.076090761e-05,7.235124172e-05,0.2028
2026-07-31,UNH,5m,0.0001058915362,0.0001017204595,0.0394
2026-07-31,USDCAD=X,5m,1.115415507e-05,1.175005475e-05,0
2026-07-31,USDCHF=X,5m,3.460329445e-05,3.331562687e-05,0.0372
2026-07-31,USDJPY=X,5m,0.0001954753087,0.000124881752,0.3611
2026-07-31,V,5m,0.0001196681761,0.0001231036014,0
2026-07-31,XOM,5m,0.0002535005944,0.0002110702069,0.1674
2026-07-31,XRPUSDT,5m,0.0003195366589,0.0003038019704,0.0492
2026-07-31,ZW=F,5m,0.0004974150454,0.0004881815669,0.0186
2026-07-31,^FCHI,5m,4.82173441e-05,4.58229525e-05,0.0497
2026-07-31,^GDAXI,5m,4.891734895e-05,4.10802819e-05,0.1602
2026-07-31,^GSPC,5m,5.814690788e-05,4.660494242e-05,0.1985
2026-07-31,^HSI,5m,6.40866179e-05,6.862425098e-05,0
2026-07-31,^KS11,5m,0.001784594135,0.001693172594,0.0512
2026-07-31,^N225,5m,0.0005620306092,0.0006151469247,0
2026-07-31,^NDX,5m,0.0001769233612,0.0001627892689,0.0799
2026-07-31,^STOXX50E,5m,4.99822842e-05,4.792691135e-05,0.0411
2026-08-01,BNBUSDT,5m,0.0001494456695,0.0001386956525,0.0719
2026-08-01,BTCUSDT,5m,5.531055548e-05,4.93597853e-05,0.1076
2026-08-01,ETHUSDT,5m,0.0002230943975,0.0001767847779,0.2076
2026-08-01,SOLUSDT,5m,0.0002988719873,0.0002611187683,0.1263
2026-08-01,XRPUSDT,5m,0.0001117587544,0.000106312197,0.0487
2026-08-02,BNBUSDT,5m,0.0001611800451,0.0001427217916,0.1145
2026-08-02,BTCUSDT,5m,0.0001649557006,0.0001160508171,0.2965
2026-08-02,ETHUSDT,5m,0.0003691900698,0.0002701118313,0.2684
2026-08-02,SOLUSDT,5m,0.0002650106105,0.0002334692144,0.119
2026-08-02,XRPUSDT,5m,0.0002216821777,0.0001917911093,0.1348
2026-08-03,005930.KS,5m,0.0009259435995,0.0009830079144,0
2026-08-03,0700.HK,5m,0.0001908466074,0.0001507234486,0.2102
2026-08-03,2330.TW,5m,0.0001859657584,0.0001738614968,0.0651
2026-08-03,6758.T,5m,0.0004056315314,0.0004450504029,0
2026-08-03,7203.T,5m,0.0002326545126,0.0002744630576,0
2026-08-03,9984.T,5m,0.002283107846,0.002347482201,0
2026-08-03,9988.HK,5m,0.0004105198577,0.0004165756785,0
2026-08-03,AAPL,5m,0.0002559517085,0.0003039743894,0
2026-08-03,AIR.PA,5m,0.0001679426231,0.0001637992034,0.0247
2026-08-03,AMZN,5m,0.0003454300053,0.0002985420087,0.1357
2026-08-03,ASML.AS,5m,0.0009230750035,0.000844006356,0.0857
2026-08-03,AUDUSD=X,5m,1.176507281e-05,1.041022621e-05,0.1152
2026-08-03,BNBUSDT,5m,0.0001769907988,0.0001729357366,0.0229
2026-08-03,BNP.PA,5m,7.040627125e-05,6.82603856e-05,0.0305
2026-08-03,BTCUSDT,5m,0.0002465510054,0.0002379526912,0.0349
2026-08-03,BZ=F,5m,0.0005929857687,0.0005542722107,0.0653
2026-08-03,CC=F,5m,0.002007164192,0.001257274702,0.3736
2026-08-03,CL=F,5m,0.0009985015674,0.0009368987517,0.0617
2026-08-03,COST,5m,0.0001933847297,0.0001505138372,0.2217
2026-08-03,ETHUSDT,5m,0.0003390012184,0.000324079526,0.044
2026-08-03,EURUSD=X,5m,8.654264781e-06,7.831575763e-06,0.0951
2026-08-03,GBPUSD=X,5m,9.605716645e-06,9.87468184e-06,0
2026-08-03,GC=F,5m,9.728155505e-05,9.344533721e-05,0.0394
2026-08-03,GOOGL,5m,0.0003041288105,0.0002615750907,0.1399
2026-08-03,HG=F,5m,0.0001319597351,0.0001279568844,0.0303
2026-08-03,JPM,5m,8.119780359e-05,8.362674993e-05,0
2026-08-03,KC=F,5m,0.003013395371,0.0008776697245,0.7087
2026-08-03,KO,5m,0.0001067886277,9.337932386e-05,0.1256
2026-08-03,MC.PA,5m,0.0002753848318,0.0002551883511,0.0733
2026-08-03,META,5m,0.0005642766192,0.0006501317227,0
2026-08-03,MSFT,5m,0.0003581753593,0.0002603256931,0.2732
2026-08-03,NG=F,5m,0.0004932895736,0.0004524066928,0.0829
2026-08-03,NVDA,5m,0.0003747183413,0.0002614062124,0.3024
2026-08-03,NZDUSD=X,5m,2.244736698e-05,2.062590732e-05,0.0811
2026-08-03,PG,5m,0.0001895668797,0.0001778464107,0.0618
2026-08-03,SAN.PA,5m,0.0003848735815,0.0003136993966,0.1849
2026-08-03,SAP.DE,5m,0.0005079363718,0.0005683752722,0
2026-08-03,SI=F,5m,0.0004930783158,0.0003685615697,0.2525
2026-08-03,SIE.DE,5m,0.0001679111593,0.0001495674153,0.1092
2026-08-03,SOLUSDT,5m,0.000298844583,0.0002706784907,0.0942
2026-08-03,TSLA,5m,0.0003896622768,0.0002946203666,0.2439
2026-08-03,TTE.PA,5m,0.0001255022345,0.0001070672457,0.1469
2026-08-03,UNH,5m,8.103618122e-05,8.335522914e-05,0
2026-08-03,USDCAD=X,5m,9.122423448e-06,9.320668304e-06,0
2026-08-03,USDCHF=X,5m,2.424601572e-05,2.18894879e-05,0.0972
2026-08-03,USDJPY=X,5m,0.0001217148339,0.0001072638192,0.1187
2026-08-03,V,5m,0.0001120654153,0.0001295157086,0
2026-08-03,XOM,5m,0.0001819055065,0.0001426600715,0.2157
2026-08-03,XRPUSDT,5m,0.0002548945264,0.0002246212465,0.1188
2026-08-03,ZW=F,5m,0.0004052985756,0.0003141385162,0.2249
2026-08-03,^FCHI,5m,2.407235195e-05,2.601033659e-05,0
2026-08-03,^GDAXI,5m,2.648502162e-05,2.920729112e-05,0
2026-08-03,^GSPC,5m,1.277428091e-05,1.130166439e-05,0.1153
2026-08-03,^HSI,5m,5.577315444e-05,5.333521819e-05,0.0437
2026-08-03,^KS11,5m,0.0005357329719,0.0005864832832,0
2026-08-03,^N225,5m,0.0002211479382,0.0002190496475,0.0095
2026-08-03,^NDX,5m,7.362044608e-05,5.384798285e-05,0.2686
2026-08-03,^STOXX50E,5m,2.036016095e-05,2.248693337e-05,0
2026-08-04,005930.KS,5m,0.002892847865,0.002670092578,0.077
2026-08-04,0700.HK,5m,0.0003098530051,0.0002210286727,0.2867
2026-08-04,2330.TW,5m,0.0002064673817,0.0001651098995,0.2003
2026-08-04,6758.T,5m,0.0001645303113,0.0001772962457,0
2026-08-04,7203.T,5m,0.0006278881785,0.0005268894432,0.1609
2026-08-04,9984.T,5m,0.001454031887,0.001234246773,0.1512
2026-08-04,9988.HK,5m,0.0009740252483,0.0005214069701,0.4647
2026-08-04,AAPL,5m,0.0001663189393,0.0001561243027,0.0613
2026-08-04,AIR.PA,5m,0.000254309813,0.0002071733308,0.1854
2026-08-04,AMZN,5m,0.0003596516907,0.0003107349841,0.136
2026-08-04,ASML.AS,5m,0.0003110531555,0.0002825740832,0.0916
2026-08-04,AUDUSD=X,5m,1.465254316e-05,1.474699421e-05,0
2026-08-04,BNBUSDT,5m,0.0001545807779,0.0001440535289,0.0681
2026-08-04,BNP.PA,5m,7.025822539e-05,5.955447514e-05,0.1523
2026-08-04,BTCUSDT,5m,0.0002241543289,0.0002105640177,0.0606
2026-08-04,BZ=F,5m,0.001507418081,0.001579550897,0
2026-08-04,CC=F,5m,0.002294987568,0.001857241786,0.1907
2026-08-04,CL=F,5m,0.001591258857,0.001666616183,0
2026-08-04,COST,5m,5.083795288e-05,5.033675424e-05,0.0099
2026-08-04,ETHUSDT,5m,0.0003483059717,0.0003015927436,0.1341
2026-08-04,EURUSD=X,5m,6.237775813e-06,4.877945225e-06,0.218
2026-08-04,GBPUSD=X,5m,6.720939781e-06,6.616766458e-06,0.0155
2026-08-04,GC=F,5m,0.0001370815598,0.0001227947244,0.1042
2026-08-04,GOOGL,5m,0.0002694154069,0.0003164921678,0
2026-08-04,HG=F,5m,0.0001782490281,0.0001709009688,0.0412
2026-08-04,JPM,5m,9.378750127e-05,7.44908503e-05,0.2057
2026-08-04,KC=F,5m,0.005325110634,0.0008223407212,0.8456
2026-08-04,KO,5m,6.529444678e-05,6.113244074e-05,0.0637
2026-08-04,MC.PA,5m,0.000199742829,0.0002463544321,0
2026-08-04,META,5m,0.0002296473415,0.0002346922253,0
2026-08-04,MSFT,5m,0.000272608815,0.0002460979986,0.0972
2026-08-04,NG=F,5m,0.0004326230823,0.000396666739,0.0831
2026-08-04,NVDA,5m,0.0001786732245,0.0001556040457,0.1291
2026-08-04,NZDUSD=X,5m,2.249193309e-05,1.760603564e-05,0.2172
2026-08-04,PG,5m,7.535141749e-05,5.379013494e-05,0.2861
2026-08-04,SAN.PA,5m,0.0001527642391,0.0001337066502,0.1248
2026-08-04,SAP.DE,5m,0.0004146544799,0.0004267247367,0
2026-08-04,SI=F,5m,0.0004389327261,0.0003721879814,0.1521
2026-08-04,SIE.DE,5m,0.0001611035401,0.0001553750169,0.0356
2026-08-04,SOLUSDT,5m,0.0003668592613,0.0003108413435,0.1527
2026-08-04,TSLA,5m,0.0002625230724,0.0002613717032,0.0044
2026-08-04,TTE.PA,5m,0.0002909178331,0.0002928806675,0
2026-08-04,UNH,5m,0.0002058926863,0.0001883530303,0.0852
2026-08-04,USDCAD=X,5m,9.516733569e-06,9.810085245e-06,0
2026-08-04,USDCHF=X,5m,1.356965587e-05,1.311120427e-05,0.0338
2026-08-04,USDJPY=X,5m,2.033372814e-05,1.949698152e-05,0.0412
2026-08-04,V,5m,5.909549311e-05,5.890736268e-05,0.0032
2026-08-04,XOM,5m,0.0002447649081,0.000262022023,0
2026-08-04,XRPUSDT,5m,0.0002517490513,0.0002231563502,0.1136
2026-08-04,ZW=F,5m,0.0003492433661,0.0003517437588,0
2026-08-04,^FCHI,5m,2.300606463e-05,2.22742275e-05,0.0318
2026-08-04,^GDAXI,5m,3.056869664e-05,3.13303511e-05,0
2026-08-04,^GSPC,5m,2.105568604e-05,2.112682841e-05,0
2026-08-04,^HSI,5m,8.833990977e-05,8.549521385e-05,0.0322
2026-08-04,^KS11,5m,0.001269666893,0.001296024481,0
2026-08-04,^N225,5m,0.000237277321,0.0002153709966,0.0923
2026-08-04,^NDX,5m,4.033159268e-05,4.460651279e-05,0
2026-08-04,^STOXX50E,5m,2.039809278e-05,1.919216164e-05,0.0591
2026-08-05,005930.KS,5m,0.001032135764,0.001094690152,0
2026-08-05,0700.HK,5m,0.0004109067242,0.0003256144074,0.2076
2026-08-05,2330.TW,5m,0.0003220668708,0.0001437232577,0.5537
2026-08-05,6758.T,5m,0.0001990583646,0.0002349779788,0
2026-08-05,7203.T,5m,0.0001333410864,0.000128103305,0.0393
2026-08-05,9984.T,5m,0.0008023451498,0.0005886918829,0.2663
2026-08-05,9988.HK,5m,0.00051742899,0.0002758545311,0.4669
2026-08-05,AAPL,5m,0.0001919557907,0.0001857739897,0.0322
2026-08-05,AIR.PA,5m,9.756098422e-05,9.001701214e-05,0.0773
2026-08-05,AMZN,5m,0.0003149801958,0.0002333120398,0.2593
2026-08-05,ASML.AS,5m,0.0005766740054,0.0004977661287,0.1368
2026-08-05,AUDUSD=X,5m,1.29715079e-05,1.232536747e-05,0.0498
2026-08-05,BNBUSDT,5m,0.0003507845147,0.0003282234491,0.0643
2026-08-05,BNP.PA,5m,8.054622095e-05,6.945472496e-05,0.1377
2026-08-05,BTCUSDT,5m,0.0002172655106,0.0001884697612,0.1325
2026-08-05,BZ=F,5m,0.001005417033,0.0009837325554,0.0216
2026-08-05,CC=F,5m,0.001695758121,0.001266832108,0.2529
2026-08-05,CL=F,5m,0.001012594575,0.0009421443178,0.0696
2026-08-05,COST,5m,0.0001013968102,0.0001067419561,0
2026-08-05,ETHUSDT,5m,0.0004447933075,0.0003696575172,0.1689
2026-08-05,EURUSD=X,5m,7.253627998e-06,6.262490041e-06,0.1366
2026-08-05,GBPUSD=X,5m,7.971132315e-06,8.275010289e-06,0
2026-08-05,GC=F,5m,0.000219360301,0.0002113368164,0.0366
2026-08-05,GOOGL,5m,0.001527580682,0.001327758118,0.1308
2026-08-05,HG=F,5m,0.000146485949,0.0001541711494,0
2026-08-05,JPM,5m,6.322307431e-05,6.096446317e-05,0.0357
2026-08-05,KC=F,5m,0.005376075742,0.0009098524761,0.8308
2026-08-05,KO,5m,7.498666822e-05,7.406107499e-05,0.0123
2026-08-05,MC.PA,5m,0.0004430967715,0.0004939166723,0
2026-08-05,META,5m,0.0002764262208,0.000219046632,0.2076
2026-08-05,MSFT,5m,0.0002372467117,0.0002215881179,0.066
2026-08-05,NG=F,5m,0.0004293817945,0.0004190265569,0.0241
2026-08-05,NVDA,5m,0.0004430922757,0.0003723433963,0.1597
2026-08-05,NZDUSD=X,5m,2.1023443e-05,1.982482145e-05,0.057
2026-08-05,PG,5m,0.0001094930335,0.0001106743448,0
2026-08-05,SAN.PA,5m,0.0002117942749,0.0002197134676,0
2026-08-05,SAP.DE,5m,0.0004290417642,0.000421240532,0.0182
2026-08-05,SI=F,5m,0.0005722040786,0.0005480633612,0.0422
2026-08-05,SIE.DE,5m,0.0002225543959,0.0002162954754,0.0281
2026-08-05,SOLUSDT,5m,0.0003299348403,0.0002959377522,0.103
2026-08-05,TSLA,5m,0.0001849802871,0.0001572860173,0.1497
2026-08-05,TTE.PA,5m,0.0001822138308,0.0001639497822,0.1002
2026-08-05,UNH,5m,0.0001210883457,0.0001094909457,0.0958
2026-08-05,USDCAD=X,5m,8.134049171e-06,8.138294437e-06,0
2026-08-05,USDCHF=X,5m,1.577405632e-05,1.432008975e-05,0.0922
2026-08-05,USDJPY=X,5m,1.192247202e-05,1.210318269e-05,0
2026-08-05,V,5m,9.53910785e-05,9.72957853e-05,0
2026-08-05,XOM,5m,0.0001509079156,0.0001637871485,0
2026-08-05,XRPUSDT,5m,0.0002371200305,0.0002066763377,0.1284
2026-08-05,ZW=F,5m,0.0004272290011,0.0003529955821,0.1738
2026-08-05,^FCHI,5m,1.296726215e-05,1.238601007e-05,0.0448
2026-08-05,^GDAXI,5m,2.9130986e-05,3.320110378e-05,0
2026-08-05,^GSPC,5m,2.705648938e-05,1.909496507e-05,0.2943
2026-08-05,^HSI,5m,5.319406037e-05,4.341155382e-05,0.1839
2026-08-05,^KS11,5m,0.0004616780548,0.0004644757577,0
2026-08-05,^N225,5m,0.0001001941328,9.025838798e-05,0.0992
2026-08-05,^NDX,5m,7.369810774e-05,6.379795146e-05,0.1343
2026-08-05,^STOXX50E,5m,1.627611473e-05,1.782796669e-05,0
