date,symbole,interval,rv,n_barres,vol_annualisee_%
2026-05-31,BNBUSDT,5m,0.001286359959,287,56.93528867
2026-05-31,BTCUSDT,5m,0.0001216020253,287,17.50534501
2026-05-31,ETHUSDT,5m,0.0002102051336,287,23.0155803
2026-05-31,SOLUSDT,5m,0.0003156307879,287,28.2026521
2026-05-31,XRPUSDT,5m,0.000251574295,287,25.17870575
2026-06-01,005930.KS,5m,0.001410128977,71,59.61145043
2026-06-01,0700.HK,5m,0.0004165807744,66,32.40036345
2026-06-01,2330.TW,5m,0.0003750451578,52,30.74270316
2026-06-01,6758.T,5m,0.0002585367299,66,25.52474406
2026-06-01,7203.T,5m,0.000148937638,66,19.37325083
2026-06-01,9984.T,5m,0.001263248787,65,56.42151135
2026-06-01,9988.HK,5m,0.0002724756434,66,26.20379021
2026-06-01,AAPL,5m,0.0001231359878,77,17.61541056
2026-06-01,AIR.PA,5m,0.0002099142489,101,22.99965015
2026-06-01,AMZN,5m,0.0002493225877,77,25.0657719
2026-06-01,ASML.AS,5m,0.000474589131,101,34.58272127
2026-06-01,AUDUSD=X,5m,2.361121888e-05,287,7.713641914
2026-06-01,BNBUSDT,5m,0.002650291618,287,81.72352708
2026-06-01,BNP.PA,5m,0.0002301443078,101,24.08243459
2026-06-01,BTCUSDT,5m,0.0003953787056,287,31.56508099
2026-06-01,BZ=F,5m,0.001188541434,221,54.72772984
2026-06-01,CC=F,5m,0.00131266318,97,57.51444352
2026-06-01,CL=F,5m,0.001370518902,227,58.76825361
2026-06-01,COST,5m,0.0001221211939,77,17.54267393
2026-06-01,ETHUSDT,5m,0.00062255818,287,39.60866842
2026-06-01,EURUSD=X,5m,8.898152423e-06,287,4.735329356
2026-06-01,GBPUSD=X,5m,1.072983569e-05,287,5.199921724
2026-06-01,GC=F,5m,0.0001260425655,227,17.82210047
2026-06-01,GOOGL,5m,0.0001566357016,77,19.86761103
2026-06-01,HG=F,5m,0.0001667647948,227,20.49993373
2026-06-01,JPM,5m,8.820512261e-05,77,14.90895399
2026-06-01,KC=F,5m,0.0002400735604,98,24.5964504
2026-06-01,KO,5m,6.201771741e-05,77,12.50138584
2026-06-01,MC.PA,5m,0.0003471780629,101,29.57851786
2026-06-01,META,5m,0.0003557288619,77,29.9405533
2026-06-01,MSFT,5m,0.0003138838106,77,28.12449471
2026-06-01,NG=F,5m,0.0008334897117,226,45.83005644
2026-06-01,NVDA,5m,0.0004853331572,77,34.97198245
2026-06-01,NZDUSD=X,5m,3.365296912e-05,287,9.208989205
2026-06-01,PG,5m,0.0001757269771,77,21.04357342
2026-06-01,SAN.PA,5m,0.0001080754933,101,16.50303739
2026-06-01,SAP.DE,5m,0.001055819915,101,51.58164581
2026-06-01,SI=F,5m,0.0005737292004,227,38.02364508
2026-06-01,SIE.DE,5m,0.000223129778,101,23.71259245
2026-06-01,SOLUSDT,5m,0.0007814495983,287,44.37626604
2026-06-01,TSLA,5m,0.000255974298,77,25.39793754
2026-06-01,TTE.PA,5m,0.0001337027586,101,18.355679
2026-06-01,UNH,5m,0.0001494988169,77,19.40971454
2026-06-01,USDCAD=X,5m,7.073516746e-06,287,4.221997418
2026-06-01,USDCHF=X,5m,1.592736254e-05,287,6.335373202
2026-06-01,USDJPY=X,5m,3.185303376e-06,287,2.833189812
2026-06-01,V,5m,0.0001461281659,77,19.1896581
2026-06-01,XOM,5m,0.0002742669196,77,26.28978199
2026-06-01,XRPUSDT,5m,0.000555495014,287,37.41453508
2026-06-01,ZW=F,5m,0.0002528247021,162,25.24120143
2026-06-01,^FCHI,5m,7.906397253e-05,101,14.11528288
2026-06-01,^GDAXI,5m,0.0001089910891,101,16.57279531
2026-06-01,^GSPC,5m,1.487099201e-05,77,6.121674597
2026-06-01,^HSI,5m,4.75629837e-05,69,10.94800068
2026-06-01,^KS11,5m,0.0003316935358,71,28.91137683
2026-06-01,^N225,5m,7.67047334e-05,67,13.9030906
2026-06-01,^NDX,5m,4.423446178e-05,77,10.55797536
2026-06-01,^STOXX50E,5m,9.518233412e-05,101,15.48739752
2026-06-02,005930.KS,5m,0.004455440462,71,105.9608888
2026-06-02,0700.HK,5m,0.001003931288,66,50.29817934
2026-06-02,2330.TW,5m,0.0003344531631,52,29.0313963
2026-06-02,6758.T,5m,0.0005035234845,64,35.62133042
2026-06-02,7203.T,5m,0.0001679035104,64,20.56980424
2026-06-02,9984.T,5m,0.003097598208,64,88.35127324
2026-06-02,9988.HK,5m,0.0006199513859,66,39.52565613
2026-06-02,AAPL,5m,9.703150152e-05,77,15.63711559
2026-06-02,AIR.PA,5m,0.0002185516026,101,23.46806423
2026-06-02,AMZN,5m,0.0001541419364,77,19.70882238
2026-06-02,ASML.AS,5m,0.0004600755778,101,34.04982314
2026-06-02,AUDUSD=X,5m,1.106857432e-05,287,5.28136415
2026-06-02,BNBUSDT,5m,0.001375492592,287,58.87479369
2026-06-02,BNP.PA,5m,0.0001744478471,101,20.96684465
2026-06-02,BTCUSDT,5m,0.0008393108567,287,45.98981799
2026-06-02,BZ=F,5m,0.0007133679596,272,42.39914219
2026-06-02,CC=F,5m,0.0009998663772,97,50.19624757
2026-06-02,CL=F,5m,0.0008432782801,275,46.0983868
2026-06-02,COST,5m,9.846768925e-05,77,15.75241495
2026-06-02,ETHUSDT,5m,0.001328814563,287,57.86719882
2026-06-02,EURUSD=X,5m,4.878970225e-06,287,3.506423387
2026-06-02,GBPUSD=X,5m,5.766218969e-06,287,3.811938064
2026-06-02,GC=F,5m,9.593142438e-05,275,15.54822142
2026-06-02,GOOGL,5m,0.0002745742434,77,26.30450709
2026-06-02,HG=F,5m,0.0001711424005,275,20.76725425
2026-06-02,JPM,5m,0.0001291574655,77,18.04097595
2026-06-02,KC=F,5m,0.0001369769016,97,18.57906866
2026-06-02,KO,5m,5.296855968e-05,77,11.55338783
2026-06-02,MC.PA,5m,0.0001600858566,101,20.08522737
2026-06-02,META,5m,0.0002043153309,77,22.69084912
2026-06-02,MSFT,5m,0.0001674722663,77,20.54337146
2026-06-02,NG=F,5m,0.0007470344313,274,43.38809476
2026-06-02,NVDA,5m,0.0005070943136,77,35.74741488
2026-06-02,NZDUSD=X,5m,1.702735553e-05,287,6.550491275
2026-06-02,PG,5m,8.615909667e-05,77,14.73502371
2026-06-02,SAN.PA,5m,0.0001266828092,101,17.86730755
2026-06-02,SAP.DE,5m,0.0004981250652,101,35.42986261
2026-06-02,SI=F,5m,0.0007146408096,275,42.43695135
2026-06-02,SIE.DE,5m,0.0001382411813,101,18.66461296
2026-06-02,SOLUSDT,5m,0.001770092104,287,66.78796374
2026-06-02,TSLA,5m,0.0003906085033,77,31.37408849
2026-06-02,TTE.PA,5m,0.0001044620232,101,16.22480503
2026-06-02,UNH,5m,0.0001123037133,77,16.82276308
2026-06-02,USDCAD=X,5m,9.125995825e-06,287,4.795571862
2026-06-02,USDCHF=X,5m,1.089026268e-05,287,5.238650775
2026-06-02,USDJPY=X,5m,2.19728782e-06,287,2.353118209
2026-06-02,V,5m,0.0003205966733,77,28.42364538
2026-06-02,XOM,5m,0.0001019714691,77,16.03022464
2026-06-02,XRPUSDT,5m,0.001413463775,287,59.68189602
2026-06-02,ZW=F,5m,0.000124691354,206,17.72631412
2026-06-02,^FCHI,5m,3.589355271e-05,101,9.510612642
2026-06-02,^GDAXI,5m,3.612938865e-05,101,9.541805878
2026-06-02,^GSPC,5m,7.910279347e-06,77,4.464740077
2026-06-02,^HSI,5m,9.049150229e-05,69,15.10094652
2026-06-02,^KS11,5m,0.004244357364,71,103.4204069
2026-06-02,^N225,5m,0.0001214759732,67,17.49626968
2026-06-02,^NDX,5m,2.539964725e-05,77,8.000444429
2026-06-02,^STOXX50E,5m,3.286265652e-05,101,9.100213978
2026-06-03,0700.HK,5m,0.0007926203808,66,44.6923188
2026-06-03,2330.TW,5m,0.0001488034332,52,19.36452043
2026-06-03,6758.T,5m,0.0003740453987,64,30.70170035
2026-06-03,7203.T,5m,0.0001221327791,64,17.54350602
2026-06-03,9984.T,5m,0.001584516224,64,63.19003785
2026-06-03,9988.HK,5m,0.0004384458182,66,33.23978733
2026-06-03,AAPL,5m,0.0001208641178,77,17.45215106
2026-06-03,AIR.PA,5m,0.0001662894106,101,20.47069405
2026-06-03,AMZN,5m,0.0001623258947,77,20.22526278
2026-06-03,ASML.AS,5m,0.0006847689933,101,41.54055685
2026-06-03,AUDUSD=X,5m,1.987916397e-05,287,7.07781698
2026-06-03,BNBUSDT,5m,0.001367422474,287,58.7018282
2026-06-03,BNP.PA,5m,0.0001414149087,101,18.87764736
2026-06-03,BTCUSDT,5m,0.001118766048,287,53.09699089
2026-06-03,BZ=F,5m,0.000613128274,270,39.30754699
2026-06-03,CC=F,5m,0.0008243027941,97,45.57678182
2026-06-03,CL=F,5m,0.0008065323964,275,45.08283087
2026-06-03,COST,5m,0.0001054214497,77,16.29914271
2026-06-03,ETHUSDT,5m,0.001783463651,287,67.03975239
2026-06-03,EURUSD=X,5m,8.264906303e-06,287,4.563722591
2026-06-03,GBPUSD=X,5m,9.317915137e-06,287,4.845734841
2026-06-03,GC=F,5m,0.0001801929638,275,21.30930005
2026-06-03,GOOGL,5m,0.0003021190385,77,27.59238984
2026-06-03,HG=F,5m,0.0002630686808,275,25.74748678
2026-06-03,JPM,5m,0.0001094276086,77,16.60594995
2026-06-03,KC=F,5m,0.0002775506142,98,26.44669257
2026-06-03,KO,5m,5.531763016e-05,77,11.80679584
2026-06-03,MC.PA,5m,0.0001842485492,101,21.54776888
2026-06-03,META,5m,0.0003938874015,77,31.50549558
2026-06-03,MSFT,5m,0.0001568301664,77,19.87994013
2026-06-03,NG=F,5m,0.0007513364617,273,43.51284734
2026-06-03,NVDA,5m,0.0002202845914,77,23.56092465
2026-06-03,NZDUSD=X,5m,2.642286615e-05,287,8.160001392
2026-06-03,PG,5m,0.0001029962106,77,16.11056953
2026-06-03,SAN.PA,5m,7.602805569e-05,101,13.84162925
2026-06-03,SAP.DE,5m,0.0004069178769,101,32.02238358
2026-06-03,SI=F,5m,0.0007316345114,275,42.93854875
2026-06-03,SIE.DE,5m,0.0001365757912,101,18.5518461
2026-06-03,SOLUSDT,5m,0.002201217502,287,74.47864193
2026-06-03,TSLA,5m,0.0004374128931,77,33.20060979
2026-06-03,TTE.PA,5m,0.0001336715229,101,18.35353475
2026-06-03,UNH,5m,0.0002749146825,77,26.32080926
2026-06-03,USDCAD=X,5m,9.617497127e-06,287,4.923016632
2026-06-03,USDCHF=X,5m,2.198163884e-05,287,7.442696412
2026-06-03,USDJPY=X,5m,6.418932396e-06,287,4.021903733
2026-06-03,V,5m,8.356030477e-05,77,14.5110981
2026-06-03,XOM,5m,0.0002224482055,77,23.67634849
2026-06-03,XRPUSDT,5m,0.001544331558,287,62.38361584
2026-06-03,ZW=F,5m,0.0002209693953,209,23.59751843
2026-06-03,^FCHI,5m,3.539376071e-05,101,9.444166294
2026-06-03,^GDAXI,5m,4.538313986e-05,101,10.69418124
2026-06-03,^GSPC,5m,2.229846996e-05,77,7.49614196
2026-06-03,^HSI,5m,4.261069623e-05,69,10.3623817
2026-06-03,^N225,5m,7.508448048e-05,67,13.75546767
2026-06-03,^NDX,5m,6.340505136e-05,77,12.64044024
2026-06-03,^STOXX50E,5m,4.460691261e-05,101,10.60233087
2026-06-04,005930.KS,5m,0.001355701909,71,58.44971182
2026-06-04,0700.HK,5m,0.0003223989588,66,28.50342744
2026-06-04,2330.TW,5m,0.0001214382699,52,17.49355425
2026-06-04,6758.T,5m,0.0001649960665,64,20.3909315
2026-06-04,7203.T,5m,8.42081046e-05,64,14.56723802
2026-06-04,9984.T,5m,0.0008601727551,64,46.5578709
2026-06-04,9988.HK,5m,0.0002153566219,66,23.29589422
2026-06-04,AAPL,5m,7.637554188e-05,77,13.87322477
2026-06-04,AIR.PA,5m,0.0003363050195,101,29.1116583
2026-06-04,AMZN,5m,0.0001737232312,77,20.92325363
2026-06-04,ASML.AS,5m,0.000614494264,101,39.35130932
2026-06-04,AUDUSD=X,5m,1.312772768e-05,287,5.751684428
2026-06-04,BNBUSDT,5m,0.002721496813,287,82.81408074
2026-06-04,BNP.PA,5m,0.0001301984372,101,18.11353256
2026-06-04,BTCUSDT,5m,0.002415427415,287,78.01844067
2026-06-04,BZ=F,5m,0.0006109255032,256,39.23687383
2026-06-04,CC=F,5m,0.0006043121678,97,39.02392424
2026-06-04,CL=F,5m,0.0007511059764,275,43.50617267
2026-06-04,COST,5m,0.000403219186,77,31.8765172
2026-06-04,ETHUSDT,5m,0.003269328625,287,90.76732967
2026-06-04,EURUSD=X,5m,5.254315438e-06,287,3.6388013
2026-06-04,GBPUSD=X,5m,5.682210706e-06,287,3.784068046
2026-06-04,GC=F,5m,0.0001367535295,275,18.56391377
2026-06-04,GOOGL,5m,0.0002395952663,77,24.57193666
2026-06-04,HG=F,5m,0.0001640251469,274,20.33084775
2026-06-04,JPM,5m,0.0001604885065,77,20.11047081
2026-06-04,KC=F,5m,0.0002433179986,97,24.76209516
2026-06-04,KO,5m,0.0001129742102,77,16.87290756
2026-06-04,MC.PA,5m,0.0003267405173,101,28.69470515
2026-06-04,META,5m,0.0003096133709,77,27.93252038
2026-06-04,MSFT,5m,0.0002065188445,77,22.81287987
2026-06-04,NG=F,5m,0.0008352514076,273,45.87846496
2026-06-04,NVDA,5m,0.0003548242358,77,29.90245933
2026-06-04,NZDUSD=X,5m,1.439977684e-05,287,6.023905514
2026-06-04,PG,5m,0.000123785776,77,17.66182764
2026-06-04,SAN.PA,5m,0.0001375065878,101,18.61495639
2026-06-04,SAP.DE,5m,0.0008217117179,101,45.50509344
2026-06-04,SI=F,5m,0.0006226294693,275,39.61093615
2026-06-04,SIE.DE,5m,0.0002020939552,101,22.56716126
2026-06-04,SOLUSDT,5m,0.004911908141,287,111.2564988
2026-06-04,TSLA,5m,0.000316728264,77,28.25164111
2026-06-04,TTE.PA,5m,0.0001033748965,101,16.14015921
2026-06-04,UNH,5m,0.0002457394273,77,24.88500265
2026-06-04,USDCAD=X,5m,8.367849995e-06,287,4.592056401
2026-06-04,USDCHF=X,5m,1.403584739e-05,287,5.947296481
2026-06-04,USDJPY=X,5m,3.057463708e-06,287,2.775753689
2026-06-04,V,5m,0.0001175523787,77,17.21139141
2026-06-04,XOM,5m,0.0001117073273,77,16.77803519
2026-06-04,XRPUSDT,5m,0.003315761932,287,91.40962788
2026-06-04,ZW=F,5m,0.0002325371447,209,24.20730478
2026-06-04,^FCHI,5m,3.876035479e-05,101,9.883121676
2026-06-04,^GDAXI,5m,3.809922214e-05,101,9.798471298
2026-06-04,^GSPC,5m,1.225574148e-05,77,5.557379646
2026-06-04,^HSI,5m,3.473626601e-05,69,9.35603497
2026-06-04,^KS11,5m,0.0005496748773,71,37.21801568
2026-06-04,^N225,5m,9.565494862e-05,67,15.52580016
2026-06-04,^NDX,5m,6.181227342e-05,77,12.4806622
2026-06-04,^STOXX50E,5m,3.953640922e-05,101,9.98157058
2026-06-05,005930.KS,5m,0.001390135235,71,59.18733641
2026-06-05,0700.HK,5m,0.0004715050307,66,34.47017083
2026-06-05,2330.TW,5m,0.0001953006429,52,22.18462576
2026-06-05,6758.T,5m,0.0001117202513,64,16.77900573
2026-06-05,7203.T,5m,9.801008173e-05,64,15.71576934
2026-06-05,9984.T,5m,0.00143761436,65,60.18960199
2026-06-05,9988.HK,5m,0.0002631024172,66,25.74913768
2026-06-05,AAPL,5m,0.0002331512691,77,24.23924912
2026-06-05,AIR.PA,5m,0.0002538115755,101,25.29041657
2026-06-05,AMZN,5m,0.0004218301731,77,32.60386536
2026-06-05,ASML.AS,5m,0.0006917440583,101,41.75158712
2026-06-05,AUDUSD=X,5m,2.759475007e-05,257,8.338990956
2026-06-05,BNBUSDT,5m,0.00332896603,287,91.59145372
2026-06-05,BNP.PA,5m,0.0001164734869,101,17.13222656
2026-06-05,BTCUSDT,5m,0.002767642362,287,83.51322501
2026-06-05,BZ=F,5m,0.0005828183304,248,38.32365057
2026-06-05,CC=F,5m,0.001261714488,98,56.38723712
2026-06-05,CL=F,5m,0.0006780310373,251,41.33567725
2026-06-05,COST,5m,0.0002334574118,77,24.25515776
2026-06-05,ETHUSDT,5m,0.004370231779,287,104.9427657
2026-06-05,EURUSD=X,5m,1.297035981e-05,257,5.717106499
2026-06-05,GBPUSD=X,5m,1.388351176e-05,257,5.914934457
2026-06-05,GC=F,5m,0.0002202549005,251,23.55933677
2026-06-05,GOOGL,5m,0.0003545473062,77,29.89078807
2026-06-05,HG=F,5m,0.0002311415327,251,24.13455329
2026-06-05,JPM,5m,0.0001355783362,77,18.48397704
2026-06-05,KC=F,5m,0.0002626608407,98,25.72752064
2026-06-05,KO,5m,0.0002358304937,77,24.37812224
2026-06-05,MC.PA,5m,0.0001667173715,101,20.49701871
2026-06-05,META,5m,0.001250870066,77,56.14439035
2026-06-05,MSFT,5m,0.0001938579818,77,22.10253637
2026-06-05,NG=F,5m,0.0005294749946,251,36.52775638
2026-06-05,NVDA,5m,0.0004584192497,77,33.98847613
2026-06-05,NZDUSD=X,5m,2.744413649e-05,257,8.316202496
2026-06-05,PG,5m,0.0002237051764,77,23.74314732
2026-06-05,SAN.PA,5m,0.0001034894854,101,16.14910225
2026-06-05,SAP.DE,5m,0.0004997378877,101,35.48717342
2026-06-05,SI=F,5m,0.001363195252,251,58.61102315
2026-06-05,SIE.DE,5m,0.0002147508059,101,23.2631045
2026-06-05,SOLUSDT,5m,0.00627699654,287,125.769755
2026-06-05,TSLA,5m,0.0005581841813,77,37.50498816
2026-06-05,TTE.PA,5m,0.0001270082914,101,17.89024579
2026-06-05,UNH,5m,0.0003864638699,77,31.20719392
2026-06-05,USDCAD=X,5m,1.002619381e-05,254,5.026530453
2026-06-05,USDCHF=X,5m,2.446649067e-05,251,7.852105226
2026-06-05,USDJPY=X,5m,5.346071471e-06,251,3.670435956
2026-06-05,V,5m,0.0001253373883,77,17.7721754
2026-06-05,XOM,5m,0.0001310290831,77,18.17122146
2026-06-05,XRPUSDT,5m,0.004379438609,287,105.0532498
2026-06-05,ZW=F,5m,0.0002292173924,210,24.03388917
2026-06-05,^FCHI,5m,3.649974522e-05,101,9.590586945
2026-06-05,^GDAXI,5m,4.635382468e-05,101,10.80794329
2026-06-05,^GSPC,5m,7.11855521e-05,77,13.39356529
2026-06-05,^HSI,5m,4.842223979e-05,69,11.0464494
2026-06-05,^KS11,5m,0.0007900081811,71,44.61861289
2026-06-05,^N225,5m,0.0001555915595,67,19.80128101
2026-06-05,^NDX,5m,0.0001953940323,77,22.18992928
2026-06-05,^STOXX50E,5m,4.654825732e-05,101,10.83058671
2026-06-06,BNBUSDT,5m,0.001411941958,287,59.64975887
2026-06-06,BTCUSDT,5m,0.000989088567,287,49.9249756
2026-06-06,ETHUSDT,5m,0.00224324268,287,75.18624578
2026-06-06,SOLUSDT,5m,0.003214143754,287,89.99801254
2026-06-06,XRPUSDT,5m,0.002538973836,287,79.98883714
2026-06-07,BNBUSDT,5m,0.001208776866,287,55.19164523
2026-06-07,BTCUSDT,5m,0.001462936206,287,60.71737181
2026-06-07,ETHUSDT,5m,0.002771521751,287,83.57173454
2026-06-07,SOLUSDT,5m,0.003031907152,287,87.4094161
2026-06-07,XRPUSDT,5m,0.002069202471,287,72.21073484
2026-06-08,005930.KS,5m,0.003095914586,66,88.32725942
2026-06-08,0700.HK,5m,0.0003970268317,66,31.63080169
2026-06-08,2330.TW,5m,0.0003880901198,52,31.27278532
2026-06-08,6758.T,5m,0.000276305997,65,26.38732863
2026-06-08,7203.T,5m,0.0001463625559,65,19.20504207
2026-06-08,9984.T,5m,0.001607467969,62,63.64604688
2026-06-08,9988.HK,5m,0.0002120066989,66,23.11399752
2026-06-08,AAPL,5m,0.0008455291682,77,46.15986898
2026-06-08,AIR.PA,5m,0.0003347397308,101,29.04383104
2026-06-08,AMZN,5m,0.0001608339947,77,20.13210537
2026-06-08,ASML.AS,5m,0.0008632304135,101,46.64054719
2026-06-08,AUDUSD=X,5m,2.91536546e-05,287,8.571301512
2026-06-08,BNBUSDT,5m,0.0006423721893,287,40.23403928
2026-06-08,BNP.PA,5m,0.0001825513146,101,21.44829393
2026-06-08,BTCUSDT,5m,0.0008225022212,287,45.52697659
2026-06-08,BZ=F,5m,0.001175101133,262,54.41741317
2026-06-08,CC=F,5m,0.0006516669957,97,40.52407715
2026-06-08,CL=F,5m,0.001420698425,275,59.8344385
2026-06-08,COST,5m,0.0001258207217,77,17.80640949
2026-06-08,ETHUSDT,5m,0.001418448212,287,59.78703449
2026-06-08,EURUSD=X,5m,1.223828858e-05,287,5.553421218
2026-06-08,GBPUSD=X,5m,1.432780668e-05,287,6.0088329
2026-06-08,GC=F,5m,0.0002378805452,274,24.48385129
2026-06-08,GOOGL,5m,0.0001897033682,77,21.86441145
2026-06-08,HG=F,5m,0.0002204539263,274,23.56997867
2026-06-08,JPM,5m,0.0001428789087,77,18.97511133
2026-06-08,KC=F,5m,0.0002924733664,97,27.14834955
2026-06-08,KO,5m,8.240194272e-05,77,14.4101664
2026-06-08,MC.PA,5m,0.0002836369061,101,26.73508937
2026-06-08,META,5m,0.0002530520723,77,25.25254883
2026-06-08,MSFT,5m,9.378753634e-05,77,15.37350291
2026-06-08,NG=F,5m,0.0005155651994,273,36.04475416
2026-06-08,NVDA,5m,0.0002896568011,77,27.01731183
2026-06-08,NZDUSD=X,5m,3.199145962e-05,287,8.978779329
2026-06-08,PG,5m,5.678601302e-05,77,11.96247269
2026-06-08,SAN.PA,5m,0.0001445934952,101,19.08862509
2026-06-08,SAP.DE,5m,0.0002871913999,101,26.9020878
2026-06-08,SI=F,5m,0.001221533184,274,55.48210182
2026-06-08,SIE.DE,5m,0.0001831603532,101,21.48404268
2026-06-08,SOLUSDT,5m,0.001527364531,287,62.03997597
2026-06-08,TSLA,5m,0.0003116806732,77,28.02561858
2026-06-08,TTE.PA,5m,0.0001543070575,101,19.71937587
2026-06-08,UNH,5m,0.0003182134155,77,28.31780018
2026-06-08,USDCAD=X,5m,8.046015807e-06,287,4.502883502
2026-06-08,USDCHF=X,5m,1.85455688e-05,287,6.836287982
2026-06-08,USDJPY=X,5m,4.776896121e-06,287,3.469550147
2026-06-08,V,5m,7.531653762e-05,77,13.77670769
2026-06-08,XOM,5m,0.000143419003,77,19.01094126
2026-06-08,XRPUSDT,5m,0.001453048001,287,60.51182499
2026-06-08,ZW=F,5m,0.0003619045608,210,30.19932935
2026-06-08,^FCHI,5m,6.14751834e-05,101,12.44658436
2026-06-08,^GDAXI,5m,5.905748793e-05,101,12.19937989
2026-06-08,^GSPC,5m,5.673918193e-05,77,11.95753898
2026-06-08,^HSI,5m,7.477281651e-05,69,13.72688958
2026-06-08,^KS11,5m,0.002603596515,71,81.00039023
2026-06-08,^N225,5m,0.0005407044079,67,36.91307503
2026-06-08,^NDX,5m,0.0001366518286,77,18.55700967
2026-06-08,^STOXX50E,5m,7.077936459e-05,101,13.35529853
2026-06-09,005930.KS,5m,0.00146539438,71,60.76836215
2026-06-09,0700.HK,5m,0.0009052332753,66,47.76178235
2026-06-09,2330.TW,5m,0.0001221999147,52,17.54832713
2026-06-09,6758.T,5m,0.0001815065157,64,21.38682818
2026-06-09,7203.T,5m,7.44925459e-05,64,13.70113921
2026-06-09,9984.T,5m,0.002101392686,65,72.77025195
2026-06-09,9988.HK,5m,0.000353607481,66,29.8511449
2026-06-09,AAPL,5m,0.0003949464545,77,31.54782188
2026-06-09,AIR.PA,5m,0.0005340811384,101,36.68629811
2026-06-09,AMZN,5m,0.0003696892375,77,30.52239962
2026-06-09,ASML.AS,5m,0.001299582041,101,57.2271504
2026-06-09,AUDUSD=X,5m,3.564885762e-05,287,9.478139122
2026-06-09,BNBUSDT,5m,0.0006717342118,287,41.14328881
2026-06-09,BNP.PA,5m,0.0001827500136,101,21.45996352
2026-06-09,BTCUSDT,5m,0.0006992935202,287,41.97880026
2026-06-09,BZ=F,5m,0.001520485975,267,61.90011839
2026-06-09,CC=F,5m,0.0006255670642,97,39.70426931
2026-06-09,CL=F,5m,0.001788284446,274,67.13029722
2026-06-09,COST,5m,0.0002051424903,77,22.73673405
2026-06-09,ETHUSDT,5m,0.001253433632,287,56.2018928
2026-06-09,EURUSD=X,5m,9.534996822e-06,287,4.901855974
2026-06-09,GBPUSD=X,5m,1.260653083e-05,287,5.636351452
2026-06-09,GC=F,5m,0.0003014767878,275,27.56304601
2026-06-09,GOOGL,5m,0.0004548188503,77,33.85474122
2026-06-09,HG=F,5m,0.0003092476111,275,27.91601655
2026-06-09,JPM,5m,0.0002361862248,77,24.39650152
2026-06-09,KC=F,5m,0.0005466781578,98,37.11642437
2026-06-09,KO,5m,0.0001920442162,77,21.99889599
2026-06-09,MC.PA,5m,0.0002774649002,101,26.44260858
2026-06-09,META,5m,0.0004221051164,77,32.61448901
2026-06-09,MSFT,5m,0.0002616866362,77,25.67976486
2026-06-09,NG=F,5m,0.000682795382,271,41.48065046
2026-06-09,NVDA,5m,0.0008873374877,77,47.28731827
2026-06-09,NZDUSD=X,5m,4.520841755e-05,287,10.67357542
2026-06-09,PG,5m,0.0001354784709,77,18.47716825
2026-06-09,SAN.PA,5m,0.0001086815355,101,16.54924378
2026-06-09,SAP.DE,5m,0.0004393216778,101,33.27297143
2026-06-09,SI=F,5m,0.001340735475,275,58.12618513
2026-06-09,SIE.DE,5m,0.0002237798849,101,23.74711161
2026-06-09,SOLUSDT,5m,0.001704912783,287,65.54677882
2026-06-09,TSLA,5m,0.00102594975,77,50.84676361
2026-06-09,TTE.PA,5m,0.0001165200865,101,17.13565341
2026-06-09,UNH,5m,0.0002306034907,77,24.1064472
2026-06-09,USDCAD=X,5m,8.298816103e-06,287,4.573075178
2026-06-09,USDCHF=X,5m,1.781886121e-05,287,6.701009643
2026-06-09,USDJPY=X,5m,3.238656897e-06,287,2.856819102
2026-06-09,V,5m,9.688421473e-05,77,15.62524307
2026-06-09,XOM,5m,0.0002149605195,77,23.27446045
2026-06-09,XRPUSDT,5m,0.001272420838,287,56.6259703
2026-06-09,ZW=F,5m,0.0003388189461,205,29.22026256
2026-06-09,^FCHI,5m,7.236863172e-05,101,13.50440491
2026-06-09,^GDAXI,5m,8.657622807e-05,101,14.77064977
2026-06-09,^GSPC,5m,0.0002583304844,77,25.51456095
2026-06-09,^HSI,5m,9.308944051e-05,69,15.31618066
2026-06-09,^KS11,5m,0.0007855896735,71,44.49366221
2026-06-09,^N225,5m,0.0002168850508,67,23.37841586
2026-06-09,^NDX,5m,0.0006338135889,77,39.96511284
2026-06-09,^STOXX50E,5m,9.880102746e-05,101,15.7790554
2026-06-10,005930.KS,5m,0.001187998848,71,54.71523642
2026-06-10,0700.HK,5m,0.00056097726,66,37.59870603
2026-06-10,2330.TW,5m,0.000164321451,52,20.34920285
2026-06-10,6758.T,5m,0.0001643748937,64,20.35251169
2026-06-10,7203.T,5m,8.92497774e-05,64,14.996981
2026-06-10,9984.T,5m,0.00116448203,65,54.1709767
2026-06-10,9988.HK,5m,0.0005735875519,66,38.01895094
2026-06-10,AAPL,5m,0.0001634185277,77,20.29321783
2026-06-10,AIR.PA,5m,0.0003488495746,101,29.64963622
2026-06-10,AMZN,5m,0.0001964882664,77,22.25197589
2026-06-10,ASML.AS,5m,0.001341362922,101,58.13978469
2026-06-10,AUDUSD=X,5m,3.277108153e-05,287,9.087525816
2026-06-10,BNBUSDT,5m,0.0007131279114,287,42.39200794
2026-06-10,BNP.PA,5m,0.0002166094568,101,23.36355776
2026-06-10,BTCUSDT,5m,0.0008898214181,287,47.35345788
2026-06-10,BZ=F,5m,0.001216104055,275,55.35866886
2026-06-10,CC=F,5m,0.0005000854487,97,35.4995117
2026-06-10,CL=F,5m,0.001329718207,276,57.88687142
2026-06-10,COST,5m,0.0001727953775,77,20.8673034
2026-06-10,ETHUSDT,5m,0.001475825963,287,60.98427197
2026-06-10,EURUSD=X,5m,1.286619733e-05,287,5.694103728
2026-06-10,GBPUSD=X,5m,1.386073089e-05,287,5.910079683
2026-06-10,GC=F,5m,0.0005445951371,275,37.04564408
2026-06-10,GOOGL,5m,0.0002842164069,77,26.76238677
2026-06-10,HG=F,5m,0.0002994335898,275,27.46948573
2026-06-10,JPM,5m,0.0001416065915,77,18.89043702
2026-06-10,KC=F,5m,0.0001934598775,97,22.07982996
2026-06-10,KO,5m,0.0001430458903,77,18.98619613
2026-06-10,MC.PA,5m,0.0002835927514,101,26.73300831
2026-06-10,META,5m,0.0002791715673,77,26.52380722
2026-06-10,MSFT,5m,0.0002120074721,77,23.11403967
2026-06-10,NG=F,5m,0.0007961014502,275,44.79035225
2026-06-10,NVDA,5m,0.0005062536335,77,35.71777088
2026-06-10,NZDUSD=X,5m,3.720088134e-05,287,9.682263216
2026-06-10,PG,5m,0.0001396898376,77,18.76215315
2026-06-10,SAN.PA,5m,0.0004588784434,101,34.00549481
2026-06-10,SAP.DE,5m,0.0005890598361,101,38.5283115
2026-06-10,SI=F,5m,0.002227181356,275,74.91660042
2026-06-10,SIE.DE,5m,0.0002897165524,101,27.0200983
2026-06-10,SOLUSDT,5m,0.001916514783,287,69.49544771
2026-06-10,TSLA,5m,0.0006173031332,77,39.44114471
2026-06-10,TTE.PA,5m,0.0001555369688,101,19.79780699
2026-06-10,UNH,5m,0.0004110840858,77,32.18589592
2026-06-10,USDCAD=X,5m,1.05455156e-05,287,5.155065403
2026-06-10,USDCHF=X,5m,2.572619719e-05,287,8.051708944
2026-06-10,USDJPY=X,5m,2.687564337e-06,287,2.602433886
2026-06-10,V,5m,0.0001474090454,77,19.27357763
2026-06-10,XOM,5m,0.0001625236593,77,20.23757944
2026-06-10,XRPUSDT,5m,0.001325311628,287,57.79087561
2026-06-10,ZW=F,5m,0.0002762330121,207,26.38384336
2026-06-10,^FCHI,5m,7.983041895e-05,101,14.18353467
2026-06-10,^GDAXI,5m,0.0001004508661,101,15.91025401
2026-06-10,^GSPC,5m,0.0001142747122,77,16.96974587
2026-06-10,^HSI,5m,0.0001273238814,69,17.91245883
2026-06-10,^KS11,5m,0.001012747526,71,50.51854874
2026-06-10,^N225,5m,0.0002037474341,67,22.65929244
2026-06-10,^NDX,5m,0.000317332194,77,28.27856306
2026-06-10,^STOXX50E,5m,0.0001024472895,101,16.06758132
2026-06-11,005930.KS,5m,0.001839659957,71,68.08776022
2026-06-11,0700.HK,5m,0.0004194427693,66,32.51147149
2026-06-11,2330.TW,5m,0.0002643237373,52,25.80883217
2026-06-11,6758.T,5m,0.0002769427829,64,26.41771778
2026-06-11,7203.T,5m,0.000252480715,64,25.2240243
2026-06-11,9984.T,5m,0.002537496923,64,79.96556912
2026-06-11,9988.HK,5m,0.0006889682383,66,41.66773285
2026-06-11,AAPL,5m,0.0003040228833,77,27.67919193
2026-06-11,AIR.PA,5m,0.0003198556045,101,28.39077532
2026-06-11,AMZN,5m,0.0003518968013,77,29.77885053
2026-06-11,ASML.AS,5m,0.0008279702217,101,45.67805774
2026-06-11,AUDUSD=X,5m,4.216755163e-05,287,10.30835729
2026-06-11,BNBUSDT,5m,0.0004376358684,287,33.20907088
2026-06-11,BNP.PA,5m,0.0001707337361,101,20.74244477
2026-06-11,BTCUSDT,5m,0.0005698885197,287,37.89616167
2026-06-11,BZ=F,5m,0.002130293939,275,73.26896155
2026-06-11,CC=F,5m,0.0004943383356,98,35.29493739
2026-06-11,CL=F,5m,0.002219222891,275,74.78262957
2026-06-11,COST,5m,0.0001361709331,77,18.52432863
2026-06-11,ETHUSDT,5m,0.001070792074,287,51.94608768
2026-06-11,EURUSD=X,5m,2.245002688e-05,287,7.521573488
2026-06-11,GBPUSD=X,5m,2.810782662e-05,287,8.416158451
2026-06-11,GC=F,5m,0.0005997149012,275,38.87520483
2026-06-11,GOOGL,5m,0.0006075998334,77,39.12993202
2026-06-11,HG=F,5m,0.0003921171685,275,31.43461889
2026-06-11,JPM,5m,0.0002075400192,77,22.8692118
2026-06-11,KC=F,5m,0.0006062230943,98,39.08557531
2026-06-11,KO,5m,0.0001017005721,77,16.00891757
2026-06-11,MC.PA,5m,0.00132446324,101,57.77237546
2026-06-11,META,5m,0.000461003635,77,34.08414822
2026-06-11,MSFT,5m,0.0004115070903,77,32.20245126
2026-06-11,NG=F,5m,0.000580034664,274,38.23202
2026-06-11,NVDA,5m,0.0006288314992,77,39.80773013
2026-06-11,NZDUSD=X,5m,6.961230736e-05,287,13.24473535
2026-06-11,PG,5m,0.0001241058062,77,17.68464395
2026-06-11,SAN.PA,5m,0.000140278724,101,18.80165909
2026-06-11,SAP.DE,5m,0.0004777902012,101,34.69915427
2026-06-11,SI=F,5m,0.00213521406,275,73.35352364
2026-06-11,SIE.DE,5m,0.0002487681653,101,25.03788682
2026-06-11,SOLUSDT,5m,0.001225921451,287,55.58167015
2026-06-11,TSLA,5m,0.000715677044,77,42.46770715
2026-06-11,TTE.PA,5m,0.0001535320867,101,19.66979559
2026-06-11,UNH,5m,0.0001883474449,77,21.78613231
2026-06-11,USDCAD=X,5m,1.489625481e-05,287,6.126872133
2026-06-11,USDCHF=X,5m,3.299176084e-05,287,9.118072017
2026-06-11,USDJPY=X,5m,9.57315107e-06,287,4.91165356
2026-06-11,V,5m,0.0001343630161,77,18.40094564
2026-06-11,XOM,5m,0.0003695390499,77,30.51619907
2026-06-11,XRPUSDT,5m,0.0010133824,287,50.53438084
2026-06-11,ZW=F,5m,0.000323580784,210,28.55562249
2026-06-11,^FCHI,5m,8.911178115e-05,101,14.98538249
2026-06-11,^GDAXI,5m,7.832586667e-05,101,14.0492414
2026-06-11,^GSPC,5m,0.0002090333996,77,22.95134347
2026-06-11,^HSI,5m,8.804155192e-05,69,14.89512373
2026-06-11,^KS11,5m,0.001236330638,71,55.8171408
2026-06-11,^N225,5m,0.0004423530387,67,33.38756741
2026-06-11,^NDX,5m,0.0004681676848,77,34.34796305
2026-06-11,^STOXX50E,5m,0.0001076743706,101,16.47238337
2026-06-12,005930.KS,5m,0.001585762674,71,63.21488701
2026-06-12,0700.HK,5m,0.0002524610172,67,25.22304033
2026-06-12,2330.TW,5m,0.0001987989737,52,22.38243538
2026-06-12,6758.T,5m,0.0005052761053,64,35.68327038
2026-06-12,7203.T,5m,0.0001433180768,64,19.00425094
2026-06-12,9984.T,5m,0.001937943077,64,69.8828774
2026-06-12,9988.HK,5m,0.0003144192941,66,28.14847458
2026-06-12,AAPL,5m,0.000178824178,77,21.22821068
2026-06-12,AIR.PA,5m,0.0003509419239,101,29.7384204
2026-06-12,AMZN,5m,0.0003536651937,77,29.85358083
2026-06-12,ASML.AS,5m,0.0007202813606,101,42.60409638
2026-06-12,AUDUSD=X,5m,3.002317518e-05,257,8.698183801
2026-06-12,BNBUSDT,5m,0.0003667686751,287,30.40159636
2026-06-12,BNP.PA,5m,0.0002210748514,101,23.60314863
2026-06-12,BTCUSDT,5m,0.0004176020011,287,32.44005306
2026-06-12,BZ=F,5m,0.0009760578407,251,49.59501748
2026-06-12,CC=F,5m,0.00118484734,98,54.64261428
2026-06-12,CL=F,5m,0.001075956846,251,52.07121328
2026-06-12,COST,5m,0.000134510418,77,18.41103618
2026-06-12,ETHUSDT,5m,0.0006290981509,287,39.81616933
2026-06-12,EURUSD=X,5m,1.031810215e-05,257,5.099178113
2026-06-12,GBPUSD=X,5m,1.277149764e-05,257,5.673109733
2026-06-12,GC=F,5m,0.0003079678392,251,27.85819367
2026-06-12,GOOGL,5m,0.0004236561407,77,32.674355
2026-06-12,HG=F,5m,0.0002645727621,251,25.82098682
2026-06-12,JPM,5m,0.0001207587277,77,17.44454051
2026-06-12,KC=F,5m,0.0001444896307,97,19.08176798
2026-06-12,KO,5m,8.653103453e-05,77,14.76679407
2026-06-12,MC.PA,5m,0.0004575509552,101,33.95627198
2026-06-12,META,5m,0.0004060661114,77,31.98885119
2026-06-12,MSFT,5m,0.0002289887664,77,24.02190024
2026-06-12,NG=F,5m,0.0005269787446,251,36.44154822
2026-06-12,NVDA,5m,0.0004689485951,77,34.37659756
2026-06-12,NZDUSD=X,5m,3.124762901e-05,257,8.873783021
2026-06-12,PG,5m,6.530884561e-05,77,12.82880707
2026-06-12,SAN.PA,5m,0.0001371254171,101,18.58913799
2026-06-12,SAP.DE,5m,0.0005680242095,101,37.83412491
2026-06-12,SI=F,5m,0.0009972335236,251,50.13011549
2026-06-12,SIE.DE,5m,0.0003108459821,101,27.98806665
2026-06-12,SOLUSDT,5m,0.0009318712003,287,48.45942039
2026-06-12,TSLA,5m,0.001427406926,77,59.97554046
2026-06-12,TTE.PA,5m,0.0003096367157,101,27.93357341
2026-06-12,UNH,5m,0.0001526262231,77,19.61168229
2026-06-12,USDCAD=X,5m,1.057915857e-05,253,5.163281864
2026-06-12,USDCHF=X,5m,1.655261951e-05,252,6.458529335
2026-06-12,USDJPY=X,5m,6.22883232e-06,252,3.961900737
2026-06-12,V,5m,0.0001465660272,77,19.21838673
2026-06-12,XOM,5m,0.0002035943795,77,22.65078004
2026-06-12,XRPUSDT,5m,0.0007202970862,287,42.60456146
2026-06-12,ZW=F,5m,0.0002869371175,209,26.89017546
2026-06-12,^FCHI,5m,7.982586621e-05,101,14.18313022
2026-06-12,^GDAXI,5m,9.042455397e-05,101,15.09535942
2026-06-12,^GSPC,5m,0.0001233459617,77,17.63042324
2026-06-12,^HSI,5m,5.408000181e-05,69,11.67397124
2026-06-12,^KS11,5m,0.0008211409234,71,45.48928585
2026-06-12,^N225,5m,0.0002801167908,67,26.56867164
2026-06-12,^NDX,5m,0.0002510558649,77,25.15274895
2026-06-12,^STOXX50E,5m,0.0001041938085,101,16.2039624
2026-06-13,BNBUSDT,5m,0.0001514827932,287,19.53808176
2026-06-13,BTCUSDT,5m,0.0001248948386,287,17.74077206
2026-06-13,ETHUSDT,5m,0.0001790320712,287,21.24054659
2026-06-13,SOLUSDT,5m,0.000589568984,287,38.54495868
2026-06-13,XRPUSDT,5m,0.0003209813208,287,28.44069142
2026-06-14,BNBUSDT,5m,0.0002537597686,287,25.28783535
2026-06-14,BTCUSDT,5m,0.0002953239101,287,27.28032722
2026-06-14,ETHUSDT,5m,0.0003989947723,287,31.7090969
2026-06-14,SOLUSDT,5m,0.0007706684742,287,44.06908843
2026-06-14,XRPUSDT,5m,0.0005827210057,287,38.3204506
2026-06-15,005930.KS,5m,0.0003026174296,71,27.61513937
2026-06-15,0700.HK,5m,0.0002419565485,66,24.69272165
2026-06-15,2330.TW,5m,0.0001833833877,52,21.49711927
2026-06-15,6758.T,5m,0.0002003131631,65,22.46751368
2026-06-15,7203.T,5m,0.0001300888944,65,18.10591102
2026-06-15,9984.T,5m,0.001872962354,62,68.7012746
2026-06-15,9988.HK,5m,0.0003978985462,66,31.66550705
2026-06-15,AAPL,5m,8.03637899e-05,77,14.23083801
2026-06-15,AIR.PA,5m,0.0002972316746,101,27.36829955
2026-06-15,AMZN,5m,0.0001194550076,77,17.35011871
2026-06-15,ASML.AS,5m,0.0006940894242,101,41.82230683
2026-06-15,AUDUSD=X,5m,1.526307717e-05,287,6.201850891
2026-06-15,BNBUSDT,5m,0.0004566205697,287,33.92173103
2026-06-15,BNP.PA,5m,0.0001205513197,101,17.42955323
2026-06-15,BTCUSDT,5m,0.0003882039972,287,31.27737318
2026-06-15,BZ=F,5m,0.0004858969012,265,34.99228759
2026-06-15,CC=F,5m,0.00117959345,104,54.52133062
2026-06-15,CL=F,5m,0.0005617868067,275,37.62582561
2026-06-15,COST,5m,0.0001080062962,77,16.49775337
2026-06-15,ETHUSDT,5m,0.000995931836,287,50.09738742
2026-06-15,EURUSD=X,5m,1.052019144e-05,287,5.148871956
2026-06-15,GBPUSD=X,5m,1.008241545e-05,287,5.040603826
2026-06-15,GC=F,5m,0.0001404283309,275,18.81168238
2026-06-15,GOOGL,5m,0.000155552167,77,19.79877423
2026-06-15,HG=F,5m,0.000159995131,274,20.07953511
2026-06-15,JPM,5m,0.0001244087097,77,17.70621215
2026-06-15,KC=F,5m,0.0002715489235,98,26.15919126
2026-06-15,KO,5m,6.953938829e-05,77,13.23779659
2026-06-15,MC.PA,5m,0.0003506471103,101,29.7259267
2026-06-15,META,5m,0.0001641720977,77,20.33995296
2026-06-15,MSFT,5m,0.0001318411009,77,18.22744015
2026-06-15,NG=F,5m,0.0003988607891,275,31.70377246
2026-06-15,NVDA,5m,0.0001490042675,77,19.37758381
2026-06-15,NZDUSD=X,5m,1.833492516e-05,287,6.797353265
2026-06-15,PG,5m,0.0001661371323,77,20.46131896
2026-06-15,SAN.PA,5m,0.0001310009477,101,18.16927044
2026-06-15,SAP.DE,5m,0.000309201345,101,27.91392823
2026-06-15,SI=F,5m,0.0004447553048,275,33.47810281
2026-06-15,SIE.DE,5m,0.0001408270617,101,18.8383703
2026-06-15,SOLUSDT,5m,0.001438808864,287,60.21460236
2026-06-15,TSLA,5m,0.0005415935252,77,36.94341191
2026-06-15,TTE.PA,5m,0.0002922289716,101,27.13700441
2026-06-15,UNH,5m,0.0001784548082,77,21.20627541
2026-06-15,USDCAD=X,5m,9.979837722e-06,287,5.014896914
2026-06-15,USDCHF=X,5m,1.683813754e-05,287,6.513993137
2026-06-15,USDJPY=X,5m,4.040552852e-06,287,3.190954902
2026-06-15,V,5m,9.322053832e-05,77,15.32696175
2026-06-15,XOM,5m,0.0001860724052,77,21.65415574
2026-06-15,XRPUSDT,5m,0.002145727453,287,73.53389138
2026-06-15,ZW=F,5m,0.0002621213102,206,25.70108367
2026-06-15,^FCHI,5m,3.585773628e-05,101,9.505866369
2026-06-15,^GDAXI,5m,2.739988962e-05,101,8.309495883
2026-06-15,^GSPC,5m,1.282251994e-05,77,5.684430513
2026-06-15,^HSI,5m,3.155867712e-05,69,8.91783978
2026-06-15,^KS11,5m,0.000260261846,71,25.60976087
2026-06-15,^N225,5m,0.0002891889515,67,26.99548403
2026-06-15,^NDX,5m,3.890208633e-05,77,9.901174554
2026-06-15,^STOXX50E,5m,3.363831191e-05,101,9.206983546
2026-06-16,005930.KS,5m,0.0006576019695,71,40.70819283
2026-06-16,0700.HK,5m,0.0002343173063,66,24.29978625
2026-06-16,2330.TW,5m,0.0001787752012,52,21.22530346
2026-06-16,6758.T,5m,0.000133468993,64,18.33962547
2026-06-16,7203.T,5m,9.606631341e-05,64,15.55914875
2026-06-16,9984.T,5m,0.001172753282,65,54.36302302
2026-06-16,9988.HK,5m,0.0003496895328,66,29.68530988
2026-06-16,AAPL,5m,0.0001338400688,77,18.36510205
2026-06-16,AIR.PA,5m,0.0001507098486,101,19.48817125
2026-06-16,AMZN,5m,0.0001353254266,77,18.46672887
2026-06-16,ASML.AS,5m,0.0003967126065,101,31.61828219
2026-06-16,AUDUSD=X,5m,1.604367363e-05,287,6.358463459
2026-06-16,BNBUSDT,5m,0.0004920370821,287,35.21268872
2026-06-16,BNP.PA,5m,0.0001233578504,101,17.63127287
2026-06-16,BTCUSDT,5m,0.0003640493629,287,30.28868427
2026-06-16,BZ=F,5m,0.0005896792307,263,38.54856238
2026-06-16,CC=F,5m,0.002070595504,104,72.2350377
2026-06-16,CL=F,5m,0.0008621064665,275,46.61017374
2026-06-16,COST,5m,0.0001902579068,77,21.89634502
2026-06-16,ETHUSDT,5m,0.001034635246,287,51.06153954
2026-06-16,EURUSD=X,5m,6.931821918e-06,287,4.179496529
2026-06-16,GBPUSD=X,5m,9.05781859e-06,287,4.777625231
2026-06-16,GC=F,5m,9.646926832e-05,275,15.59174641
2026-06-16,GOOGL,5m,0.0002020927042,77,22.56709141
2026-06-16,HG=F,5m,0.0001415510735,273,18.88673358
2026-06-16,JPM,5m,0.0001132092603,77,16.89045103
2026-06-16,KC=F,5m,0.001174177676,110,54.39602691
2026-06-16,KO,5m,0.0001688819861,77,20.62965354
2026-06-16,MC.PA,5m,0.0001725373875,101,20.85171975
2026-06-16,META,5m,0.0002937288873,77,27.20655796
2026-06-16,MSFT,5m,7.990089604e-05,77,14.18979415
2026-06-16,NG=F,5m,0.0008623629003,275,46.61710532
2026-06-16,NVDA,5m,0.0002224690934,77,23.67746007
2026-06-16,NZDUSD=X,5m,1.940200106e-05,287,6.992356018
2026-06-16,PG,5m,0.0001524661193,77,19.60139333
2026-06-16,SAN.PA,5m,0.0001186687397,101,17.2929241
2026-06-16,SAP.DE,5m,0.0004879250989,101,35.06524275
2026-06-16,SI=F,5m,0.0004859438479,275,34.993978
2026-06-16,SIE.DE,5m,0.0001508777648,101,19.49902478
2026-06-16,SOLUSDT,5m,0.001071481531,287,51.96280841
2026-06-16,TSLA,5m,0.0005193479584,77,36.17674467
2026-06-16,TTE.PA,5m,0.0001015035748,101,15.99340515
2026-06-16,UNH,5m,0.0001117607557,77,16.78204708
2026-06-16,USDCAD=X,5m,1.034215692e-05,287,5.105118553
2026-06-16,USDCHF=X,5m,1.466842623e-05,287,6.079838329
2026-06-16,USDJPY=X,5m,4.67226494e-06,287,3.43134196
2026-06-16,V,5m,0.0001213200497,77,17.48503718
2026-06-16,XOM,5m,0.0002063548988,77,22.80382303
2026-06-16,XRPUSDT,5m,0.0008741179118,287,46.93375265
2026-06-16,ZW=F,5m,0.0005184892407,207,36.14682402
2026-06-16,^FCHI,5m,2.379208046e-05,101,7.743128746
2026-06-16,^GDAXI,5m,3.826548623e-05,101,9.819828171
2026-06-16,^GSPC,5m,1.973860842e-05,77,7.052750756
2026-06-16,^HSI,5m,5.577985062e-05,69,11.85602056
2026-06-16,^KS11,5m,0.0003037560845,71,27.66704417
2026-06-16,^N225,5m,0.00012193325,67,17.52916969
2026-06-16,^NDX,5m,8.744058064e-05,77,14.84419965
2026-06-16,^STOXX50E,5m,2.645183401e-05,101,8.164473143
2026-06-17,005930.KS,5m,0.0004905228005,71,35.1584621
2026-06-17,0700.HK,5m,0.0001796204794,66,21.27542263
2026-06-17,2330.TW,5m,0.0001477000672,52,19.29259364
2026-06-17,6758.T,5m,0.000171603262,64,20.79519704
2026-06-17,7203.T,5m,0.000113385826,64,16.90361741
2026-06-17,9984.T,5m,0.0005489310811,66,37.19282625
2026-06-17,9988.HK,5m,0.0003026436381,66,27.61633516
2026-06-17,AAPL,5m,0.000194656505,77,22.14801103
2026-06-17,AIR.PA,5m,0.0002158065709,101,23.32021781
2026-06-17,AMZN,5m,0.000213279728,77,23.18328956
2026-06-17,ASML.AS,5m,0.0006392219033,101,40.13526126
2026-06-17,AUDUSD=X,5m,4.466835263e-05,287,10.60962999
2026-06-17,BNBUSDT,5m,0.0006620720963,287,40.84631786
2026-06-17,BNP.PA,5m,0.0001288056623,101,18.0163889
2026-06-17,BTCUSDT,5m,0.0008411045951,287,46.03893547
2026-06-17,BZ=F,5m,0.000980184816,273,49.6997559
2026-06-17,CC=F,5m,0.001905827346,104,69.30140627
2026-06-17,CL=F,5m,0.0009837391712,275,49.78978521
2026-06-17,COST,5m,8.563253537e-05,77,14.68992815
2026-06-17,ETHUSDT,5m,0.001479192379,287,61.05378608
2026-06-17,EURUSD=X,5m,3.004417212e-05,287,8.701224842
2026-06-17,GBPUSD=X,5m,3.16450971e-05,287,8.930041696
2026-06-17,GC=F,5m,0.000622054093,275,39.59262955
2026-06-17,GOOGL,5m,0.0002489996307,77,25.04953232
2026-06-17,HG=F,5m,0.0004558519613,275,33.89316956
2026-06-17,JPM,5m,0.0001513160205,77,19.52732372
2026-06-17,KC=F,5m,0.00312276246,109,88.70942114
2026-06-17,KO,5m,0.0001598183151,77,20.06843676
2026-06-17,MC.PA,5m,0.0002892105314,101,26.99649124
2026-06-17,META,5m,0.0002217512558,77,23.63922936
2026-06-17,MSFT,5m,0.0001475871903,77,19.28522023
2026-06-17,NG=F,5m,0.0009082252873,275,47.84064929
2026-06-17,NVDA,5m,0.0003922612508,77,31.44039364
2026-06-17,NZDUSD=X,5m,5.606111363e-05,287,11.88587424
2026-06-17,PG,5m,0.0001510998609,77,19.51337104
2026-06-17,SAN.PA,5m,0.0001558387272,101,19.81700261
2026-06-17,SAP.DE,5m,0.0003732821889,101,30.67036217
2026-06-17,SI=F,5m,0.001870782908,275,68.66129134
2026-06-17,SIE.DE,5m,0.0001855871112,101,21.62589929
2026-06-17,SOLUSDT,5m,0.001958490142,287,70.25236764
2026-06-17,TSLA,5m,0.0006480345438,77,40.41097686
2026-06-17,TTE.PA,5m,0.0001559856799,101,19.82634392
2026-06-17,UNH,5m,0.0002838236485,77,26.74388891
2026-06-17,USDCAD=X,5m,1.726650616e-05,287,6.596331975
2026-06-17,USDCHF=X,5m,5.449176655e-05,287,11.71832973
2026-06-17,USDJPY=X,5m,7.324490974e-06,287,4.296244553
2026-06-17,V,5m,8.731888867e-05,77,14.83386664
2026-06-17,XOM,5m,0.0001321600065,77,18.24947167
2026-06-17,XRPUSDT,5m,0.001438080266,287,60.1993544
2026-06-17,ZW=F,5m,0.0002839122036,208,26.74806073
2026-06-17,^FCHI,5m,2.62671798e-05,101,8.135926075
2026-06-17,^GDAXI,5m,3.717852662e-05,101,9.67935365
2026-06-17,^GSPC,5m,0.0001497796734,77,19.42793805
2026-06-17,^HSI,5m,4.970670427e-05,69,11.19200137
2026-06-17,^KS11,5m,0.0001533401809,71,19.65749872
2026-06-17,^N225,5m,6.652755122e-05,67,12.94795077
2026-06-17,^NDX,5m,0.000313804199,77,28.12092782
2026-06-17,^STOXX50E,5m,3.090720649e-05,101,8.825313612
2026-06-18,005930.KS,5m,0.0009539991074,71,49.03139556
2026-06-18,0700.HK,5m,0.0002777649618,66,26.45690276
2026-06-18,2330.TW,5m,0.0001734722517,52,20.90813417
2026-06-18,6758.T,5m,0.000246074808,64,24.90197816
2026-06-18,7203.T,5m,0.0001439416093,64,19.04554687
2026-06-18,9984.T,5m,0.0009143970747,64,48.00292312
2026-06-18,9988.HK,5m,0.000465666788,66,34.25609881
2026-06-18,AAPL,5m,0.0001624092656,77,20.23045598
2026-06-18,AIR.PA,5m,0.0002723862168,101,26.19948981
2026-06-18,AMZN,5m,0.000296672913,77,27.34256281
2026-06-18,ASML.AS,5m,0.0003975487742,101,31.65158623
2026-06-18,AUDUSD=X,5m,2.45033279e-05,287,7.858014145
2026-06-18,BNBUSDT,5m,0.0005502499321,287,37.23747882
2026-06-18,BNP.PA,5m,0.0001157378837,101,17.07804049
2026-06-18,BTCUSDT,5m,0.0005328712095,287,36.64471924
2026-06-18,BZ=F,5m,0.000874758305,265,46.95094172
2026-06-18,CC=F,5m,0.002355940444,104,77.05173534
2026-06-18,CL=F,5m,0.0009167391079,275,48.06435844
2026-06-18,COST,5m,6.030392548e-05,77,12.32744467
2026-06-18,ETHUSDT,5m,0.0008682145389,287,46.77500014
2026-06-18,EURUSD=X,5m,1.561580809e-05,287,6.273104206
2026-06-18,GBPUSD=X,5m,2.070582851e-05,287,7.223481698
2026-06-18,GC=F,5m,0.0001864228862,275,21.67453975
2026-06-18,GOOGL,5m,0.0002794934203,77,26.53909228
2026-06-18,HG=F,5m,0.0001503508148,273,19.46494422
2026-06-18,JPM,5m,0.0001703374316,77,20.71835726
2026-06-18,KC=F,5m,0.003530878927,110,94.32822958
2026-06-18,KO,5m,8.069340155e-05,77,14.259992
2026-06-18,MC.PA,5m,0.0002588444379,101,25.5399292
2026-06-18,META,5m,0.0003551923314,77,29.91796576
2026-06-18,MSFT,5m,0.0001822044446,77,21.42790705
2026-06-18,NG=F,5m,0.001098824636,274,52.62165032
2026-06-18,NVDA,5m,0.0001983723981,77,22.35840878
2026-06-18,NZDUSD=X,5m,2.722986754e-05,287,8.28367468
2026-06-18,PG,5m,0.0001182147133,77,17.25981105
2026-06-18,SAN.PA,5m,0.000140002382,101,18.7831308
2026-06-18,SAP.DE,5m,0.000733506617,101,42.99344921
2026-06-18,SI=F,5m,0.0007854791374,275,44.49053187
2026-06-18,SIE.DE,5m,0.0001919646427,101,21.9943379
2026-06-18,SOLUSDT,5m,0.001231965185,287,55.71850918
2026-06-18,TSLA,5m,0.0005640859717,77,37.7027406
2026-06-18,TTE.PA,5m,0.00016594119,101,20.44924934
2026-06-18,UNH,5m,0.000162162705,77,20.21509378
2026-06-18,USDCAD=X,5m,1.104457338e-05,287,5.275635026
2026-06-18,USDCHF=X,5m,3.124295073e-05,287,8.87311872
2026-06-18,USDJPY=X,5m,1.268059231e-05,287,5.652883568
2026-06-18,V,5m,0.0001196950578,77,17.36754288
2026-06-18,XOM,5m,0.0001795385165,77,21.27056796
2026-06-18,XRPUSDT,5m,0.000780933705,287,44.36161558
2026-06-18,ZW=F,5m,0.0002506460714,208,25.13221239
2026-06-18,^FCHI,5m,4.120108114e-05,101,10.18953995
2026-06-18,^GDAXI,5m,5.043100144e-05,101,11.27324814
2026-06-18,^GSPC,5m,3.028061064e-05,77,8.735395745
2026-06-18,^HSI,5m,5.542738764e-05,69,11.81850316
2026-06-18,^KS11,5m,0.0002773903814,71,26.43905749
2026-06-18,^N225,5m,0.0001359333027,67,18.50815827
2026-06-18,^NDX,5m,7.081224365e-05,77,13.35840013
2026-06-18,^STOXX50E,5m,4.153949217e-05,101,10.23130101
2026-06-19,005930.KS,5m,0.001677207714,71,65.01202534
2026-06-19,6758.T,5m,9.719625757e-05,64,15.65038559
2026-06-19,7203.T,5m,5.57836272e-05,64,11.85642191
2026-06-19,9984.T,5m,0.001015171424,65,50.57896784
2026-06-19,AIR.PA,5m,0.0002189161879,101,23.48763065
2026-06-19,ASML.AS,5m,0.0003896908436,101,31.33721312
2026-06-19,AUDUSD=X,5m,1.64470415e-05,257,6.437899081
2026-06-19,BNBUSDT,5m,0.0003835130012,287,31.08782339
2026-06-19,BNP.PA,5m,9.471131797e-05,101,15.44902978
2026-06-19,BTCUSDT,5m,0.0003792158274,287,30.91316686
2026-06-19,ETHUSDT,5m,0.0005624876383,287,37.64928749
2026-06-19,EURUSD=X,5m,9.634736797e-06,257,4.927426989
2026-06-19,GBPUSD=X,5m,1.444864917e-05,257,6.034119316
2026-06-19,MC.PA,5m,0.0001879277245,101,21.76184426
2026-06-19,NZDUSD=X,5m,1.893825652e-05,257,6.908285347
2026-06-19,SAN.PA,5m,0.0005412504907,101,36.93171045
2026-06-19,SAP.DE,5m,0.0002476174166,101,24.97990973
2026-06-19,SIE.DE,5m,0.0001646342916,101,20.36856438
2026-06-19,SOLUSDT,5m,0.0009302915242,287,48.4183296
2026-06-19,TTE.PA,5m,0.0001067260504,101,16.39968436
2026-06-19,USDCAD=X,5m,9.670643026e-06,254,4.936600088
2026-06-19,USDCHF=X,5m,1.532795902e-05,252,6.215018642
2026-06-19,USDJPY=X,5m,4.920970238e-06,253,3.521483352
2026-06-19,XRPUSDT,5m,0.0006719308759,287,41.14931114
2026-06-19,^FCHI,5m,3.626048493e-05,101,9.559101528
2026-06-19,^GDAXI,5m,4.314439237e-05,101,10.42707384
2026-06-19,^KS11,5m,0.0009894396175,71,49.93383458
2026-06-19,^N225,5m,0.0001201014525,67,17.39700147
2026-06-19,^STOXX50E,5m,3.833611878e-05,101,9.828886983
2026-06-20,BNBUSDT,5m,0.0002141916616,287,23.23279981
2026-06-20,BTCUSDT,5m,0.0002262662976,287,23.87867396
2026-06-20,ETHUSDT,5m,0.0004169022211,287,32.4128616
2026-06-20,SOLUSDT,5m,0.001212977805,287,55.28746755
2026-06-20,XRPUSDT,5m,0.0004507222454,287,33.70192959
2026-06-21,BNBUSDT,5m,0.0002358136833,287,24.37725337
2026-06-21,BTCUSDT,5m,0.0002125267184,287,23.14232768
2026-06-21,ETHUSDT,5m,0.0003907907466,287,31.38140662
2026-06-21,SOLUSDT,5m,0.0008669941718,287,46.74211498
2026-06-21,XRPUSDT,5m,0.0005169687566,287,36.09378432
2026-06-22,005930.KS,5m,0.001609201193,71,63.68035023
2026-06-22,0700.HK,5m,0.0005023654286,67,35.58034401
2026-06-22,2330.TW,5m,0.0001965215775,52,22.25386203
2026-06-22,6758.T,5m,0.000243403552,65,24.76644809
2026-06-22,7203.T,5m,0.0001126329758,65,16.8474063
2026-06-22,9984.T,5m,0.0005899656387,65,38.55792279
2026-06-22,9988.HK,5m,0.0004340486462,66,33.07268644
2026-06-22,AAPL,5m,0.0001890809894,77,21.8285156
2026-06-22,AIR.PA,5m,0.000159194963,101,20.02926126
2026-06-22,AMZN,5m,0.0003043102328,77,27.69226944
2026-06-22,ASML.AS,5m,0.00045353557,101,33.80694657
2026-06-22,AUDUSD=X,5m,1.555469408e-05,287,6.260816966
2026-06-22,BNBUSDT,5m,0.0003532772075,287,29.83720099
2026-06-22,BNP.PA,5m,8.003342175e-05,101,14.20155706
2026-06-22,BTCUSDT,5m,0.0004257766739,287,32.75602568
2026-06-22,BZ=F,5m,0.01255657512,264,177.8835835
2026-06-22,CC=F,5m,0.002425303769,104,78.17778136
2026-06-22,CL=F,5m,0.003377376305,275,92.25501768
2026-06-22,COST,5m,0.0001322422374,77,18.25514826
2026-06-22,ETHUSDT,5m,0.0007029991053,287,42.08987699
2026-06-22,EURUSD=X,5m,1.182502934e-05,287,5.458852805
2026-06-22,GBPUSD=X,5m,1.930365638e-05,287,6.97461211
2026-06-22,GC=F,5m,0.0009678613522,275,49.38634029
2026-06-22,GOOGL,5m,0.0004406295623,77,33.32246235
2026-06-22,HG=F,5m,0.0008787400784,275,47.05767735
2026-06-22,JPM,5m,0.0001294659798,77,18.06251005
2026-06-22,KC=F,5m,0.002216946613,110,74.7442671
2026-06-22,KO,5m,8.394770093e-05,77,14.54469685
2026-06-22,MC.PA,5m,0.000565446237,101,37.74817237
2026-06-22,META,5m,0.0003166777526,77,28.24938825
2026-06-22,MSFT,5m,0.0002334607937,77,24.25533344
2026-06-22,NG=F,5m,0.001853761377,272,68.34821629
2026-06-22,NVDA,5m,0.0002300778338,77,24.0789564
2026-06-22,NZDUSD=X,5m,2.411447894e-05,287,7.795414482
2026-06-22,PG,5m,0.0001606549065,77,20.12089372
2026-06-22,SAN.PA,5m,0.0002570052553,101,25.44903227
2026-06-22,SAP.DE,5m,0.0004211959042,101,32.57934435
2026-06-22,SI=F,5m,0.00887303433,275,149.5327607
2026-06-22,SIE.DE,5m,0.0001439342988,101,19.04506322
2026-06-22,SOLUSDT,5m,0.001041508399,287,51.23086146
2026-06-22,TSLA,5m,0.0008509508995,77,46.30762644
2026-06-22,TTE.PA,5m,0.000117054485,101,17.17490327
2026-06-22,UNH,5m,0.0001189836839,77,17.31585642
2026-06-22,USDCAD=X,5m,1.091701225e-05,287,5.245080635
2026-06-22,USDCHF=X,5m,1.963834798e-05,287,7.034816053
2026-06-22,USDJPY=X,5m,1.397074696e-05,287,5.93348821
2026-06-22,V,5m,0.0001920390421,77,21.99859964
2026-06-22,XOM,5m,0.0001857485469,77,21.63530305
2026-06-22,XRPUSDT,5m,0.0006485443356,287,40.42686886
2026-06-22,ZW=F,5m,0.0002843443949,210,26.76841189
2026-06-22,^FCHI,5m,4.161569425e-05,101,10.24068111
2026-06-22,^GDAXI,5m,3.637904473e-05,101,9.574716326
2026-06-22,^GSPC,5m,4.68120507e-05,77,10.86123233
2026-06-22,^HSI,5m,0.0001405869216,69,18.82230173
2026-06-22,^KS11,5m,0.0006170518872,71,39.4331175
2026-06-22,^N225,5m,7.645949622e-05,67,13.88084761
2026-06-22,^NDX,5m,0.0001234289434,77,17.63635272
2026-06-22,^STOXX50E,5m,2.955658151e-05,101,8.630329392
2026-06-23,005930.KS,5m,0.001821540322,66,67.75161704
2026-06-23,0700.HK,5m,0.0004541920734,66,33.8314059
2026-06-23,2330.TW,5m,0.0002501825641,52,25.10896377
2026-06-23,6758.T,5m,0.000143157983,65,18.9936336
2026-06-23,7203.T,5m,7.258066452e-05,64,13.52417371
2026-06-23,9984.T,5m,0.0006933391734,64,41.79969757
2026-06-23,9988.HK,5m,0.00032132814,66,28.45605231
2026-06-23,AAPL,5m,0.0002864734067,77,26.86843845
2026-06-23,AIR.PA,5m,0.0002368378321,101,24.43013174
2026-06-23,AMZN,5m,0.0002692965245,77,26.05047488
2026-06-23,ASML.AS,5m,0.0006253214064,101,39.69647269
2026-06-23,AUDUSD=X,5m,1.876591556e-05,287,6.876780294
2026-06-23,BNBUSDT,5m,0.000448934178,287,33.63501343
2026-06-23,BNP.PA,5m,0.000104953797,101,16.26295079
2026-06-23,BTCUSDT,5m,0.0004036218603,287,31.89242995
2026-06-23,BZ=F,5m,0.0005993474433,256,38.86329318
2026-06-23,CC=F,5m,0.001531476713,104,62.12343612
2026-06-23,CL=F,5m,0.000597842161,275,38.81445923
2026-06-23,COST,5m,8.435493749e-05,77,14.57993287
2026-06-23,ETHUSDT,5m,0.0008262305354,287,45.63004437
2026-06-23,EURUSD=X,5m,1.057578637e-05,287,5.162458877
2026-06-23,GBPUSD=X,5m,1.174767447e-05,287,5.440968632
2026-06-23,GC=F,5m,0.0002581060464,275,25.503475
2026-06-23,GOOGL,5m,0.0001755320261,77,21.03189734
2026-06-23,HG=F,5m,0.0002275029008,274,23.94383658
2026-06-23,JPM,5m,7.930549818e-05,77,14.13682621
2026-06-23,KC=F,5m,0.002266440363,110,75.57400157
2026-06-23,KO,5m,6.193474357e-05,77,12.4930202
2026-06-23,MC.PA,5m,0.0002419405378,101,24.69190465
2026-06-23,META,5m,0.0002222537954,77,23.66600018
2026-06-23,MSFT,5m,0.0002975470991,77,27.38281742
2026-06-23,NG=F,5m,0.0005428279926,273,36.98549096
2026-06-23,NVDA,5m,0.000204436018,77,22.69754977
2026-06-23,NZDUSD=X,5m,2.330838246e-05,287,7.664014862
2026-06-23,PG,5m,9.172283831e-05,77,15.20334018
2026-06-23,SAN.PA,5m,0.0001747212457,101,20.98326808
2026-06-23,SAP.DE,5m,0.0003507507748,101,29.73032043
2026-06-23,SI=F,5m,0.0009623763645,275,49.24620227
2026-06-23,SIE.DE,5m,0.0002675615392,101,25.96642214
2026-06-23,SOLUSDT,5m,0.001047751119,287,51.38416896
2026-06-23,TSLA,5m,0.0003005989438,77,27.52288754
2026-06-23,TTE.PA,5m,8.092819031e-05,101,14.28072266
2026-06-23,UNH,5m,0.0001583230908,77,19.97433826
2026-06-23,USDCAD=X,5m,7.739358242e-06,287,4.416240796
2026-06-23,USDCHF=X,5m,1.548176956e-05,287,6.246123541
2026-06-23,USDJPY=X,5m,6.168642936e-06,287,3.94271229
2026-06-23,V,5m,0.0001059193824,77,16.3375899
2026-06-23,XOM,5m,7.73309132e-05,77,13.95972425
2026-06-23,XRPUSDT,5m,0.0005474614078,287,37.14300402
2026-06-23,ZW=F,5m,0.0002237264064,208,23.74427393
2026-06-23,^FCHI,5m,3.757513533e-05,101,9.730844826
2026-06-23,^GDAXI,5m,3.900657876e-05,101,9.914463096
2026-06-23,^GSPC,5m,3.939905542e-05,77,9.964216961
2026-06-23,^HSI,5m,8.236531022e-05,69,14.40696296
2026-06-23,^KS11,5m,0.001162165213,71,54.11706142
2026-06-23,^N225,5m,0.0002315260545,67,24.15461979
2026-06-23,^NDX,5m,0.0001032249244,77,16.12844721
2026-06-23,^STOXX50E,5m,3.632365971e-05,101,9.56742507
2026-06-24,005930.KS,5m,0.004028047746,71,100.7505847
2026-06-24,0700.HK,5m,0.0008246845081,66,45.58733333
2026-06-24,2330.TW,5m,0.0002093668845,52,22.96964407
2026-06-24,6758.T,5m,0.0003522829421,64,29.79518441
2026-06-24,7203.T,5m,9.323914371e-05,64,15.32849119
2026-06-24,9984.T,5m,0.0008000514984,64,44.90133379
2026-06-24,9988.HK,5m,0.0007491640252,66,43.44989463
2026-06-24,AAPL,5m,0.0001901883912,77,21.89234446
2026-06-24,AIR.PA,5m,0.0002290643849,101,24.02586627
2026-06-24,AMZN,5m,0.000231176188,77,24.13636248
2026-06-24,ASML.AS,5m,0.000534357118,101,36.69577547
2026-06-24,AUDUSD=X,5m,2.542593273e-05,287,8.004583092
2026-06-24,BNBUSDT,5m,0.0007502557663,287,43.48154242
2026-06-24,BNP.PA,5m,0.0001316734478,101,18.21584718
2026-06-24,BTCUSDT,5m,0.0007078882918,287,42.23598579
2026-06-24,BZ=F,5m,0.0006266802408,248,39.73957985
2026-06-24,CC=F,5m,0.003151468502,104,89.11621976
2026-06-24,CL=F,5m,0.0006416312762,275,40.21082958
2026-06-24,COST,5m,0.0001108707465,77,16.71509142
2026-06-24,ETHUSDT,5m,0.001302736356,287,57.29655851
2026-06-24,EURUSD=X,5m,1.579207073e-05,287,6.308408536
2026-06-24,GBPUSD=X,5m,1.834566425e-05,287,6.799343638
2026-06-24,GC=F,5m,0.0004166532644,275,32.40318235
2026-06-24,GOOGL,5m,0.0002452807102,77,24.86176562
2026-06-24,HG=F,5m,0.0003314409809,275,28.90036802
2026-06-24,JPM,5m,0.0001175152014,77,17.20866955
2026-06-24,KC=F,5m,0.003938891613,110,99.62934741
2026-06-24,KO,5m,0.000132372124,77,18.26411105
2026-06-24,MC.PA,5m,0.000210510476,101,23.03229036
2026-06-24,META,5m,0.0002667715368,77,25.92805956
2026-06-24,MSFT,5m,0.0003103188309,77,27.96432466
2026-06-24,NG=F,5m,0.0004295337285,275,32.9002279
2026-06-24,NVDA,5m,0.0002690839591,77,26.04019157
2026-06-24,NZDUSD=X,5m,4.634475655e-05,287,10.80688607
2026-06-24,PG,5m,0.0001345410236,77,18.41313063
2026-06-24,SAN.PA,5m,0.000195686275,101,22.20651736
2026-06-24,SAP.DE,5m,0.0004334718273,101,33.05070354
2026-06-24,SI=F,5m,0.001823276104,275,67.78389029
2026-06-24,SIE.DE,5m,0.0001894499337,101,21.84980167
2026-06-24,SOLUSDT,5m,0.001647604494,287,64.43573019
2026-06-24,TSLA,5m,0.0003601996555,77,30.12811199
2026-06-24,TTE.PA,5m,0.0001122378332,101,16.81782803
2026-06-24,UNH,5m,0.0003353946554,77,29.07222956
2026-06-24,USDCAD=X,5m,9.130426344e-06,287,4.796735805
2026-06-24,USDCHF=X,5m,1.80040927e-05,287,6.735748927
2026-06-24,USDJPY=X,5m,2.615408826e-06,287,2.567261233
2026-06-24,V,5m,0.0001737474407,77,20.92471148
2026-06-24,XOM,5m,0.0001823351498,77,21.43559137
2026-06-24,XRPUSDT,5m,0.000975298144,287,49.57571303
2026-06-24,ZW=F,5m,0.0002257200374,208,23.84983216
2026-06-24,^FCHI,5m,3.125272017e-05,101,8.874505892
2026-06-24,^GDAXI,5m,4.780877911e-05,101,10.9762527
2026-06-24,^GSPC,5m,5.90052468e-05,77,12.19398302
2026-06-24,^HSI,5m,0.0001076095516,69,16.46742451
2026-06-24,^KS11,5m,0.00259400589,71,80.8510658
2026-06-24,^N225,5m,0.0003400117377,67,29.27165146
2026-06-24,^NDX,5m,0.0001635387925,77,20.30068366
2026-06-24,^STOXX50E,5m,3.845532742e-05,101,9.844156902
2026-06-25,005930.KS,5m,0.0007476921974,71,43.40719223
2026-06-25,0700.HK,5m,0.0003206534885,66,28.42616385
2026-06-25,2330.TW,5m,0.000246238915,52,24.91028032
2026-06-25,6758.T,5m,0.0002467553088,64,24.93638663
2026-06-25,7203.T,5m,9.596123166e-05,64,15.55063676
2026-06-25,9984.T,5m,0.001622673968,65,63.94637127
2026-06-25,9988.HK,5m,0.000346782383,66,29.56165769
2026-06-25,AAPL,5m,0.0009508760839,77,48.95107487
2026-06-25,AIR.PA,5m,0.0001303839152,101,18.12643005
2026-06-25,AMZN,5m,0.0004100248919,77,32.1444043
2026-06-25,ASML.AS,5m,0.0009282507448,101,48.36519282
2026-06-25,AUDUSD=X,5m,3.183717074e-05,287,8.957101667
2026-06-25,BNBUSDT,5m,0.001190592988,287,54.77494254
2026-06-25,BNP.PA,5m,8.929436468e-05,101,15.00072662
2026-06-25,BTCUSDT,5m,0.001488651906,287,61.24869635
2026-06-25,BZ=F,5m,0.0006064724868,257,39.09361414
2026-06-25,CC=F,5m,0.00223328598,104,75.019202
2026-06-25,CL=F,5m,0.0006600215216,275,40.78301404
2026-06-25,COST,5m,0.000206075919,77,22.7884031
2026-06-25,ETHUSDT,5m,0.001907146653,287,69.32538904
2026-06-25,EURUSD=X,5m,1.493919246e-05,287,6.135695966
2026-06-25,GBPUSD=X,5m,1.647683441e-05,287,6.443727393
2026-06-25,GC=F,5m,0.0003814948936,275,31.00592092
2026-06-25,GOOGL,5m,0.0002911089064,77,27.08494866
2026-06-25,HG=F,5m,0.0004144543058,275,32.31756257
2026-06-25,JPM,5m,0.0001642231527,77,20.34311542
2026-06-25,KC=F,5m,0.005407091469,110,116.7299041
2026-06-25,KO,5m,0.0001044263797,77,16.22203677
2026-06-25,MC.PA,5m,0.000284762598,101,26.78808965
2026-06-25,META,5m,0.0003746272272,77,30.72556936
2026-06-25,MSFT,5m,0.0004483908291,77,33.6146529
2026-06-25,NG=F,5m,0.0008516572435,274,46.32684161
2026-06-25,NVDA,5m,0.0006630321953,77,40.87592362
2026-06-25,NZDUSD=X,5m,4.5892544e-05,287,10.75403231
2026-06-25,PG,5m,0.0002571508089,77,25.45623771
2026-06-25,SAN.PA,5m,0.0001347457882,101,18.42713723
2026-06-25,SAP.DE,5m,0.0003232224612,101,28.53980733
2026-06-25,SI=F,5m,0.001722972262,275,65.89302013
2026-06-25,SIE.DE,5m,0.0002313781655,101,24.14690409
2026-06-25,SOLUSDT,5m,0.002917338876,287,85.74201984
2026-06-25,TSLA,5m,0.0004900745073,77,35.14239261
2026-06-25,TTE.PA,5m,0.0001053032344,101,16.29000155
2026-06-25,UNH,5m,0.0002010461785,77,22.50858436
2026-06-25,USDCAD=X,5m,1.330776498e-05,287,5.790990221
2026-06-25,USDCHF=X,5m,2.49083635e-05,287,7.922693735
2026-06-25,USDJPY=X,5m,4.766526459e-06,287,3.46578226
2026-06-25,V,5m,0.0002146131826,77,23.25564921
2026-06-25,XOM,5m,0.000137722099,77,18.62953809
2026-06-25,XRPUSDT,5m,0.001905702558,287,69.29913741
2026-06-25,ZW=F,5m,0.0002041622562,206,22.68234745
2026-06-25,^FCHI,5m,2.855441123e-05,101,8.482754052
2026-06-25,^GDAXI,5m,6.996641452e-05,101,13.27837959
2026-06-25,^GSPC,5m,0.0001377237052,77,18.62964673
2026-06-25,^HSI,5m,0.0001093966169,69,16.60359824
2026-06-25,^KS11,5m,0.0005145476062,71,36.00916505
2026-06-25,^N225,5m,0.0001167721479,67,17.15417771
2026-06-25,^NDX,5m,0.0004283763771,77,32.85587421
2026-06-25,^STOXX50E,5m,4.867069948e-05,101,11.07475339
2026-06-26,005930.KS,5m,0.002375910555,66,77.37761046
2026-06-26,0700.HK,5m,0.0003057388558,66,27.75719576
2026-06-26,2330.TW,5m,0.0002816264237,52,26.64016869
2026-06-26,6758.T,5m,0.0002240900268,64,23.76356176
2026-06-26,7203.T,5m,0.0001216020707,64,17.50534827
2026-06-26,9984.T,5m,0.001143344951,62,53.67708334
2026-06-26,9988.HK,5m,0.0002956417396,66,27.29500291
2026-06-26,AAPL,5m,0.0007252369052,77,42.75040352
2026-06-26,AIR.PA,5m,0.0001402123753,101,18.79721218
2026-06-26,AMZN,5m,0.0008878594064,77,47.30122307
2026-06-26,ASML.AS,5m,0.0004900266797,101,35.14067775
2026-06-26,AUDUSD=X,5m,2.237335069e-05,257,7.50871785
2026-06-26,BNBUSDT,5m,0.0009560785954,287,49.08480478
2026-06-26,BNP.PA,5m,0.0001156021526,101,17.06802345
2026-06-26,BTCUSDT,5m,0.001163689098,287,54.15253019
2026-06-26,BZ=F,5m,0.0008340078661,246,45.84429978
2026-06-26,CC=F,5m,0.001969231034,104,70.44474576
2026-06-26,CL=F,5m,0.001005287473,251,50.33214114
2026-06-26,COST,5m,8.709549677e-05,77,14.81487941
2026-06-26,ETHUSDT,5m,0.002075286417,287,72.31681527
2026-06-26,EURUSD=X,5m,1.658043174e-05,257,6.463952969
2026-06-26,GBPUSD=X,5m,1.405545765e-05,257,5.951449679
2026-06-26,GC=F,5m,0.0001966185164,251,22.25934998
2026-06-26,GOOGL,5m,0.0004876303484,77,35.05464988
2026-06-26,HG=F,5m,0.0002228381929,251,23.69709362
2026-06-26,JPM,5m,0.0001801924152,77,21.30926762
2026-06-26,KC=F,5m,0.002666814969,110,81.97788557
2026-06-26,KO,5m,0.0001087315042,77,16.55304777
2026-06-26,MC.PA,5m,0.0001425958726,101,18.95630763
2026-06-26,META,5m,0.0001712864122,77,20.77598996
2026-06-26,MSFT,5m,0.0006578213384,77,40.71498217
2026-06-26,NG=F,5m,0.0008491472901,251,46.25852539
2026-06-26,NVDA,5m,0.0003889484055,77,31.30734709
2026-06-26,NZDUSD=X,5m,1.913961439e-05,257,6.944913842
2026-06-26,PG,5m,0.0001002048163,77,15.89075634
2026-06-26,SAN.PA,5m,0.0001648187945,101,20.37997454
2026-06-26,SAP.DE,5m,0.0004002943364,101,31.7606947
2026-06-26,SI=F,5m,0.001557878807,246,62.65664046
2026-06-26,SIE.DE,5m,0.0002563781242,101,25.41796359
2026-06-26,SOLUSDT,5m,0.003081402424,287,88.11999835
2026-06-26,TSLA,5m,0.0004400924959,77,33.30214842
2026-06-26,TTE.PA,5m,0.0001258885133,101,17.81120584
2026-06-26,UNH,5m,0.0001307357443,77,18.15086983
2026-06-26,USDCAD=X,5m,1.452225072e-05,253,6.049468722
2026-06-26,USDCHF=X,5m,1.81765938e-05,251,6.767940335
2026-06-26,USDJPY=X,5m,3.697923246e-06,253,3.052665488
2026-06-26,V,5m,0.0001616384984,77,20.18239372
2026-06-26,XOM,5m,0.0001478479452,77,19.30224914
2026-06-26,XRPUSDT,5m,0.001537960985,287,62.25481252
2026-06-26,ZW=F,5m,0.0002149551965,206,23.27417228
2026-06-26,^FCHI,5m,3.370325156e-05,101,9.215866423
2026-06-26,^GDAXI,5m,4.756909809e-05,101,10.94870436
2026-06-26,^GSPC,5m,6.404009747e-05,77,12.70358397
2026-06-26,^HSI,5m,9.100531102e-05,69,15.14375725
2026-06-26,^KS11,5m,0.00147747737,71,61.01838225
2026-06-26,^N225,5m,0.0003478978923,67,29.60916562
2026-06-26,^NDX,5m,0.0001832514185,77,21.48938284
2026-06-26,^STOXX50E,5m,5.149625163e-05,101,11.39168794
2026-06-27,BNBUSDT,5m,0.0002204662375,287,23.57063679
2026-06-27,BTCUSDT,5m,0.0002116698724,287,23.09562899
2026-06-27,ETHUSDT,5m,0.000408884621,287,32.09967671
2026-06-27,SOLUSDT,5m,0.0007326329983,287,42.96783862
2026-06-27,XRPUSDT,5m,0.0004456937941,287,33.51340569
2026-06-28,BNBUSDT,5m,0.0004008187326,287,31.78149156
2026-06-28,BTCUSDT,5m,0.0003893440204,287,31.32326502
2026-06-28,ETHUSDT,5m,0.0006496448234,287,40.46115365
2026-06-28,SOLUSDT,5m,0.001294086837,287,57.10603147
2026-06-28,XRPUSDT,5m,0.0006804592378,287,41.40962786
2026-06-29,005930.KS,5m,0.0016830858,71,65.12584905
2026-06-29,0700.HK,5m,0.0005004400146,66,35.51209423
2026-06-29,2330.TW,5m,0.000265009004,53,25.84226558
2026-06-29,6758.T,5m,0.0002319153719,65,24.17491959
2026-06-29,7203.T,5m,0.0001663229941,65,20.47276105
2026-06-29,9984.T,5m,0.001299117844,65,57.21692902
2026-06-29,9988.HK,5m,0.000476862789,66,34.66546161
2026-06-29,AAPL,5m,0.0002067591099,77,22.82614634
2026-06-29,AIR.PA,5m,9.818317356e-05,101,15.72964073
2026-06-29,AMZN,5m,0.0004556211522,77,33.88458799
2026-06-29,ASML.AS,5m,0.000642881117,101,40.2499741
2026-06-29,AUDUSD=X,5m,1.243874948e-05,287,5.598718486
2026-06-29,BNBUSDT,5m,0.000678471469,287,41.34910037
2026-06-29,BNP.PA,5m,8.259165923e-05,101,14.42674535
2026-06-29,BTCUSDT,5m,0.0008393212905,287,45.99010385
2026-06-29,BZ=F,5m,0.0003548894999,265,29.90520924
2026-06-29,CC=F,5m,0.001537628073,104,62.24807422
2026-06-29,CL=F,5m,0.0004276730406,275,32.82889067
2026-06-29,COST,5m,0.0002349547915,77,24.33281888
2026-06-29,ETHUSDT,5m,0.001354050645,287,58.41410468
2026-06-29,EURUSD=X,5m,7.173757571e-06,287,4.251807742
2026-06-29,GBPUSD=X,5m,8.173652742e-06,287,4.538458429
2026-06-29,GC=F,5m,0.0001590732777,275,20.02160483
2026-06-29,GOOGL,5m,0.0002160710484,77,23.33450325
2026-06-29,HG=F,5m,0.0001520790801,275,19.5764982
2026-06-29,JPM,5m,5.673428048e-05,77,11.95702249
2026-06-29,KC=F,5m,0.002443935726,110,78.47750014
2026-06-29,KO,5m,6.721203199e-05,77,13.01438898
2026-06-29,MC.PA,5m,0.0001323674222,101,18.26378668
2026-06-29,META,5m,0.0002135677631,77,23.19893883
2026-06-29,MSFT,5m,0.0002592352169,77,25.55920082
2026-06-29,NG=F,5m,0.0005194628191,271,36.18074494
2026-06-29,NVDA,5m,0.0004152186203,77,32.34734801
2026-06-29,NZDUSD=X,5m,1.191291672e-05,287,5.479101215
2026-06-29,PG,5m,9.877617183e-05,77,15.77707048
2026-06-29,SAN.PA,5m,0.0001147090223,101,17.00196272
2026-06-29,SAP.DE,5m,0.000302154257,101,27.59399804
2026-06-29,SI=F,5m,0.0007754896125,275,44.20671695
2026-06-29,SIE.DE,5m,0.0001259464022,101,17.81530054
2026-06-29,SOLUSDT,5m,0.002689230962,287,82.32169838
2026-06-29,TSLA,5m,0.0006409152565,77,40.18838696
2026-06-29,TTE.PA,5m,8.43213694e-05,101,14.57703162
2026-06-29,UNH,5m,0.0001615718238,77,20.17823074
2026-06-29,USDCAD=X,5m,9.604024173e-06,287,4.919567147
2026-06-29,USDCHF=X,5m,8.787109998e-06,287,4.705689874
2026-06-29,USDJPY=X,5m,1.504953194e-06,287,1.9474296
2026-06-29,V,5m,0.0001084849259,77,16.53426785
2026-06-29,XOM,5m,0.000101198464,77,15.96934968
2026-06-29,XRPUSDT,5m,0.001097225639,287,52.58334916
2026-06-29,ZW=F,5m,0.0002096561496,206,22.98550624
2026-06-29,^FCHI,5m,2.285745417e-05,101,7.589518067
2026-06-29,^GDAXI,5m,3.062269365e-05,101,8.784599479
2026-06-29,^GSPC,5m,5.463093343e-05,77,11.73328395
2026-06-29,^HSI,5m,0.0001200134233,69,17.39062468
2026-06-29,^KS11,5m,0.001156303801,71,53.98041848
2026-06-29,^N225,5m,0.0003266619084,67,28.69125318
2026-06-29,^NDX,5m,0.0001698442001,77,20.68833933
2026-06-29,^STOXX50E,5m,2.778603222e-05,101,8.367843282
2026-06-30,005930.KS,5m,0.001481001467,71,61.09110981
2026-06-30,0700.HK,5m,0.0005593549768,66,37.54430105
2026-06-30,2330.TW,5m,0.0002118019555,52,23.10283376
2026-06-30,6758.T,5m,0.0001215684389,64,17.50292736
2026-06-30,7203.T,5m,8.310287141e-05,64,14.47132461
2026-06-30,9984.T,5m,0.001423542014,64,59.89428916
2026-06-30,9988.HK,5m,0.0005186101597,66,36.15103875
2026-06-30,AAPL,5m,0.0001790845013,77,21.24365654
2026-06-30,AIR.PA,5m,0.0002284223034,101,23.99216965
2026-06-30,AMZN,5m,0.0002424575558,77,24.71827341
2026-06-30,ASML.AS,5m,0.0003766707857,101,30.80925802
2026-06-30,AUDUSD=X,5m,1.848834947e-05,287,6.825733708
2026-06-30,BNBUSDT,5m,0.0003353760053,287,29.07142125
2026-06-30,BNP.PA,5m,7.1973823e-05,101,13.46751774
2026-06-30,BTCUSDT,5m,0.0004938777983,287,35.27849276
2026-06-30,BZ=F,5m,0.0003925854221,257,31.45338239
2026-06-30,CC=F,5m,0.00184615377,104,68.20782581
2026-06-30,CL=F,5m,0.0004488944123,275,33.63352374
2026-06-30,COST,5m,6.50205494e-05,77,12.80046032
2026-06-30,ETHUSDT,5m,0.000658315455,287,40.73027064
2026-06-30,EURUSD=X,5m,1.419340364e-05,287,5.980583347
2026-06-30,GBPUSD=X,5m,1.444169888e-05,287,6.032667833
2026-06-30,GC=F,5m,0.0002861661978,275,26.85402797
2026-06-30,GOOGL,5m,0.0001288509909,77,18.01955873
2026-06-30,HG=F,5m,0.000324594764,272,28.60032876
2026-06-30,JPM,5m,7.419122339e-05,77,13.67340056
2026-06-30,KC=F,5m,0.005892215667,109,121.8539432
2026-06-30,KO,5m,7.327266086e-05,77,13.58849165
2026-06-30,MC.PA,5m,0.0002526587434,101,25.23291567
2026-06-30,META,5m,0.0001399847665,77,18.78194909
2026-06-30,MSFT,5m,0.0001475616405,77,19.28355087
2026-06-30,NG=F,5m,0.0008215325477,274,45.50013209
2026-06-30,NVDA,5m,0.000265314962,77,25.85717897
2026-06-30,NZDUSD=X,5m,1.946604387e-05,287,7.003886817
2026-06-30,PG,5m,0.0001141744748,77,16.96230163
2026-06-30,SAN.PA,5m,0.0001457297595,101,19.16348074
2026-06-30,SAP.DE,5m,0.0002522969842,101,25.21484484
2026-06-30,SI=F,5m,0.001828469307,275,67.88035544
2026-06-30,SIE.DE,5m,0.000247145073,101,24.95607309
2026-06-30,SOLUSDT,5m,0.001239212439,287,55.88215589
2026-06-30,TSLA,5m,0.0003152361764,77,28.18501667
2026-06-30,TTE.PA,5m,8.603072706e-05,101,14.72404266
2026-06-30,UNH,5m,9.723337144e-05,77,15.65337331
2026-06-30,USDCAD=X,5m,1.022059324e-05,287,5.075026598
2026-06-30,USDCHF=X,5m,1.711076452e-05,287,6.566515559
2026-06-30,USDJPY=X,5m,1.489353379e-05,287,6.126312524
2026-06-30,V,5m,0.0001100309742,77,16.65166823
2026-06-30,XOM,5m,0.0001005596345,77,15.91886551
2026-06-30,XRPUSDT,5m,0.0006232856634,287,39.63180379
2026-06-30,ZW=F,5m,0.0008145188083,210,45.3054897
2026-06-30,^FCHI,5m,3.639928823e-05,101,9.577379931
2026-06-30,^GDAXI,5m,3.738635078e-05,101,9.706369247
2026-06-30,^GSPC,5m,1.889759016e-05,77,6.900864236
2026-06-30,^HSI,5m,9.146506169e-05,69,15.18196152
2026-06-30,^KS11,5m,0.0007436303639,71,43.28912701
2026-06-30,^N225,5m,0.0001904196706,67,21.90565155
2026-06-30,^NDX,5m,4.576139126e-05,77,10.73865476
2026-06-30,^STOXX50E,5m,3.171515469e-05,101,8.939921131
2026-07-01,005930.KS,5m,0.001271460816,71,56.60460456
2026-07-01,2330.TW,5m,0.0001292260234,52,18.04576346
2026-07-01,6758.T,5m,0.0003103284435,64,27.96475778
2026-07-01,7203.T,5m,7.619702095e-05,64,13.85700158
2026-07-01,9984.T,5m,0.00103734309,64,51.12831492
2026-07-01,AAPL,5m,0.0001814111162,77,21.381207
2026-07-01,AIR.PA,5m,0.0002235977184,101,23.73744406
2026-07-01,AMZN,5m,0.0003934008237,77,31.48602985
2026-07-01,ASML.AS,5m,0.0009985963264,101,50.16435729
2026-07-01,AUDUSD=X,5m,1.860788589e-05,287,6.847764046
2026-07-01,BNBUSDT,5m,0.000529928785,287,36.54340622
2026-07-01,BNP.PA,5m,9.611021368e-05,101,15.56270344
2026-07-01,BTCUSDT,5m,0.0006734778547,287,41.1966527
2026-07-01,BZ=F,5m,0.0003706008408,255,30.56000849
2026-07-01,CC=F,5m,0.00154305987,104,62.35792549
2026-07-01,CL=F,5m,0.0003819300237,275,31.02359843
2026-07-01,COST,5m,0.0002135830379,77,23.19976844
2026-07-01,ETHUSDT,5m,0.0009782720002,287,49.65123806
2026-07-01,EURUSD=X,5m,1.321327732e-05,287,5.770395035
2026-07-01,GBPUSD=X,5m,1.307662517e-05,287,5.740478676
2026-07-01,GC=F,5m,0.0002848232149,275,26.79094066
2026-07-01,GOOGL,5m,0.0001799544861,77,21.29519441
2026-07-01,HG=F,5m,0.0002927123714,274,27.1594399
2026-07-01,JPM,5m,0.0001397959675,77,18.7692791
2026-07-01,KC=F,5m,0.007539363018,110,137.8375667
2026-07-01,KO,5m,9.383958494e-05,77,15.37776817
2026-07-01,MC.PA,5m,0.0001836653971,101,21.5136422
2026-07-01,META,5m,0.001113770198,77,52.97830592
2026-07-01,MSFT,5m,0.0002912826543,77,27.09303026
2026-07-01,NG=F,5m,0.0007923332251,273,44.68422235
2026-07-01,NVDA,5m,0.0001818200518,77,21.40529212
2026-07-01,NZDUSD=X,5m,1.822371083e-05,287,6.776706523
2026-07-01,PG,5m,7.108140732e-05,77,13.38376429
2026-07-01,SAN.PA,5m,0.0001625796652,101,20.24106609
2026-07-01,SAP.DE,5m,0.0002537446141,101,25.28708025
2026-07-01,SI=F,5m,0.001116104061,275,53.0337839
2026-07-01,SIE.DE,5m,0.0002194262968,101,23.51497965
2026-07-01,SOLUSDT,5m,0.001401995092,287,59.43927684
2026-07-01,TSLA,5m,0.0004579567427,77,33.97132602
2026-07-01,TTE.PA,5m,0.0001061955524,101,16.35887503
2026-07-01,UNH,5m,0.0001997679876,77,22.43691888
2026-07-01,USDCAD=X,5m,1.115554188e-05,287,5.302071816
2026-07-01,USDCHF=X,5m,2.564216893e-05,287,8.038548731
2026-07-01,USDJPY=X,5m,6.563579707e-06,287,4.066967035
2026-07-01,V,5m,0.0001575806445,77,19.92744902
2026-07-01,XOM,5m,0.000117706164,77,17.22264594
2026-07-01,XRPUSDT,5m,0.0006417955433,287,40.21597654
2026-07-01,ZW=F,5m,0.0003298317471,209,28.83012318
2026-07-01,^FCHI,5m,2.756572347e-05,101,8.334603958
2026-07-01,^GDAXI,5m,3.999348006e-05,101,10.03910204
2026-07-01,^GSPC,5m,1.772275136e-05,77,6.682913543
2026-07-01,^KS11,5m,0.0009005211603,71,47.63731021
2026-07-01,^N225,5m,0.0001745545258,67,20.97325452
2026-07-01,^NDX,5m,5.48339557e-05,77,11.75506565
2026-07-01,^STOXX50E,5m,3.816241496e-05,101,9.80659399
2026-07-02,005930.KS,5m,0.001344389589,71,58.20534138
2026-07-02,0700.HK,5m,0.0003808607634,66,30.9801408
2026-07-02,2330.TW,5m,0.0001608236249,52,20.13145635
2026-07-02,6758.T,5m,0.0002482908787,64,25.01385644
2026-07-02,7203.T,5m,9.136577666e-05,64,15.17371929
2026-07-02,9984.T,5m,0.001087779986,64,52.35652362
2026-07-02,9988.HK,5m,0.0003592347171,66,30.08772984
2026-07-02,AAPL,5m,0.0002817980062,77,26.64828279
2026-07-02,AIR.PA,5m,0.0001450394133,101,19.11803655
2026-07-02,AMZN,5m,0.0003447218715,77,29.47370211
2026-07-02,ASML.AS,5m,0.0009250221101,101,48.28100783
2026-07-02,AUDUSD=X,5m,5.097510224e-05,287,11.33389861
2026-07-02,BNBUSDT,5m,0.0004475989939,287,33.58495891
2026-07-02,BNP.PA,5m,7.081887221e-05,101,13.35902534
2026-07-02,BTCUSDT,5m,0.0005167341947,287,36.08559506
2026-07-02,BZ=F,5m,0.0002950257467,254,27.26655244
2026-07-02,CC=F,5m,0.001723495651,104,65.90302756
2026-07-02,CL=F,5m,0.0003210455499,275,28.4435368
2026-07-02,COST,5m,0.000185979419,77,21.64874444
2026-07-02,ETHUSDT,5m,0.001015087501,287,50.57687715
2026-07-02,EURUSD=X,5m,2.911626335e-05,287,8.565803152
2026-07-02,GBPUSD=X,5m,3.253328851e-05,287,9.054495405
2026-07-02,GC=F,5m,0.0004546567395,275,33.84870727
2026-07-02,GOOGL,5m,0.0002542530348,77,25.31240107
2026-07-02,HG=F,5m,0.0002647134441,270,25.82785084
2026-07-02,JPM,5m,0.0001086164039,77,16.54428415
2026-07-02,KC=F,5m,0.006654789519,110,129.4993034
2026-07-02,KO,5m,0.0002001541555,77,22.45859461
2026-07-02,MC.PA,5m,0.0003296229031,101,28.82099436
2026-07-02,META,5m,0.0002652562981,77,25.85432017
2026-07-02,MSFT,5m,0.0002847914773,77,26.78944797
2026-07-02,NG=F,5m,0.0004306983459,275,32.94479976
2026-07-02,NVDA,5m,0.0003518758168,77,29.77796263
2026-07-02,NZDUSD=X,5m,5.682203862e-05,287,11.96626664
2026-07-02,PG,5m,0.0002170595882,77,23.38782081
2026-07-02,SAN.PA,5m,0.0001971066654,101,22.28696473
2026-07-02,SAP.DE,5m,0.0007104740474,101,42.31305472
2026-07-02,SI=F,5m,0.001672393057,275,64.91864526
2026-07-02,SIE.DE,5m,0.0002422249261,101,24.7064124
2026-07-02,SOLUSDT,5m,0.001278849469,287,56.76883531
2026-07-02,TSLA,5m,0.001145067053,77,53.71749225
2026-07-02,TTE.PA,5m,0.0001072731693,101,16.44166617
2026-07-02,UNH,5m,0.0001469439256,77,19.24314664
2026-07-02,USDCAD=X,5m,2.175837909e-05,287,7.40480353
2026-07-02,USDCHF=X,5m,4.844872059e-05,287,11.04946948
2026-07-02,USDJPY=X,5m,6.595560433e-05,287,12.89217293
2026-07-02,V,5m,7.929043291e-05,77,14.1354834
2026-07-02,XOM,5m,0.0002116811942,77,23.09624665
2026-07-02,XRPUSDT,5m,0.00074565405,287,43.34798964
2026-07-02,ZW=F,5m,0.0002120835929,210,23.11818882
2026-07-02,^FCHI,5m,3.59101797e-05,101,9.51281519
2026-07-02,^GDAXI,5m,4.729434356e-05,101,10.91703924
2026-07-02,^GSPC,5m,6.687743484e-05,77,12.98195424
2026-07-02,^HSI,5m,0.0001494675857,69,19.40768703
2026-07-02,^KS11,5m,0.001034322644,71,51.05382516
2026-07-02,^N225,5m,0.0001734789417,67,20.90853732
2026-07-02,^NDX,5m,0.0002175885603,77,23.41630141
2026-07-02,^STOXX50E,5m,3.844551189e-05,101,9.842900485
2026-07-03,005930.KS,5m,0.003802635666,71,97.89096934
2026-07-03,0700.HK,5m,0.0003119839608,66,28.03925073
2026-07-03,2330.TW,5m,0.0001095295649,52,16.61368423
2026-07-03,6758.T,5m,0.0003126998859,64,28.07140382
2026-07-03,7203.T,5m,0.0001116483566,64,16.77360602
2026-07-03,9984.T,5m,0.001007983844,65,50.3995961
2026-07-03,9988.HK,5m,0.0002607444218,66,25.6334926
2026-07-03,AIR.PA,5m,0.0001244510305,101,17.7092235
2026-07-03,ASML.AS,5m,0.0001428332009,101,18.97207596
2026-07-03,AUDUSD=X,5m,8.815408468e-06,257,4.713261009
2026-07-03,BNBUSDT,5m,0.0002634472411,287,25.76600566
2026-07-03,BNP.PA,5m,9.712825839e-05,101,15.64491007
2026-07-03,BTCUSDT,5m,0.000286867171,287,26.88689776
2026-07-03,ETHUSDT,5m,0.0006693088696,287,41.06894631
2026-07-03,EURUSD=X,5m,6.056104979e-06,257,3.906582208
2026-07-03,GBPUSD=X,5m,6.849355407e-06,257,4.154560822
2026-07-03,MC.PA,5m,0.0001136584222,101,16.9239246
2026-07-03,NZDUSD=X,5m,9.765665673e-06,257,4.960794039
2026-07-03,SAN.PA,5m,7.266639106e-05,101,13.5321582
2026-07-03,SAP.DE,5m,0.0001757717137,101,21.04625189
2026-07-03,SIE.DE,5m,9.712188704e-05,101,15.64439693
2026-07-03,SOLUSDT,5m,0.0006646823115,287,40.92675683
2026-07-03,TTE.PA,5m,4.495195558e-05,101,10.6432574
2026-07-03,USDCAD=X,5m,7.878699811e-06,252,4.455819063
2026-07-03,USDCHF=X,5m,9.373396807e-06,251,4.860139911
2026-07-03,USDJPY=X,5m,1.633607702e-05,251,6.4161448
2026-07-03,XRPUSDT,5m,0.0007691014246,287,44.02426138
2026-07-03,^FCHI,5m,1.745287858e-05,101,6.631836398
2026-07-03,^GDAXI,5m,2.388559403e-05,101,7.75833081
2026-07-03,^HSI,5m,6.881845602e-05,69,13.16899803
2026-07-03,^KS11,5m,0.002691024646,71,82.34914759
2026-07-03,^N225,5m,0.000276364273,67,26.39011118
2026-07-03,^STOXX50E,5m,1.856350271e-05,101,6.839592593
2026-07-04,BNBUSDT,5m,0.0002100030138,287,23.00451249
2026-07-04,BTCUSDT,5m,0.0001888564187,287,21.81554893
2026-07-04,ETHUSDT,5m,0.0004425220875,287,33.39394646
2026-07-04,SOLUSDT,5m,0.0005712545881,287,37.94155456
2026-07-04,XRPUSDT,5m,0.0009360052171,287,48.56679058
2026-07-05,BNBUSDT,5m,0.0004524838669,287,33.76772637
2026-07-05,BTCUSDT,5m,0.0001871406854,287,21.71622728
2026-07-05,ETHUSDT,5m,0.0003814541386,287,31.00426469
2026-07-05,SOLUSDT,5m,0.0004682909488,287,34.35248449
2026-07-05,XRPUSDT,5m,0.0005104675606,287,35.86611566
2026-07-06,005930.KS,5m,0.002337998929,71,76.75778332
2026-07-06,0700.HK,5m,0.001079192429,66,52.14944793
2026-07-06,2330.TW,5m,0.0002080945203,52,22.89974216
2026-07-06,6758.T,5m,0.0001381604711,65,18.65916362
2026-07-06,7203.T,5m,0.0002007187478,65,22.49024777
2026-07-06,9984.T,5m,0.0004724055357,66,34.5030716
2026-07-06,9988.HK,5m,0.0007325728504,66,42.96607479
2026-07-06,AAPL,5m,7.596461641e-05,77,13.83585319
2026-07-06,AIR.PA,5m,0.0001320014887,101,18.23852383
2026-07-06,AMZN,5m,0.0001514647464,77,19.5369179
2026-07-06,ASML.AS,5m,0.0003660557207,101,30.37203345
2026-07-06,AUDUSD=X,5m,1.157347807e-05,287,5.400478194
2026-07-06,BNBUSDT,5m,0.0005549898127,287,37.39751767
2026-07-06,BNP.PA,5m,5.332912931e-05,101,11.59264447
2026-07-06,BTCUSDT,5m,0.0007762859678,287,44.22940921
2026-07-06,BZ=F,5m,0.001767681404,251,66.74246878
2026-07-06,CC=F,5m,0.001444327599,104,60.32997224
2026-07-06,CL=F,5m,0.0006895171893,275,41.68432939
2026-07-06,COST,5m,0.0001084993554,77,16.53536741
2026-07-06,ETHUSDT,5m,0.001159734211,287,54.0604311
2026-07-06,EURUSD=X,5m,6.832460235e-06,287,4.149433671
2026-07-06,GBPUSD=X,5m,7.991300808e-06,287,4.487546995
2026-07-06,GC=F,5m,0.0001413505896,275,18.87335385
2026-07-06,GOOGL,5m,0.0001354159331,77,18.47290317
2026-07-06,HG=F,5m,0.0004912286822,274,35.18375022
2026-07-06,JPM,5m,8.808463177e-05,77,14.89876747
2026-07-06,KC=F,5m,0.007897862766,110,141.0766252
2026-07-06,KO,5m,0.0001250583505,77,17.75238134
2026-07-06,MC.PA,5m,0.0001526270921,101,19.61173812
2026-07-06,META,5m,0.0003600125051,77,30.12028408
2026-07-06,MSFT,5m,0.000309986947,77,27.94936683
2026-07-06,NG=F,5m,0.003296759439,274,91.14731913
2026-07-06,NVDA,5m,0.000153715645,77,19.68155038
2026-07-06,NZDUSD=X,5m,1.633424063e-05,287,6.415784159
2026-07-06,PG,5m,0.000168416703,77,20.60121578
2026-07-06,SAN.PA,5m,0.0002024045642,101,22.58449694
2026-07-06,SAP.DE,5m,0.000193388974,101,22.07578344
2026-07-06,SI=F,5m,0.001926460625,275,69.67553928
2026-07-06,SIE.DE,5m,7.211609632e-05,101,13.48082203
2026-07-06,SOLUSDT,5m,0.001316559922,287,57.59974829
2026-07-06,TSLA,5m,0.0005605949962,77,37.5858935
2026-07-06,TTE.PA,5m,5.354219413e-05,101,11.61577932
2026-07-06,UNH,5m,0.0001822494909,77,21.43055569
2026-07-06,USDCAD=X,5m,9.2506538e-06,287,4.828213705
2026-07-06,USDCHF=X,5m,1.185704187e-05,287,5.466236869
2026-07-06,USDJPY=X,5m,6.356534585e-06,287,4.002307729
2026-07-06,V,5m,0.0003897161842,77,31.33823199
2026-07-06,XOM,5m,0.000112365544,77,16.82739347
2026-07-06,XRPUSDT,5m,0.001154266442,287,53.93284188
2026-07-06,ZW=F,5m,0.0002043759665,210,22.69421591
2026-07-06,^FCHI,5m,1.991038981e-05,101,7.083373654
2026-07-06,^GDAXI,5m,1.866044651e-05,101,6.85742847
2026-07-06,^GSPC,5m,1.033907742e-05,77,5.104358441
2026-07-06,^HSI,5m,0.0001520846936,69,19.5768595
2026-07-06,^KS11,5m,0.001695814243,71,65.3716444
2026-07-06,^N225,5m,0.000267953963,67,25.98545722
2026-07-06,^NDX,5m,4.552072568e-05,77,10.71037948
2026-07-06,^STOXX50E,5m,1.659802159e-05,101,6.4673808
2026-07-07,005930.KS,5m,0.001941266905,66,69.94278091
2026-07-07,0700.HK,5m,0.000442406132,66,33.38957102
2026-07-07,2330.TW,5m,0.0002697363852,52,26.07174123
2026-07-07,6758.T,5m,0.0002106603212,64,23.04048631
2026-07-07,7203.T,5m,0.0001830198162,65,21.47579886
2026-07-07,9984.T,5m,0.0006830009335,64,41.48689374
2026-07-07,9988.HK,5m,0.0008460562957,66,46.17425544
2026-07-07,AAPL,5m,0.0001287871297,77,18.01509275
2026-07-07,AIR.PA,5m,0.0002394727638,101,24.56565417
2026-07-07,AMZN,5m,0.0002878145759,77,26.93125937
2026-07-07,ASML.AS,5m,0.0005606371557,101,37.5873068
2026-07-07,AUDUSD=X,5m,1.495822718e-05,287,6.139603611
2026-07-07,BNBUSDT,5m,0.0003177724566,287,28.29817292
2026-07-07,BNP.PA,5m,0.0001514163765,101,19.53379812
2026-07-07,BTCUSDT,5m,0.0004528563554,287,33.78162246
2026-07-07,BZ=F,5m,0.0005412638203,264,36.93216521
2026-07-07,CC=F,5m,0.002111893278,104,72.9518407
2026-07-07,CL=F,5m,0.0006293216392,275,39.82324109
2026-07-07,COST,5m,0.0002008875422,77,22.49970236
2026-07-07,ETHUSDT,5m,0.0007016591595,287,42.04974533
2026-07-07,EURUSD=X,5m,7.891297401e-06,287,4.45937994
2026-07-07,GBPUSD=X,5m,9.297415632e-06,287,4.840401574
2026-07-07,GC=F,5m,0.0001599941192,275,20.07947162
2026-07-07,GOOGL,5m,0.0001616029355,77,20.18017337
2026-07-07,HG=F,5m,0.0001937962962,274,22.09901958
2026-07-07,JPM,5m,5.09483439e-05,77,11.33092347
2026-07-07,KC=F,5m,0.00279962297,110,83.99434436
2026-07-07,KO,5m,0.0002244664375,77,23.78351157
2026-07-07,MC.PA,5m,0.000205463588,101,22.75452135
2026-07-07,META,5m,0.0004394273406,77,33.27697249
2026-07-07,MSFT,5m,0.0002784415359,77,26.48910475
2026-07-07,NG=F,5m,0.0007960721559,274,44.78952816
2026-07-07,NVDA,5m,0.0002555665122,77,25.37769908
2026-07-07,NZDUSD=X,5m,2.071933258e-05,287,7.225836845
2026-07-07,PG,5m,0.0001754839551,77,21.02901726
2026-07-07,SAN.PA,5m,0.0001427519503,101,18.96667906
2026-07-07,SAP.DE,5m,0.0002308596447,101,24.11983218
2026-07-07,SI=F,5m,0.0007531787231,275,43.56616098
2026-07-07,SIE.DE,5m,0.0001841887348,101,21.54427097
2026-07-07,SOLUSDT,5m,0.0007957826963,287,44.78138446
2026-07-07,TSLA,5m,0.000421742003,77,32.60045778
2026-07-07,TTE.PA,5m,0.0001106757765,101,16.70038793
2026-07-07,UNH,5m,0.0001189463181,77,17.31313726
2026-07-07,USDCAD=X,5m,1.016274095e-05,287,5.060642962
2026-07-07,USDCHF=X,5m,1.495164672e-05,287,6.138252987
2026-07-07,USDJPY=X,5m,1.10825105e-05,287,5.284687924
2026-07-07,V,5m,0.0002954162807,77,27.28459322
2026-07-07,XOM,5m,0.0001768825615,77,21.11265154
2026-07-07,XRPUSDT,5m,0.0005795679862,287,38.21663676
2026-07-07,ZW=F,5m,0.0002140106321,207,23.22297985
2026-07-07,^FCHI,5m,2.790984651e-05,101,8.386466074
2026-07-07,^GDAXI,5m,3.135074694e-05,101,8.888412811
2026-07-07,^GSPC,5m,1.903723471e-05,77,6.926314422
2026-07-07,^HSI,5m,0.0001102082497,69,16.66507693
2026-07-07,^KS11,5m,0.001253643661,71,56.20660125
2026-07-07,^N225,5m,0.0001624271727,67,20.23157125
2026-07-07,^NDX,5m,8.608478257e-05,77,14.7286677
2026-07-07,^STOXX50E,5m,2.13673155e-05,101,7.337958508
2026-07-08,005930.KS,5m,0.003261625767,71,90.66033826
2026-07-08,0700.HK,5m,0.0008175490511,66,45.38968615
2026-07-08,2330.TW,5m,0.0001935595026,52,22.08551441
2026-07-08,6758.T,5m,0.0005502283054,64,37.23674703
2026-07-08,7203.T,5m,0.0001217550383,64,17.51635511
2026-07-08,9984.T,5m,0.001075675365,64,52.06440165
2026-07-08,9988.HK,5m,0.001744080245,66,66.29541625
2026-07-08,AAPL,5m,0.0001462838117,77,19.19987514
2026-07-08,AIR.PA,5m,0.000268755838,101,26.02431002
2026-07-08,AMZN,5m,0.0002088263715,77,22.93997507
2026-07-08,ASML.AS,5m,0.000668304353,101,41.03811606
2026-07-08,AUDUSD=X,5m,3.971065469e-05,287,10.00354186
2026-07-08,BNBUSDT,5m,0.0004456728115,287,33.5126168
2026-07-08,BNP.PA,5m,0.0003107728531,101,27.98477425
2026-07-08,BTCUSDT,5m,0.0004961095602,287,35.35811211
2026-07-08,BZ=F,5m,0.00138841731,267,59.15075334
2026-07-08,CC=F,5m,0.002219330056,104,74.78443516
2026-07-08,CL=F,5m,0.001485332951,275,61.18038114
2026-07-08,COST,5m,0.0002022002773,77,22.57309679
2026-07-08,ETHUSDT,5m,0.0007103647477,287,42.30979986
2026-07-08,EURUSD=X,5m,1.330039977e-05,287,5.789387482
2026-07-08,GBPUSD=X,5m,1.658898454e-05,287,6.465619927
2026-07-08,GC=F,5m,0.0003128049967,275,28.07612138
2026-07-08,GOOGL,5m,0.0001361209619,77,18.52092935
2026-07-08,HG=F,5m,0.0002135951689,273,23.20042727
2026-07-08,JPM,5m,0.0001101553736,77,16.66107864
2026-07-08,KC=F,5m,0.003528990531,110,94.30300174
2026-07-08,KO,5m,0.0001379409511,77,18.64433417
2026-07-08,MC.PA,5m,0.000339534386,101,29.25109661
2026-07-08,META,5m,0.0001803793403,77,21.32031748
2026-07-08,MSFT,5m,0.0001164623571,77,17.131408
2026-07-08,NG=F,5m,0.0006075386231,273,39.12796098
2026-07-08,NVDA,5m,0.0004227653004,77,32.63998402
2026-07-08,NZDUSD=X,5m,6.635969094e-05,287,12.93160551
2026-07-08,PG,5m,0.0001417978364,77,18.90318883
2026-07-08,SAN.PA,5m,0.0001013885511,101,15.98434074
2026-07-08,SAP.DE,5m,0.0002495325477,101,25.0763239
2026-07-08,SI=F,5m,0.001274678894,275,56.67619265
2026-07-08,SIE.DE,5m,0.0002423726995,101,24.71394754
2026-07-08,SOLUSDT,5m,0.0008485746295,287,46.2429245
2026-07-08,TSLA,5m,0.0003347827742,77,29.04569832
2026-07-08,TTE.PA,5m,0.0004386068535,101,33.24589104
2026-07-08,UNH,5m,0.0001683138631,77,20.59492498
2026-07-08,USDCAD=X,5m,1.161122635e-05,287,5.409278177
2026-07-08,USDCHF=X,5m,2.194980331e-05,287,7.437304912
2026-07-08,USDJPY=X,5m,6.957585217e-06,287,4.187256231
2026-07-08,V,5m,0.0001338261528,77,18.36414727
2026-07-08,XOM,5m,0.0002607326874,77,25.6329158
2026-07-08,XRPUSDT,5m,0.0005825546148,287,38.31497918
2026-07-08,ZW=F,5m,0.0002684467076,210,26.00933877
2026-07-08,^FCHI,5m,7.738794083e-05,101,13.9648706
2026-07-08,^GDAXI,5m,9.904438913e-05,101,15.79847653
2026-07-08,^GSPC,5m,2.886649204e-05,77,8.528983524
2026-07-08,^HSI,5m,0.0001196727047,69,17.3659211
2026-07-08,^KS11,5m,0.002449222451,71,78.56233561
2026-07-08,^N225,5m,0.0002653788161,67,25.86029034
2026-07-08,^NDX,5m,9.090636051e-05,77,15.13552207
2026-07-08,^STOXX50E,5m,9.310461579e-05,101,15.31742902
2026-07-09,005930.KS,5m,0.002501887471,71,79.40249635
2026-07-09,0700.HK,5m,0.0008155294161,67,45.3335872
2026-07-09,2330.TW,5m,0.0002018018273,52,22.55084488
2026-07-09,6758.T,5m,0.0001426360138,64,18.95897557
2026-07-09,7203.T,5m,6.632699968e-05,64,12.92841983
2026-07-09,9984.T,5m,0.0009891679971,64,49.92698021
2026-07-09,9988.HK,5m,0.001273269208,66,56.64484445
2026-07-09,AAPL,5m,0.0001182076386,77,17.25929458
2026-07-09,AIR.PA,5m,0.0001598820003,101,20.07243485
2026-07-09,AMZN,5m,0.000253809964,77,25.29033628
2026-07-09,ASML.AS,5m,0.0003151308086,101,28.18030585
2026-07-09,AUDUSD=X,5m,1.283775533e-05,287,5.687806557
2026-07-09,BNBUSDT,5m,0.0002879103193,287,26.93573843
2026-07-09,BNP.PA,5m,9.032401231e-05,101,15.08696494
2026-07-09,BTCUSDT,5m,0.0004524136936,287,33.76510785
2026-07-09,BZ=F,5m,0.0008126900346,261,45.25460073
2026-07-09,CC=F,5m,0.002098703741,104,72.72367859
2026-07-09,CL=F,5m,0.000814098681,275,45.29380395
2026-07-09,COST,5m,0.0001503951805,77,19.46781588
2026-07-09,ETHUSDT,5m,0.0005250399071,287,36.37444936
2026-07-09,EURUSD=X,5m,9.584406388e-06,287,4.91454007
2026-07-09,GBPUSD=X,5m,1.040969497e-05,287,5.121760569
2026-07-09,GC=F,5m,0.00013770066,275,18.62808802
2026-07-09,GOOGL,5m,0.0002457343671,77,24.88474643
2026-07-09,HG=F,5m,0.0001344565825,272,18.40735146
2026-07-09,JPM,5m,8.900976714e-05,77,14.9768025
2026-07-09,KC=F,5m,0.003558045256,110,94.69041158
2026-07-09,KO,5m,0.0001244869844,77,17.71178141
2026-07-09,MC.PA,5m,0.0001303057058,101,18.12099276
2026-07-09,META,5m,0.0007226805469,77,42.67499242
2026-07-09,MSFT,5m,0.0001361929504,77,18.52582616
2026-07-09,NG=F,5m,0.0007671841067,274,43.96935238
2026-07-09,NVDA,5m,0.0002700458641,77,26.0866935
2026-07-09,NZDUSD=X,5m,2.079714467e-05,287,7.239392556
2026-07-09,PG,5m,9.94281262e-05,77,15.82905171
2026-07-09,SAN.PA,5m,0.000539855842,101,36.88409849
2026-07-09,SAP.DE,5m,0.0003080011193,101,27.85969886
2026-07-09,SI=F,5m,0.0005054655632,274,35.68995964
2026-07-09,SIE.DE,5m,0.0001407478865,101,18.83307394
2026-07-09,SOLUSDT,5m,0.0007037132373,287,42.11124978
2026-07-09,TSLA,5m,0.000501686111,77,35.55627933
2026-07-09,TTE.PA,5m,7.76868885e-05,101,13.99181757
2026-07-09,UNH,5m,0.0001333245333,77,18.32969787
2026-07-09,USDCAD=X,5m,8.660343959e-06,287,4.67162357
2026-07-09,USDCHF=X,5m,1.926521151e-05,287,6.967663382
2026-07-09,USDJPY=X,5m,3.84247189e-06,287,3.111756604
2026-07-09,V,5m,9.912494398e-05,77,15.80489984
2026-07-09,XOM,5m,8.212869827e-05,77,14.38625454
2026-07-09,XRPUSDT,5m,0.0004548158378,287,33.8546291
2026-07-09,ZW=F,5m,0.0002468820701,209,24.94279088
2026-07-09,^FCHI,5m,2.540649793e-05,101,8.001523278
2026-07-09,^GDAXI,5m,3.718628224e-05,101,9.680363178
2026-07-09,^GSPC,5m,1.937551891e-05,77,6.98758239
2026-07-09,^HSI,5m,0.0001513134953,69,19.52716078
2026-07-09,^KS11,5m,0.001803612225,71,67.41737763
2026-07-09,^N225,5m,0.0002328872089,67,24.22551891
2026-07-09,^NDX,5m,6.874875806e-05,77,13.16232769
2026-07-09,^STOXX50E,5m,2.832740649e-05,101,8.448968243
2026-07-10,005930.KS,5m,0.001271306803,71,56.60117618
2026-07-10,0700.HK,5m,0.0007524597583,66,43.54536245
2026-07-10,6758.T,5m,0.0001244061969,64,17.70603333
2026-07-10,7203.T,5m,8.617775677e-05,65,14.73661925
2026-07-10,9984.T,5m,0.0009878797256,64,49.89445769
2026-07-10,9988.HK,5m,0.0009345041907,66,48.52783285
2026-07-10,AAPL,5m,5.95745976e-05,77,12.2526726
2026-07-10,AIR.PA,5m,0.0001323656668,101,18.26366558
2026-07-10,AMZN,5m,0.000172352538,77,20.84054692
2026-07-10,ASML.AS,5m,0.0004299843544,101,32.91748127
2026-07-10,AUDUSD=X,5m,1.319074942e-05,257,5.765473834
2026-07-10,BNBUSDT,5m,0.0002127500242,287,23.15448253
2026-07-10,BNP.PA,5m,7.692824798e-05,101,13.92333239
2026-07-10,BTCUSDT,5m,0.0002545057353,287,25.32497686
2026-07-10,BZ=F,5m,0.0005332935746,250,36.65923905
2026-07-10,CC=F,5m,0.002489087145,104,79.19911367
2026-07-10,CL=F,5m,0.0005586740479,251,37.52144188
2026-07-10,COST,5m,6.464048171e-05,77,12.76299392
2026-07-10,ETHUSDT,5m,0.0005097632761,287,35.84136515
2026-07-10,EURUSD=X,5m,7.141928162e-06,257,4.242364785
2026-07-10,GBPUSD=X,5m,8.785957667e-06,257,4.705381315
2026-07-10,GC=F,5m,0.0001383665418,251,18.6730738
2026-07-10,GOOGL,5m,7.263258745e-05,77,13.52901032
2026-07-10,HG=F,5m,0.0001209496366,251,17.45832421
2026-07-10,JPM,5m,0.0001033902825,77,16.14136028
2026-07-10,KC=F,5m,0.004336365322,110,104.5353558
2026-07-10,KO,5m,6.373091328e-05,77,12.67288055
2026-07-10,MC.PA,5m,0.0001380293876,101,18.65030983
2026-07-10,META,5m,0.0006807859396,77,41.41956745
2026-07-10,MSFT,5m,0.0001476652524,77,19.29031975
2026-07-10,NG=F,5m,0.0006780411375,251,41.33598513
2026-07-10,NVDA,5m,0.0004376372401,77,33.20912292
2026-07-10,NZDUSD=X,5m,1.711818086e-05,257,6.567938472
2026-07-10,PG,5m,0.000106031405,77,16.34622711
2026-07-10,SAN.PA,5m,0.0001540907425,101,19.70554924
2026-07-10,SAP.DE,5m,0.0002264911153,101,23.89053391
2026-07-10,SI=F,5m,0.0005671087179,250,37.80362376
2026-07-10,SIE.DE,5m,0.000120502687,101,17.42603716
2026-07-10,SOLUSDT,5m,0.0005183160514,287,36.14078651
2026-07-10,TSLA,5m,0.0004859967558,77,34.99588297
2026-07-10,TTE.PA,5m,6.846885083e-05,101,13.13550548
2026-07-10,UNH,5m,0.0001291543411,77,18.04075773
2026-07-10,USDCAD=X,5m,9.247161472e-06,253,4.827302239
2026-07-10,USDCHF=X,5m,1.304609816e-05,252,5.733774269
2026-07-10,USDJPY=X,5m,1.907445741e-05,251,6.93308248
2026-07-10,V,5m,0.0001073653166,77,16.44872633
2026-07-10,XOM,5m,8.712496006e-05,77,14.81738504
2026-07-10,XRPUSDT,5m,0.0003515781231,287,29.7653636
2026-07-10,ZW=F,5m,0.0004918585368,210,35.20629933
2026-07-10,^FCHI,5m,3.626852918e-05,101,9.560161794
2026-07-10,^GDAXI,5m,4.820452788e-05,101,11.02158837
2026-07-10,^GSPC,5m,1.735477417e-05,77,6.613171017
2026-07-10,^HSI,5m,0.0001025280749,69,16.07391517
2026-07-10,^KS11,5m,0.0005767312548,71,38.12299519
2026-07-10,^N225,5m,9.142371891e-05,67,15.17852996
2026-07-10,^NDX,5m,5.15552327e-05,77,11.39820979
2026-07-10,^STOXX50E,5m,3.95618447e-05,101,9.984780851
2026-07-11,BNBUSDT,5m,0.0001237966822,287,17.66260567
2026-07-11,BTCUSDT,5m,0.0001170465481,287,17.17432098
2026-07-11,ETHUSDT,5m,0.0002921958342,287,27.13546576
2026-07-11,SOLUSDT,5m,0.0002983501092,287,27.41974243
2026-07-11,XRPUSDT,5m,0.0002152917976,287,23.29238781
2026-07-12,BNBUSDT,5m,0.0001920011856,287,21.99643125
2026-07-12,BTCUSDT,5m,0.0001132696402,287,16.89495467
2026-07-12,ETHUSDT,5m,0.0003050457037,287,27.72571321
2026-07-12,SOLUSDT,5m,0.0003642329416,287,30.29632012
2026-07-12,XRPUSDT,5m,0.0002671854185,287,25.94816477
2026-07-13,005930.KS,5m,0.002775199726,66,83.62716849
2026-07-13,0700.HK,5m,0.0004380738241,66,33.22568339
2026-07-13,2330.TW,5m,0.0001944977646,52,22.13897845
2026-07-13,6758.T,5m,0.0001376141416,65,18.62223501
2026-07-13,7203.T,5m,5.2182946e-05,65,11.46738959
2026-07-13,9984.T,5m,0.000982739209,65,49.76447334
2026-07-13,9988.HK,5m,0.000858314766,66,46.50756079
2026-07-13,AAPL,5m,0.0001314059811,77,18.19733696
2026-07-13,AIR.PA,5m,0.0001828692597,101,21.46696379
2026-07-13,AMZN,5m,0.0002667764498,77,25.92829832
2026-07-13,ASML.AS,5m,0.0005441133892,101,37.0292552
2026-07-13,AUDUSD=X,5m,1.588426075e-05,287,6.326795167
2026-07-13,BNBUSDT,5m,0.0003436700806,287,29.42870373
2026-07-13,BNP.PA,5m,0.0001040885304,101,16.19577404
2026-07-13,BTCUSDT,5m,0.0003875422207,287,31.25070233
2026-07-13,BZ=F,5m,0.001139349863,272,53.58322177
2026-07-13,CC=F,5m,0.004380409598,104,105.0648951
2026-07-13,CL=F,5m,0.001235980947,275,55.80924642
2026-07-13,COST,5m,8.629774776e-05,77,14.74687507
2026-07-13,ETHUSDT,5m,0.0008246228247,287,45.58562842
2026-07-13,EURUSD=X,5m,9.869949495e-06,287,4.987210917
2026-07-13,GBPUSD=X,5m,1.218049801e-05,287,5.540293762
2026-07-13,GC=F,5m,0.0001796736339,275,21.27857038
2026-07-13,GOOGL,5m,0.0001507451515,77,19.4904536
2026-07-13,HG=F,5m,0.0001694229077,272,20.66266506
2026-07-13,JPM,5m,0.0001306582572,77,18.14549002
2026-07-13,KC=F,5m,0.0050082522,110,112.3423141
2026-07-13,KO,5m,9.183300083e-05,77,15.21246732
2026-07-13,MC.PA,5m,0.0001505496746,101,19.47781251
2026-07-13,META,5m,0.0008103559156,77,45.18956635
2026-07-13,MSFT,5m,0.0001989236138,77,22.38945079
2026-07-13,NG=F,5m,0.0005620438294,275,37.63443171
2026-07-13,NVDA,5m,0.0003318291621,77,28.91728702
2026-07-13,NZDUSD=X,5m,2.868124023e-05,287,8.501571936
2026-07-13,PG,5m,0.0001436089123,77,19.02352383
2026-07-13,SAN.PA,5m,0.0002108836666,101,23.05269702
2026-07-13,SAP.DE,5m,0.000424403642,101,32.7031677
2026-07-13,SI=F,5m,0.0007024859412,275,42.07451214
2026-07-13,SIE.DE,5m,0.0001358825373,101,18.50470194
2026-07-13,SOLUSDT,5m,0.0007424506505,287,43.25477591
2026-07-13,TSLA,5m,0.0003725284609,77,30.63938187
2026-07-13,TTE.PA,5m,8.925138343e-05,101,14.99711593
2026-07-13,UNH,5m,0.0001700124242,77,20.69858229
2026-07-13,USDCAD=X,5m,9.16206674e-06,287,4.805039873
2026-07-13,USDCHF=X,5m,1.615695243e-05,287,6.380871423
2026-07-13,USDJPY=X,5m,8.639451516e-06,287,4.665985193
2026-07-13,V,5m,0.000125011398,77,17.74904851
2026-07-13,XOM,5m,0.0001387366577,77,18.69803138
2026-07-13,XRPUSDT,5m,0.0005805504482,287,38.24901475
2026-07-13,ZW=F,5m,0.0003441914042,209,29.45101592
2026-07-13,^FCHI,5m,3.319184106e-05,101,9.145678732
2026-07-13,^GDAXI,5m,4.088830812e-05,101,10.15078994
2026-07-13,^GSPC,5m,2.579135076e-05,77,8.061898283
2026-07-13,^HSI,5m,0.000102274856,69,16.05405361
2026-07-13,^KS11,5m,0.001609716962,71,63.69055459
2026-07-13,^N225,5m,0.0002195224444,67,23.52013095
2026-07-13,^NDX,5m,7.740396545e-05,77,13.96631637
2026-07-13,^STOXX50E,5m,3.400708638e-05,101,9.25731374
2026-07-14,005930.KS,5m,0.00494794929,71,111.6639253
2026-07-14,0700.HK,5m,0.000319707897,66,28.38421921
2026-07-14,2330.TW,5m,0.0002755958037,52,26.35339495
2026-07-14,6758.T,5m,9.611446926e-05,64,15.56304798
2026-07-14,7203.T,5m,6.966166155e-05,64,13.24942969
2026-07-14,9984.T,5m,0.002909051816,64,85.62015287
2026-07-14,9988.HK,5m,0.0008791756091,66,47.06933752
2026-07-14,AAPL,5m,0.0001353179801,77,18.46622078
2026-07-14,AIR.PA,5m,0.0001862226872,101,21.66289851
2026-07-14,AMZN,5m,0.0001946131312,77,22.14554336
2026-07-14,ASML.AS,5m,0.0006149275863,101,39.36518154
2026-07-14,AUDUSD=X,5m,3.801835856e-05,287,9.788067408
2026-07-14,BNBUSDT,5m,0.0002466425292,287,24.93068739
2026-07-14,BNP.PA,5m,0.0001556186037,101,19.80300182
2026-07-14,BTCUSDT,5m,0.0004142256242,287,32.30864548
2026-07-14,BZ=F,5m,0.001595553159,267,63.40973081
2026-07-14,CC=F,5m,0.002885121966,104,85.26727013
2026-07-14,CL=F,5m,0.001676463171,275,64.99759372
2026-07-14,COST,5m,6.626920771e-05,77,12.92278621
2026-07-14,ETHUSDT,5m,0.0007830817539,287,44.42258457
2026-07-14,EURUSD=X,5m,2.519329205e-05,287,7.967879013
2026-07-14,GBPUSD=X,5m,2.371437291e-05,287,7.730473448
2026-07-14,GC=F,5m,0.0004197745477,275,32.52432721
2026-07-14,GOOGL,5m,0.0001156222697,77,17.06950847
2026-07-14,HG=F,5m,0.0001808334843,271,21.34713986
2026-07-14,JPM,5m,0.000356711221,77,29.9818658
2026-07-14,KC=F,5m,0.006385190248,110,126.8490419
2026-07-14,KO,5m,0.0001105284993,77,16.68927255
2026-07-14,MC.PA,5m,0.0002661538046,101,25.89802285
2026-07-14,META,5m,0.0003938349904,77,31.50339943
2026-07-14,MSFT,5m,0.0001599592442,77,20.07728307
2026-07-14,NG=F,5m,0.0006295707802,273,39.83112308
2026-07-14,NVDA,5m,0.0002495651795,77,25.07796348
2026-07-14,NZDUSD=X,5m,6.162764001e-05,287,12.46200838
2026-07-14,PG,5m,0.0001050360219,77,16.26932006
2026-07-14,SAN.PA,5m,0.0001676621162,101,20.55501235
2026-07-14,SAP.DE,5m,0.001359408987,101,58.52957072
2026-07-14,SI=F,5m,0.001271963327,275,56.61578918
2026-07-14,SIE.DE,5m,0.0001741486384,101,20.94885603
2026-07-14,SOLUSDT,5m,0.000720888916,287,42.62206082
2026-07-14,TSLA,5m,0.0001829301779,77,21.47053908
2026-07-14,TTE.PA,5m,0.0001136124004,101,16.9204979
2026-07-14,UNH,5m,0.0002075332294,77,22.86883771
2026-07-14,USDCAD=X,5m,1.88982485e-05,287,6.900984439
2026-07-14,USDCHF=X,5m,3.733566762e-05,287,9.69978775
2026-07-14,USDJPY=X,5m,1.181719695e-05,287,5.45704465
2026-07-14,V,5m,8.837978629e-05,77,14.92370803
2026-07-14,XOM,5m,0.0001003794001,77,15.90459331
2026-07-14,XRPUSDT,5m,0.0006439173464,287,40.28239954
2026-07-14,ZW=F,5m,0.0002973987629,210,27.37599099
2026-07-14,^FCHI,5m,5.953950532e-05,101,12.24906337
2026-07-14,^GDAXI,5m,6.809702402e-05,101,13.0997901
2026-07-14,^GSPC,5m,2.200308885e-05,77,7.446326873
2026-07-14,^HSI,5m,0.0001446321413,69,19.09117587
2026-07-14,^KS11,5m,0.00330232401,71,91.22421009
2026-07-14,^N225,5m,0.0003830307718,67,31.06827232
2026-07-14,^NDX,5m,6.581896758e-05,77,12.87881199
2026-07-14,^STOXX50E,5m,5.970715136e-05,101,12.26629616
2026-07-15,005930.KS,5m,0.00106137939,71,51.71727045
2026-07-15,0700.HK,5m,0.0007567765247,66,43.67009094
2026-07-15,2330.TW,5m,0.0002302329025,53,24.08706944
2026-07-15,6758.T,5m,7.068599348e-05,64,13.34648656
2026-07-15,7203.T,5m,5.078049752e-05,64,11.31224353
2026-07-15,9984.T,5m,0.001108869325,65,52.8616184
2026-07-15,9988.HK,5m,0.001364690687,66,58.64316269
2026-07-15,AAPL,5m,0.0002811931658,77,26.619669
2026-07-15,AIR.PA,5m,0.000166231306,101,20.46711731
2026-07-15,AMZN,5m,0.0002860984774,77,26.85085032
2026-07-15,ASML.AS,5m,0.002605041862,101,81.02287017
2026-07-15,AUDUSD=X,5m,1.70668933e-05,287,6.558092033
2026-07-15,BNBUSDT,5m,0.000210557904,287,23.03488481
2026-07-15,BNP.PA,5m,0.0001062879127,101,16.36598729
2026-07-15,BTCUSDT,5m,0.0002876295286,287,26.92260039
2026-07-15,BZ=F,5m,0.0009233516792,266,48.23739454
2026-07-15,CC=F,5m,0.003652896001,104,95.94424383
2026-07-15,CL=F,5m,0.0008043144614,275,45.02080011
2026-07-15,COST,5m,0.0001628470161,77,20.25770176
2026-07-15,ETHUSDT,5m,0.0006862270652,287,41.58475928
2026-07-15,EURUSD=X,5m,1.122023839e-05,287,5.317424257
2026-07-15,GBPUSD=X,5m,1.322407478e-05,287,5.772752241
2026-07-15,GC=F,5m,0.0001359999014,275,18.51269163
2026-07-15,GOOGL,5m,0.0002564122073,77,25.41965307
2026-07-15,HG=F,5m,0.0001413281023,270,18.87185253
2026-07-15,JPM,5m,0.0002225692443,77,23.68278902
2026-07-15,KC=F,5m,0.007364792432,110,136.2324371
2026-07-15,KO,5m,7.600549954e-05,77,13.83957582
2026-07-15,MC.PA,5m,0.0004780243883,101,34.70765706
2026-07-15,META,5m,0.0005767811587,77,38.12464452
2026-07-15,MSFT,5m,0.0003022828753,77,27.59987039
2026-07-15,NG=F,5m,0.0006165798233,271,39.41803083
2026-07-15,NVDA,5m,0.000450749307,77,33.70294132
2026-07-15,NZDUSD=X,5m,2.396731378e-05,287,7.77159126
2026-07-15,PG,5m,0.0001657011198,77,20.43445184
2026-07-15,SAN.PA,5m,0.0001106391927,101,16.69762755
2026-07-15,SAP.DE,5m,0.0004661055976,101,34.27223521
2026-07-15,SI=F,5m,0.0005735503757,275,38.01771885
2026-07-15,SIE.DE,5m,0.0001750474289,101,21.00284554
2026-07-15,SOLUSDT,5m,0.0005999821139,287,38.88386461
2026-07-15,TSLA,5m,0.0004553102567,77,33.87302536
2026-07-15,TTE.PA,5m,0.0001228644308,101,17.59597584
2026-07-15,UNH,5m,0.0002438938287,77,24.79137851
2026-07-15,USDCAD=X,5m,1.181731275e-05,287,5.457071388
2026-07-15,USDCHF=X,5m,2.195951262e-05,287,7.438949643
2026-07-15,USDJPY=X,5m,6.60535972e-06,287,4.0798905
2026-07-15,V,5m,0.0001820630103,77,21.41958884
2026-07-15,XOM,5m,0.0001544195432,77,19.72656201
2026-07-15,XRPUSDT,5m,0.0004084887171,287,32.08413264
2026-07-15,ZW=F,5m,0.0004874421332,208,35.04788404
2026-07-15,^FCHI,5m,4.156494655e-05,101,10.23443527
2026-07-15,^GDAXI,5m,4.340868795e-05,101,10.45896236
2026-07-15,^GSPC,5m,3.021429345e-05,77,8.725824861
2026-07-15,^HSI,5m,0.0001310182611,69,18.17047104
2026-07-15,^KS11,5m,0.0007912841703,71,44.65463144
2026-07-15,^N225,5m,0.0001266905557,67,17.86785383
2026-07-15,^NDX,5m,0.0001157577061,77,17.0795029
2026-07-15,^STOXX50E,5m,5.15805634e-05,101,11.40100959
2026-07-16,005930.KS,5m,0.002072693265,71,72.27161979
2026-07-16,0700.HK,5m,0.0004633652436,66,34.17133907
2026-07-16,2330.TW,5m,0.0002010105069,52,22.50658742
2026-07-16,6758.T,5m,0.0001383616258,64,18.67274209
2026-07-16,7203.T,5m,0.0001283872757,64,17.98710468
2026-07-16,9984.T,5m,0.001110734622,64,52.9060606
2026-07-16,9988.HK,5m,0.0005394494932,66,36.87021457
2026-07-16,AAPL,5m,0.0002439018745,77,24.79178743
2026-07-16,AIR.PA,5m,0.0002494325569,101,25.0712992
2026-07-16,AMZN,5m,0.000340986338,77,29.31357316
2026-07-16,ASML.AS,5m,0.001260999763,101,56.37126398
2026-07-16,AUDUSD=X,5m,1.156660072e-05,287,5.398873383
2026-07-16,BNBUSDT,5m,0.0002112162443,287,23.07086768
2026-07-16,BNP.PA,5m,0.0001387667456,101,18.70005879
2026-07-16,BTCUSDT,5m,0.0002828205657,287,26.69658827
2026-07-16,BZ=F,5m,0.0005799109857,264,38.22794376
2026-07-16,CC=F,5m,0.002649782905,103,81.71568344
2026-07-16,CL=F,5m,0.0005978643744,274,38.81518032
2026-07-16,COST,5m,0.0001411128496,77,18.85747547
2026-07-16,ETHUSDT,5m,0.000605016989,287,39.04667479
2026-07-16,EURUSD=X,5m,7.943079563e-06,287,4.473987092
2026-07-16,GBPUSD=X,5m,8.524989593e-06,287,4.634972899
2026-07-16,GC=F,5m,0.0001870083441,274,21.70854733
2026-07-16,GOOGL,5m,0.001003723761,77,50.29298041
2026-07-16,HG=F,5m,0.0001788761892,273,21.23129758
2026-07-16,JPM,5m,0.0003024824723,77,27.60898097
2026-07-16,KC=F,5m,0.005877366298,109,121.7003002
2026-07-16,KO,5m,0.0001137413421,77,16.93009693
2026-07-16,MC.PA,5m,0.0002865228809,101,26.87075846
2026-07-16,META,5m,0.0002745956545,77,26.30553268
2026-07-16,MSFT,5m,0.000334335447,77,29.02628682
2026-07-16,NG=F,5m,0.001108459183,274,52.85184142
2026-07-16,NVDA,5m,0.0002522492232,77,25.21245808
2026-07-16,NZDUSD=X,5m,1.825979084e-05,287,6.783411599
2026-07-16,PG,5m,0.0001860428535,77,21.65243614
2026-07-16,SAN.PA,5m,0.0001301983446,101,18.11352612
2026-07-16,SAP.DE,5m,0.0003639007198,101,30.28250013
2026-07-16,SI=F,5m,0.0007505163876,274,43.489094
2026-07-16,SIE.DE,5m,0.0004411544088,101,33.34230211
2026-07-16,SOLUSDT,5m,0.0005765602198,287,38.1173419
2026-07-16,TSLA,5m,0.0004438333084,77,33.44338406
2026-07-16,TTE.PA,5m,0.0002954141218,101,27.28449352
2026-07-16,UNH,5m,0.001051962632,77,51.48733661
2026-07-16,USDCAD=X,5m,8.394221694e-06,287,4.599286757
2026-07-16,USDCHF=X,5m,1.419127147e-05,287,5.980134121
2026-07-16,USDJPY=X,5m,4.04961903e-06,287,3.194532823
2026-07-16,V,5m,8.316996882e-05,77,14.47716552
2026-07-16,XOM,5m,0.0001409992337,77,18.84988246
2026-07-16,XRPUSDT,5m,0.0004386373257,287,33.24704589
2026-07-16,ZW=F,5m,0.0006610631865,209,40.81518382
2026-07-16,^FCHI,5m,4.263721842e-05,101,10.36560613
2026-07-16,^GDAXI,5m,7.826665557e-05,101,14.04393008
2026-07-16,^GSPC,5m,2.829398621e-05,77,8.443982783
2026-07-16,^HSI,5m,8.125082524e-05,69,14.30916069
2026-07-16,^KS11,5m,0.001649161821,71,64.46617555
2026-07-16,^N225,5m,0.0002292660442,67,24.03643966
2026-07-16,^NDX,5m,8.849029485e-05,77,14.93303529
2026-07-16,^STOXX50E,5m,4.685308893e-05,101,10.86599209
2026-07-17,0700.HK,5m,0.0005533966709,66,37.34380284
2026-07-17,2330.TW,5m,0.000221750946,52,23.63921284
2026-07-17,6758.T,5m,0.0003194011414,64,28.3705988
2026-07-17,7203.T,5m,0.0003787307666,64,30.89338978
2026-07-17,9984.T,5m,0.001116531626,64,53.04394119
2026-07-17,9988.HK,5m,0.0006642691385,66,40.91403462
2026-07-17,AAPL,5m,0.0003169193528,77,28.26016223
2026-07-17,AIR.PA,5m,0.0002401090986,101,24.59827084
2026-07-17,AMZN,5m,0.0001920319733,77,21.99819476
2026-07-17,ASML.AS,5m,0.0007571966662,101,43.68221147
2026-07-17,AUDUSD=X,5m,1.360487233e-05,257,5.855277814
2026-07-17,BNBUSDT,5m,0.0002649421794,287,25.83900718
2026-07-17,BNP.PA,5m,0.0001707044876,101,20.74066799
2026-07-17,BTCUSDT,5m,0.0003445800867,287,29.46764019
2026-07-17,BZ=F,5m,0.0005829550396,247,38.32814501
2026-07-17,CC=F,5m,0.002327718574,104,76.58884258
2026-07-17,CL=F,5m,0.0006350886452,251,40.00529197
2026-07-17,COST,5m,0.0001551550156,77,19.77348323
2026-07-17,ETHUSDT,5m,0.0005670544525,287,37.80181504
2026-07-17,EURUSD=X,5m,6.165815485e-06,257,3.941808598
2026-07-17,GBPUSD=X,5m,7.387194894e-06,257,4.31459513
2026-07-17,GC=F,5m,0.0002080872593,251,22.89934264
2026-07-17,GOOGL,5m,0.0003519340317,77,29.78042578
2026-07-17,HG=F,5m,0.0001678901538,251,20.56898606
2026-07-17,JPM,5m,0.0002307307272,77,24.1130967
2026-07-17,KC=F,5m,0.003105778436,110,88.46785664
2026-07-17,KO,5m,0.0002174559951,77,23.40916717
2026-07-17,MC.PA,5m,0.0002853479493,101,26.815608
2026-07-17,META,5m,0.0009498336437,77,48.92423512
2026-07-17,MSFT,5m,0.0001968334686,77,22.27151411
2026-07-17,NG=F,5m,0.0004685352069,251,34.36144236
2026-07-17,NVDA,5m,0.0005865879613,77,38.44738824
2026-07-17,NZDUSD=X,5m,1.643862207e-05,257,6.436251053
2026-07-17,PG,5m,0.0001733864822,77,20.90296475
2026-07-17,SAN.PA,5m,0.0002025470181,101,22.59244311
2026-07-17,SAP.DE,5m,0.000494641586,100,35.30576152
2026-07-17,SI=F,5m,0.0007572231624,251,43.68297574
2026-07-17,SIE.DE,5m,0.0002067007938,100,22.82292708
2026-07-17,SOLUSDT,5m,0.0005231009651,287,36.30722286
2026-07-17,TSLA,5m,0.0003397008256,77,29.25826517
2026-07-17,TTE.PA,5m,0.0001003064497,101,15.89881295
2026-07-17,UNH,5m,0.0005435805527,77,37.01111985
2026-07-17,USDCAD=X,5m,8.287369184e-06,253,4.569920168
2026-07-17,USDCHF=X,5m,1.012596378e-05,251,5.051477877
2026-07-17,USDJPY=X,5m,3.287929612e-06,251,2.878468798
2026-07-17,V,5m,0.0001235163718,77,17.6425978
2026-07-17,XOM,5m,0.000141712607,77,18.89750697
2026-07-17,XRPUSDT,5m,0.0004290021111,287,32.87986192
2026-07-17,ZW=F,5m,0.0003395306432,210,29.25093538
2026-07-17,^FCHI,5m,4.64867204e-05,101,10.82342531
2026-07-17,^GDAXI,5m,4.623175363e-05,101,10.79370275
2026-07-17,^GSPC,5m,4.619687474e-05,77,10.78963041
2026-07-17,^HSI,5m,0.0001050073973,69,16.26710303
2026-07-17,^N225,5m,0.0004307947249,67,32.94848565
2026-07-17,^NDX,5m,0.0001691018203,77,20.64307601
2026-07-17,^STOXX50E,5m,5.159197404e-05,101,11.40227059
2026-07-18,BNBUSDT,5m,8.613742563e-05,287,14.73317049
2026-07-18,BTCUSDT,5m,5.944190182e-05,287,12.23901927
2026-07-18,ETHUSDT,5m,0.0001134628818,287,16.9093602
2026-07-18,SOLUSDT,5m,0.0001630097843,287,20.26782318
2026-07-18,XRPUSDT,5m,0.0001274850043,287,17.92378896
2026-07-19,BNBUSDT,5m,8.568079131e-05,287,14.69406663
2026-07-19,BTCUSDT,5m,9.253363446e-05,287,15.2703883
2026-07-19,ETHUSDT,5m,0.0002416862624,287,24.67892585
2026-07-19,SOLUSDT,5m,0.000279957232,287,26.5611036
2026-07-19,XRPUSDT,5m,0.0001887947175,287,21.81198496
2026-07-20,005930.KS,5m,0.002842684485,71,84.63784557
2026-07-20,0700.HK,5m,0.0004394070932,66,33.27620584
2026-07-20,2330.TW,5m,0.0003272277159,52,28.71609033
2026-07-20,9988.HK,5m,0.0006596460597,66,40.77141242
2026-07-20,AAPL,5m,0.0002334384802,77,24.25417428
2026-07-20,AIR.PA,5m,0.0001381207331,101,18.65648004
2026-07-20,AMZN,5m,0.0001461182369,77,19.18900615
2026-07-20,ASML.AS,5m,0.0005145345484,101,36.00870814
2026-07-20,AUDUSD=X,5m,1.159972924e-05,287,5.406599456
2026-07-20,BNBUSDT,5m,0.0002937361771,287,27.20689556
2026-07-20,BNP.PA,5m,0.0001647574124,101,20.37617921
2026-07-20,BTCUSDT,5m,0.0005270658897,287,36.44456121
2026-07-20,BZ=F,5m,0.001367459312,258,58.70261891
2026-07-20,CC=F,5m,0.002958590932,104,86.34610094
2026-07-20,CL=F,5m,0.001336496902,275,58.03423295
2026-07-20,COST,5m,8.321817401e-05,77,14.48136038
2026-07-20,ETHUSDT,5m,0.0008111070428,287,45.21050484
2026-07-20,EURUSD=X,5m,7.22333052e-06,287,4.266473123
2026-07-20,GBPUSD=X,5m,8.267906711e-06,287,4.564550899
2026-07-20,GC=F,5m,0.0001474879965,275,19.27873832
2026-07-20,GOOGL,5m,0.0001340814554,77,18.38165574
2026-07-20,HG=F,5m,0.0001577443752,275,19.93779891
2026-07-20,JPM,5m,9.929829621e-05,77,15.81871381
2026-07-20,KC=F,5m,0.005884641868,110,121.7756031
2026-07-20,KO,5m,9.457526188e-05,77,15.43792926
2026-07-20,MC.PA,5m,0.0002372114435,101,24.4493934
2026-07-20,META,5m,0.0002456878745,77,24.88239224
2026-07-20,MSFT,5m,0.0001332024487,77,18.32130374
2026-07-20,NG=F,5m,0.0004770559763,273,34.67248275
2026-07-20,NVDA,5m,0.0002380447399,77,24.4922997
2026-07-20,NZDUSD=X,5m,2.298365147e-05,287,7.610440309
2026-07-20,PG,5m,6.929394712e-05,77,13.21441435
2026-07-20,SAN.PA,5m,0.0001051101526,101,16.27506021
2026-07-20,SAP.DE,5m,0.0004044318167,101,31.92441351
2026-07-20,SI=F,5m,0.0007099722436,275,42.29810934
2026-07-20,SIE.DE,5m,0.0002132258825,101,23.1803629
2026-07-20,SOLUSDT,5m,0.0008472082309,287,46.20567868
2026-07-20,TSLA,5m,0.0003330629613,77,28.97099692
2026-07-20,TTE.PA,5m,0.000127713357,101,17.93983444
2026-07-20,UNH,5m,0.0002793005142,77,26.52993207
2026-07-20,USDCAD=X,5m,9.371912007e-06,287,4.859754959
2026-07-20,USDCHF=X,5m,1.380153102e-05,287,5.897445055
2026-07-20,USDJPY=X,5m,3.097765554e-06,287,2.793988045
2026-07-20,V,5m,9.455852812e-05,77,15.43656344
2026-07-20,XOM,5m,0.000143051219,77,18.98654976
2026-07-20,XRPUSDT,5m,0.0006520776094,287,40.5368422
2026-07-20,ZW=F,5m,0.0004636989865,209,34.18364296
2026-07-20,^FCHI,5m,5.422418748e-05,101,11.68952319
2026-07-20,^GDAXI,5m,6.7407206e-05,101,13.03327124
2026-07-20,^GSPC,5m,3.336898952e-05,77,9.170051994
2026-07-20,^HSI,5m,0.0001191377247,69,17.32706167
2026-07-20,^KS11,5m,0.001854956468,71,68.37024426
2026-07-20,^NDX,5m,9.078591129e-05,77,15.12549161
2026-07-20,^STOXX50E,5m,6.171070438e-05,101,12.47040396
2026-07-21,005930.KS,5m,0.001365826292,71,58.6675571
2026-07-21,0700.HK,5m,0.0003739898313,66,30.69941978
2026-07-21,2330.TW,5m,0.0002428202279,53,24.73675351
2026-07-21,6758.T,5m,0.0002365154153,65,24.41349722
2026-07-21,7203.T,5m,0.0001864591976,65,21.67665053
2026-07-21,9984.T,5m,0.001213771241,65,55.30554697
2026-07-21,9988.HK,5m,0.001211015978,66,55.24273948
2026-07-21,AAPL,5m,0.0001666998793,77,20.4959434
2026-07-21,AIR.PA,5m,0.0002691422215,101,26.04301054
2026-07-21,AMZN,5m,8.421112085e-05,77,14.56749891
2026-07-21,ASML.AS,5m,0.0003214210302,101,28.46016507
2026-07-21,AUDUSD=X,5m,8.99893243e-06,287,4.762069899
2026-07-21,BNBUSDT,5m,0.0001468240808,287,19.23529785
2026-07-21,BNP.PA,5m,0.0001029258394,101,16.10506489
2026-07-21,BTCUSDT,5m,0.000220523236,287,23.57368352
2026-07-21,BZ=F,5m,0.0006010825308,261,38.91950639
2026-07-21,CC=F,5m,0.002876360284,104,85.13769973
2026-07-21,CL=F,5m,0.0006620173651,275,40.84462951
2026-07-21,COST,5m,0.0001007204611,77,15.93159006
2026-07-21,ETHUSDT,5m,0.0003241727516,287,28.58173077
2026-07-21,EURUSD=X,5m,4.978032399e-06,287,3.541841561
2026-07-21,GBPUSD=X,5m,1.080804423e-05,287,5.218838134
2026-07-21,GC=F,5m,0.0001068262468,275,16.40738072
2026-07-21,GOOGL,5m,8.93366003e-05,77,15.00427382
2026-07-21,HG=F,5m,0.0001288605853,273,18.02022961
2026-07-21,JPM,5m,0.0001156726438,77,17.07322648
2026-07-21,KC=F,5m,0.004869306232,110,110.7729737
2026-07-21,KO,5m,7.95959085e-05,77,14.16268652
2026-07-21,MC.PA,5m,0.0001937996266,101,22.09920947
2026-07-21,META,5m,0.0002068969268,77,22.83375255
2026-07-21,MSFT,5m,8.508415763e-05,77,14.64281657
2026-07-21,NG=F,5m,0.0004790975684,271,34.74659512
2026-07-21,NVDA,5m,0.0001863219076,77,21.66866879
2026-07-21,NZDUSD=X,5m,2.099445735e-05,287,7.273653313
2026-07-21,PG,5m,8.702303151e-05,77,14.80871498
2026-07-21,SAN.PA,5m,0.000177550759,101,21.15249188
2026-07-21,SAP.DE,5m,0.0004018734755,101,31.82328013
2026-07-21,SI=F,5m,0.0005666902493,275,37.78967357
2026-07-21,SIE.DE,5m,9.667562304e-05,101,15.60841344
2026-07-21,SOLUSDT,5m,0.0003011798746,287,27.54946976
2026-07-21,TSLA,5m,0.0002019186942,77,22.55737372
2026-07-21,TTE.PA,5m,0.0001170122752,101,17.17180636
2026-07-21,UNH,5m,0.0001900394838,77,21.88377251
2026-07-21,USDCAD=X,5m,9.902866711e-06,287,4.995520404
2026-07-21,USDCHF=X,5m,1.101894208e-05,287,5.269509849
2026-07-21,USDJPY=X,5m,2.742775808e-06,287,2.629029296
2026-07-21,V,5m,9.8827317e-05,77,15.78115455
2026-07-21,XOM,5m,0.0001878378692,77,21.75664106
2026-07-21,XRPUSDT,5m,0.0005775916724,287,38.15142218
2026-07-21,ZW=F,5m,0.0003417054051,210,29.34446491
2026-07-21,^FCHI,5m,3.939807801e-05,101,9.964093365
2026-07-21,^GDAXI,5m,4.099568992e-05,101,10.16411032
2026-07-21,^GSPC,5m,1.230202525e-05,77,5.567863471
2026-07-21,^HSI,5m,9.046510963e-05,69,15.09874419
2026-07-21,^KS11,5m,0.001024365488,71,50.80748991
2026-07-21,^N225,5m,0.0002233930242,67,23.72657626
2026-07-21,^NDX,5m,3.97916786e-05,77,10.01374206
2026-07-21,^STOXX50E,5m,3.130694577e-05,101,8.882201492
2026-07-22,005930.KS,5m,0.00095015327,71,48.93246612
2026-07-22,0700.HK,5m,0.0004231677767,66,32.6555171
2026-07-22,2330.TW,5m,0.0001864291869,52,21.67490602
2026-07-22,6758.T,5m,0.0001246829813,64,17.72571897
2026-07-22,7203.T,5m,0.0001094572049,64,16.60819545
2026-07-22,9984.T,5m,0.0005350575298,65,36.7198172
2026-07-22,9988.HK,5m,0.0005683342876,66,37.84445012
2026-07-22,AAPL,5m,9.720750702e-05,77,15.65129125
2026-07-22,AIR.PA,5m,0.0005097094308,101,35.83947217
2026-07-22,AMZN,5m,0.0001193835126,77,17.34492582
2026-07-22,ASML.AS,5m,0.0003367714046,101,29.13183722
2026-07-22,AUDUSD=X,5m,1.094139329e-05,287,5.250934306
2026-07-22,BNBUSDT,5m,0.0001552287133,287,19.77817882
2026-07-22,BNP.PA,5m,0.0001490732454,101,19.38206848
2026-07-22,BTCUSDT,5m,0.0001933823016,287,22.0754026
2026-07-22,BZ=F,5m,0.02540836276,244,253.0396691
2026-07-22,CC=F,5m,0.002073251005,104,72.28134291
2026-07-22,CL=F,5m,0.001286209113,275,56.9319503
2026-07-22,COST,5m,5.982178295e-05,77,12.27806553
2026-07-22,ETHUSDT,5m,0.000482541626,287,34.87126177
2026-07-22,EURUSD=X,5m,5.600780845e-06,287,3.756856096
2026-07-22,GBPUSD=X,5m,8.596845937e-06,287,4.654465787
2026-07-22,GC=F,5m,0.0001393180555,275,18.73716894
2026-07-22,GOOGL,5m,0.0001289042787,77,18.02328445
2026-07-22,HG=F,5m,0.0001205316481,274,17.42813109
2026-07-22,JPM,5m,5.982903026e-05,77,12.27880924
2026-07-22,KC=F,5m,0.002785987313,110,83.78954606
2026-07-22,KO,5m,7.182820297e-05,77,13.45388685
2026-07-22,MC.PA,5m,0.0002187359161,101,23.47795793
2026-07-22,META,5m,0.000135626111,77,18.48723342
2026-07-22,MSFT,5m,0.00011042491,77,16.68144997
2026-07-22,NG=F,5m,0.0004527101999,268,33.77617065
2026-07-22,NVDA,5m,0.000316649563,77,28.24813089
2026-07-22,NZDUSD=X,5m,1.574091669e-05,287,6.298183076
2026-07-22,PG,5m,6.446767174e-05,77,12.7459222
2026-07-22,SAN.PA,5m,0.0002086348581,101,22.9294536
2026-07-22,SAP.DE,5m,0.0005020528045,101,35.56927139
2026-07-22,SI=F,5m,0.0005762488696,275,38.10704858
2026-07-22,SIE.DE,5m,0.0001958883455,101,22.2179799
2026-07-22,SOLUSDT,5m,0.0004234849421,287,32.66775251
2026-07-22,TSLA,5m,0.0001654542858,77,20.41922624
2026-07-22,TTE.PA,5m,0.0001627891354,101,20.25410134
2026-07-22,UNH,5m,0.0001934822086,77,22.08110426
2026-07-22,USDCAD=X,5m,6.875981942e-06,287,4.162628316
2026-07-22,USDCHF=X,5m,8.045712619e-06,287,4.502798663
2026-07-22,USDJPY=X,5m,4.879695006e-06,287,3.50668382
2026-07-22,V,5m,7.259917637e-05,77,13.52589829
2026-07-22,XOM,5m,9.028576114e-05,77,15.08377002
2026-07-22,XRPUSDT,5m,0.000351690184,287,29.77010688
2026-07-22,ZW=F,5m,0.0004895927227,208,35.12511439
2026-07-22,^FCHI,5m,5.541154409e-05,101,11.81681392
2026-07-22,^GDAXI,5m,7.549745744e-05,101,13.79324446
2026-07-22,^GSPC,5m,9.549329946e-06,77,4.905538856
2026-07-22,^HSI,5m,6.349033271e-05,69,12.64893823
2026-07-22,^KS11,5m,0.0005817120028,71,38.28725959
2026-07-22,^N225,5m,0.000174896802,67,20.99380721
2026-07-22,^NDX,5m,3.368063928e-05,77,9.212774337
2026-07-22,^STOXX50E,5m,5.573380521e-05,101,11.85112607
2026-07-23,005930.KS,5m,0.0008945757827,71,47.47979541
2026-07-23,0700.HK,5m,0.0002186083784,66,23.47111232
2026-07-23,2330.TW,5m,0.000158985066,52,20.01605271
2026-07-23,6758.T,5m,7.492476116e-05,64,13.7408296
2026-07-23,7203.T,5m,5.958806027e-05,64,12.25405696
2026-07-23,9984.T,5m,0.0005906696018,64,38.58092011
2026-07-23,9988.HK,5m,0.0005065600113,66,35.7285772
2026-07-23,AAPL,5m,0.0001296106905,77,18.07260192
2026-07-23,AIR.PA,5m,0.0002748424163,101,26.31734958
2026-07-23,AMZN,5m,0.0002000055206,77,22.45025416
2026-07-23,ASML.AS,5m,0.0004678330015,101,34.33568353
2026-07-23,AUDUSD=X,5m,2.269814933e-05,287,7.563024284
2026-07-23,BNBUSDT,5m,0.0001402784048,287,18.8016377
2026-07-23,BNP.PA,5m,0.0004079602088,101,32.06337047
2026-07-23,BTCUSDT,5m,0.0001987125424,287,22.37756928
2026-07-23,BZ=F,5m,0.04566265505,242,339.2195318
2026-07-23,CC=F,5m,0.002233444991,104,75.02187265
2026-07-23,CL=F,5m,0.001016818157,275,50.61997389
2026-07-23,COST,5m,0.0001158619893,77,17.08719442
2026-07-23,ETHUSDT,5m,0.000409651313,287,32.12975737
2026-07-23,EURUSD=X,5m,1.025339103e-05,287,5.083162933
2026-07-23,GBPUSD=X,5m,1.08103945e-05,287,5.219405535
2026-07-23,GC=F,5m,0.0001150117104,275,17.02437988
2026-07-23,GOOGL,5m,0.0003961932938,77,31.59758061
2026-07-23,HG=F,5m,0.0001945296339,274,22.14079216
2026-07-23,JPM,5m,0.0001075146816,77,16.46016396
2026-07-23,KC=F,5m,0.004847786519,110,110.5279242
2026-07-23,KO,5m,0.0001111442744,77,16.73569752
2026-07-23,MC.PA,5m,0.0003604115724,101,30.13697335
2026-07-23,META,5m,0.0003188410781,77,28.34571426
2026-07-23,MSFT,5m,0.0002462952921,77,24.9131318
2026-07-23,NG=F,5m,0.0007587421528,271,43.72676783
2026-07-23,NVDA,5m,0.0004028451375,77,31.86172856
2026-07-23,NZDUSD=X,5m,2.157493037e-05,287,7.373521855
2026-07-23,PG,5m,9.153623005e-05,77,15.18786686
2026-07-23,SAN.PA,5m,0.0001571016158,101,19.89713727
2026-07-23,SAP.DE,5m,0.0003725813054,101,30.64155495
2026-07-23,SI=F,5m,0.0005365505284,275,36.77101211
2026-07-23,SIE.DE,5m,0.000192469291,101,22.02322895
2026-07-23,SOLUSDT,5m,0.0003462921537,287,29.54075536
2026-07-23,TSLA,5m,0.001042437171,77,51.25369909
2026-07-23,TTE.PA,5m,0.0001645333979,101,20.36232213
2026-07-23,UNH,5m,0.0002092985876,77,22.96589734
2026-07-23,USDCAD=X,5m,8.849934262e-06,287,4.722481799
2026-07-23,USDCHF=X,5m,2.062048715e-05,287,7.208580139
2026-07-23,USDJPY=X,5m,6.735567754e-06,287,4.119906642
2026-07-23,V,5m,6.346871812e-05,77,12.64678495
2026-07-23,XOM,5m,0.0001147783797,77,17.00710195
2026-07-23,XRPUSDT,5m,0.0002804757058,287,26.58568748
2026-07-23,ZW=F,5m,0.0006056335429,210,39.06656535
2026-07-23,^FCHI,5m,6.343554645e-05,101,12.64347963
2026-07-23,^GDAXI,5m,7.398772951e-05,101,13.65463578
2026-07-23,^GSPC,5m,4.916733356e-05,77,11.13111318
2026-07-23,^HSI,5m,6.497932434e-05,69,12.79640173
2026-07-23,^KS11,5m,0.0005884740668,71,38.50915019
2026-07-23,^N225,5m,8.895617891e-05,67,14.97229344
2026-07-23,^NDX,5m,0.0001349717786,77,18.44258339
2026-07-23,^STOXX50E,5m,6.630130624e-05,101,12.92591551
2026-07-24,005930.KS,5m,0.001199620944,71,54.98222239
2026-07-24,0700.HK,5m,9.362091482e-05,66,15.35984067
2026-07-24,2330.TW,5m,0.0001352526658,52,18.46176367
2026-07-24,6758.T,5m,0.0001444794321,64,19.08109454
2026-07-24,7203.T,5m,8.945725976e-05,64,15.01440291
2026-07-24,9984.T,5m,0.0006046294126,64,39.03416606
2026-07-24,9988.HK,5m,0.0004269623309,66,32.8016017
2026-07-24,AAPL,5m,0.0001185382963,77,17.2834171
2026-07-24,AIR.PA,5m,0.0001283265669,101,17.98285151
2026-07-24,AMZN,5m,0.0002474570566,77,24.97181977
2026-07-24,ASML.AS,5m,0.0004698501229,101,34.40962525
2026-07-24,AUDUSD=X,5m,1.040311137e-05,258,5.120140687
2026-07-24,BNBUSDT,5m,0.0002302373807,287,24.0873037
2026-07-24,BNP.PA,5m,0.0001245900083,101,17.71910892
2026-07-24,BTCUSDT,5m,0.0002652804635,287,25.85549783
2026-07-24,BZ=F,5m,0.008594413584,240,147.1663081
2026-07-24,CC=F,5m,0.001728695161,104,66.00236212
2026-07-24,CL=F,5m,0.001163793053,251,54.15494894
2026-07-24,COST,5m,7.257449906e-05,77,13.52359929
2026-07-24,ETHUSDT,5m,0.0004686757856,287,34.36659686
2026-07-24,EURUSD=X,5m,5.857604282e-06,257,3.842025871
2026-07-24,GBPUSD=X,5m,7.276427023e-06,257,4.282125185
2026-07-24,GC=F,5m,0.000114481037,251,16.98505853
2026-07-24,GOOGL,5m,0.000261267597,77,25.6591961
2026-07-24,HG=F,5m,0.0001522561706,251,19.58789294
2026-07-24,JPM,5m,7.907133591e-05,77,14.11594016
2026-07-24,KC=F,5m,0.00278913912,110,83.83692852
2026-07-24,KO,5m,6.70482948e-05,77,12.99852695
2026-07-24,MC.PA,5m,0.0002301938446,101,24.08502623
2026-07-24,META,5m,0.0001592493699,77,20.0326836
2026-07-24,MSFT,5m,0.0002231918793,77,23.71589205
2026-07-24,NG=F,5m,0.0004795217703,251,34.76197435
2026-07-24,NVDA,5m,0.000495419205,77,35.33350247
2026-07-24,NZDUSD=X,5m,1.309450294e-05,257,5.744401397
2026-07-24,PG,5m,9.532002059e-05,77,15.49859516
2026-07-24,SAN.PA,5m,0.0002381704255,101,24.49876471
2026-07-24,SAP.DE,5m,0.0008366453132,101,45.91673104
2026-07-24,SI=F,5m,0.0006006159089,251,38.9043968
2026-07-24,SIE.DE,5m,0.0001419266779,101,18.91177486
2026-07-24,SOLUSDT,5m,0.0003699892306,287,30.53478117
2026-07-24,TSLA,5m,0.0008225617531,77,45.52862416
2026-07-24,TTE.PA,5m,0.000139412258,101,18.74350261
2026-07-24,UNH,5m,7.365663731e-05,77,13.62404955
2026-07-24,USDCAD=X,5m,8.420975611e-06,253,4.606610309
2026-07-24,USDCHF=X,5m,8.802996289e-06,252,4.709941682
2026-07-24,USDJPY=X,5m,3.341931697e-06,251,2.902011006
2026-07-24,V,5m,8.575343216e-05,77,14.70029418
2026-07-24,XOM,5m,0.0001506181999,77,19.48224483
2026-07-24,XRPUSDT,5m,0.0002613757606,287,25.66450694
2026-07-24,ZW=F,5m,0.0008363751799,210,45.90931772
2026-07-24,^FCHI,5m,3.93183855e-05,101,9.954010823
2026-07-24,^GDAXI,5m,4.101861936e-05,101,10.16695238
2026-07-24,^GSPC,5m,5.523644196e-05,77,11.7981284
2026-07-24,^HSI,5m,4.368118685e-05,69,10.49173917
2026-07-24,^KS11,5m,0.0007037142355,71,42.11127965
2026-07-24,^N225,5m,0.0001715342647,67,20.79101602
2026-07-24,^NDX,5m,0.0001761986257,77,21.07179482
2026-07-24,^STOXX50E,5m,4.199340989e-05,101,10.28704977
2026-07-25,BNBUSDT,5m,5.638057623e-05,287,11.91969178
2026-07-25,BTCUSDT,5m,4.120441605e-05,287,10.18995233
2026-07-25,ETHUSDT,5m,8.054451166e-05,287,14.24683015
2026-07-25,SOLUSDT,5m,0.0001148376919,287,17.01149563
2026-07-25,XRPUSDT,5m,0.0001015001538,287,15.99313564
2026-07-26,BNBUSDT,5m,7.354489669e-05,287,13.61371146
2026-07-26,BTCUSDT,5m,8.217121503e-05,287,14.38997783
2026-07-26,ETHUSDT,5m,0.0002683171427,287,26.00306135
2026-07-26,SOLUSDT,5m,0.0002373773013,287,24.45793939
2026-07-26,XRPUSDT,5m,0.0001535102604,287,19.6683974
2026-07-27,005930.KS,5m,0.001664702165,71,64.76920144
2026-07-27,0700.HK,5m,0.0002506253202,66,25.13117201
2026-07-27,2330.TW,5m,0.0002577638316,52,25.48656226
2026-07-27,6758.T,5m,0.0002637094145,65,25.77882318
2026-07-27,7203.T,5m,7.177200471e-05,65,13.44862268
2026-07-27,9984.T,5m,0.001472717933,65,60.9200229
2026-07-27,9988.HK,5m,0.0005677720754,66,37.82572709
2026-07-27,AAPL,5m,0.0001713067477,77,20.7772232
2026-07-27,AIR.PA,5m,0.0002318783375,101,24.17298928
2026-07-27,AMZN,5m,0.0001341062467,77,18.38335502
2026-07-27,ASML.AS,5m,0.001361364674,101,58.57165678
2026-07-27,AUDUSD=X,5m,1.102841998e-05,287,5.271775635
2026-07-27,BNBUSDT,5m,0.0002464139141,287,24.91913047
2026-07-27,BNP.PA,5m,0.0001382531593,101,18.66542155
2026-07-27,BTCUSDT,5m,0.0003085763634,287,27.88570307
2026-07-27,BZ=F,5m,0.001510256226,247,61.6915366
2026-07-27,CC=F,5m,0.002567892234,104,80.44307571
2026-07-27,CL=F,5m,0.00126738842,275,56.51388164
2026-07-27,COST,5m,0.0001579027813,77,19.94780712
2026-07-27,ETHUSDT,5m,0.0006703681596,287,41.1014326
2026-07-27,EURUSD=X,5m,9.13734473e-06,287,4.798552773
2026-07-27,GBPUSD=X,5m,9.420069499e-06,287,4.872224865
2026-07-27,GC=F,5m,9.963465474e-05,275,15.84548295
2026-07-27,GOOGL,5m,0.0002697990381,77,26.07476895
2026-07-27,HG=F,5m,0.000120802378,272,17.44769304
2026-07-27,JPM,5m,7.792077926e-05,77,14.01286422
2026-07-27,KC=F,5m,0.00390472995,110,99.19636825
2026-07-27,KO,5m,0.0001433704793,77,19.00772495
2026-07-27,MC.PA,5m,0.0002348596905,101,24.32789387
2026-07-27,META,5m,0.0002138633334,77,23.21498654
2026-07-27,MSFT,5m,0.0001883870219,77,21.78842112
2026-07-27,NG=F,5m,0.0005223694237,275,36.28182669
2026-07-27,NVDA,5m,0.0006440636922,77,40.28697686
2026-07-27,NZDUSD=X,5m,1.454752386e-05,287,6.054730392
2026-07-27,PG,5m,0.0001416152622,77,18.89101535
2026-07-27,SAN.PA,5m,0.0001303937632,101,18.12711458
2026-07-27,SAP.DE,5m,0.0005439746237,101,37.02453311
2026-07-27,SI=F,5m,0.0004167838172,275,32.4082585
2026-07-27,SIE.DE,5m,0.0001935941638,101,22.08749177
2026-07-27,SOLUSDT,5m,0.0006268140444,287,39.74382206
2026-07-27,TSLA,5m,0.0005398064023,77,36.88240955
2026-07-27,TTE.PA,5m,0.0002103879617,101,23.02558715
2026-07-27,UNH,5m,0.0001779706917,77,21.17749143
2026-07-27,USDCAD=X,5m,8.882341125e-06,287,4.731120336
2026-07-27,USDCHF=X,5m,2.295660872e-05,287,7.605961739
2026-07-27,USDJPY=X,5m,3.970769091e-06,287,3.163279644
2026-07-27,V,5m,0.0001065670734,77,16.38746548
2026-07-27,XOM,5m,0.000156408362,77,19.85318796
2026-07-27,XRPUSDT,5m,0.0003998297294,287,31.74225761
2026-07-27,ZW=F,5m,0.0004964211492,207,35.36921396
2026-07-27,^FCHI,5m,3.461413045e-05,101,9.339572193
2026-07-27,^GDAXI,5m,4.643342181e-05,101,10.81721882
2026-07-27,^GSPC,5m,5.444838372e-05,77,11.71366411
2026-07-27,^HSI,5m,4.315398333e-05,69,10.42823274
2026-07-27,^KS11,5m,0.001140671523,71,53.61429135
2026-07-27,^N225,5m,0.0001640223844,67,20.33067654
2026-07-27,^NDX,5m,0.0001590947931,77,20.02295879
2026-07-27,^STOXX50E,5m,4.016722155e-05,101,10.06088457
2026-07-28,005930.KS,5m,0.002489245392,66,79.20163122
2026-07-28,0700.HK,5m,0.0002292372642,66,24.03493095
2026-07-28,2330.TW,5m,0.0001332983133,52,18.32789539
2026-07-28,6758.T,5m,0.0007928956673,64,44.70007921
2026-07-28,7203.T,5m,0.0003149359646,64,28.17159262
2026-07-28,9984.T,5m,0.001655862095,64,64.59700054
2026-07-28,9988.HK,5m,0.0004141077042,66,32.30404641
2026-07-28,AAPL,5m,0.0001158473978,77,17.08611841
2026-07-28,AIR.PA,5m,0.0002656892939,101,25.87541344
2026-07-28,AMZN,5m,0.0001315875238,77,18.2099028
2026-07-28,ASML.AS,5m,0.0008137612365,101,45.28441582
2026-07-28,AUDUSD=X,5m,1.658803007e-05,287,6.465433921
2026-07-28,BNBUSDT,5m,0.000227851048,287,23.96215017
2026-07-28,BNP.PA,5m,0.0001261779509,101,17.83166948
2026-07-28,BTCUSDT,5m,0.00031205945,287,28.04264278
2026-07-28,BZ=F,5m,0.00285105088,248,84.76230422
2026-07-28,CC=F,5m,0.00378771959,103,97.69878897
2026-07-28,CL=F,5m,0.002481274525,274,79.07472291
2026-07-28,COST,5m,0.0001388218083,77,18.70376852
2026-07-28,ETHUSDT,5m,0.0008363123288,287,45.90759271
2026-07-28,EURUSD=X,5m,6.086371552e-06,287,3.916331997
2026-07-28,GBPUSD=X,5m,7.307968093e-06,287,4.291395996
2026-07-28,GC=F,5m,0.0001084867145,274,16.53440415
2026-07-28,GOOGL,5m,0.0002335420044,77,24.25955175
2026-07-28,HG=F,5m,0.0001502361764,274,19.45752205
2026-07-28,JPM,5m,7.107951682e-05,77,13.38358631
2026-07-28,KC=F,5m,0.01112007465,109,167.3994866
2026-07-28,KO,5m,0.0004090516521,77,32.10623247
2026-07-28,MC.PA,5m,0.0008364665231,101,45.9118246
2026-07-28,META,5m,0.0002590783753,77,25.55146778
2026-07-28,MSFT,5m,0.0003648818569,77,30.32329599
2026-07-28,NG=F,5m,0.0009214505488,274,48.18770987
2026-07-28,NVDA,5m,0.0003378689269,77,29.17926826
2026-07-28,NZDUSD=X,5m,1.876650618e-05,287,6.87688851
2026-07-28,PG,5m,0.0002215475734,77,23.62837034
2026-07-28,SAN.PA,5m,0.0002060137569,101,22.78496582
2026-07-28,SAP.DE,5m,0.0004121200888,101,32.22642741
2026-07-28,SI=F,5m,0.0004831476393,274,34.89315192
2026-07-28,SIE.DE,5m,0.0001897416984,101,21.86662022
2026-07-28,SOLUSDT,5m,0.0006215559253,287,39.57677263
2026-07-28,TSLA,5m,0.0004531044933,77,33.79087633
2026-07-28,TTE.PA,5m,0.0001314551802,101,18.20074323
2026-07-28,UNH,5m,0.0002061987231,77,22.79519208
2026-07-28,USDCAD=X,5m,8.859646724e-06,287,4.725072459
2026-07-28,USDCHF=X,5m,1.413667782e-05,287,5.968620285
2026-07-28,USDJPY=X,5m,2.438934045e-06,287,2.479135695
2026-07-28,V,5m,0.0001428666519,77,18.97429742
2026-07-28,XOM,5m,0.0001553294436,77,19.78459496
2026-07-28,XRPUSDT,5m,0.0004538691901,287,33.81937845
2026-07-28,ZW=F,5m,0.0004157898393,209,32.36959059
2026-07-28,^FCHI,5m,5.710255634e-05,101,11.99576767
2026-07-28,^GDAXI,5m,3.623063655e-05,101,9.555166356
2026-07-28,^GSPC,5m,3.038370531e-05,77,8.750253561
2026-07-28,^HSI,5m,6.738778486e-05,69,13.03139355
2026-07-28,^KS11,5m,0.00103322468,71,51.02672038
2026-07-28,^N225,5m,0.0003467221982,67,29.55909233
2026-07-28,^NDX,5m,0.0001116780188,77,16.77583403
2026-07-28,^STOXX50E,5m,3.837990616e-05,101,9.834498641
2026-07-29,005930.KS,5m,0.007260000216,66,135.2597521
2026-07-29,0700.HK,5m,0.0005763714969,66,38.111103
2026-07-29,2330.TW,5m,0.0006799083784,52,41.39286308
2026-07-29,6758.T,5m,0.000445624549,64,33.51080219
2026-07-29,7203.T,5m,0.0002897883434,64,27.02344584
2026-07-29,9984.T,5m,0.002571018725,64,80.49203183
2026-07-29,9988.HK,5m,0.0004528261211,66,33.78049475
2026-07-29,AAPL,5m,0.0001669738849,77,20.51278114
2026-07-29,AIR.PA,5m,0.0001740166912,101,20.94091836
2026-07-29,AMZN,5m,0.0002682634269,77,26.00045838
2026-07-29,ASML.AS,5m,0.001518807826,101,61.86594962
2026-07-29,AUDUSD=X,5m,5.329883895e-05,287,11.58935176
2026-07-29,BNBUSDT,5m,0.0002278444761,287,23.9618046
2026-07-29,BNP.PA,5m,0.0002132832931,101,23.18348331
2026-07-29,BTCUSDT,5m,0.000409296402,287,32.11583617
2026-07-29,BZ=F,5m,0.001297255,215,57.17589177
2026-07-29,CC=F,5m,0.001345150482,104,58.22181047
2026-07-29,CL=F,5m,0.001301994855,275,57.28024996
2026-07-29,COST,5m,0.0001559876342,77,19.82646812
2026-07-29,ETHUSDT,5m,0.0007682273846,287,43.99923873
2026-07-29,EURUSD=X,5m,2.195050197e-05,287,7.437423275
2026-07-29,GBPUSD=X,5m,2.194855559e-05,287,7.437093525
2026-07-29,GC=F,5m,0.0004731905421,275,34.53172695
2026-07-29,GOOGL,5m,0.0003062644498,77,27.78104414
2026-07-29,HG=F,5m,0.0003163591273,275,28.23517312
2026-07-29,JPM,5m,0.0002546745009,77,25.3333721
2026-07-29,KC=F,5m,0.005751061075,110,120.385522
2026-07-29,KO,5m,0.0001639167871,77,20.32413106
2026-07-29,MC.PA,5m,0.0007477771693,101,43.40965868
2026-07-29,META,5m,0.0004505588033,77,33.6958185
2026-07-29,MSFT,5m,0.0002858216802,77,26.83785823
2026-07-29,NG=F,5m,0.0004536169811,270,33.80998066
2026-07-29,NVDA,5m,0.0006392859427,77,40.13727165
2026-07-29,NZDUSD=X,5m,5.615376306e-05,287,11.89569178
2026-07-29,PG,5m,0.0003413672855,77,29.32994305
2026-07-29,SAN.PA,5m,0.0001480215171,101,19.31357613
2026-07-29,SAP.DE,5m,0.0007369548961,101,43.09438871
2026-07-29,SI=F,5m,0.0009531123211,274,49.00860179
2026-07-29,SIE.DE,5m,0.0001929278718,101,22.04944981
2026-07-29,SOLUSDT,5m,0.0007732833082,287,44.14378707
2026-07-29,TSLA,5m,0.0004151971005,77,32.34650975
2026-07-29,TTE.PA,5m,0.0001467925296,101,19.233231
2026-07-29,UNH,5m,0.0002478530503,77,24.99179239
2026-07-29,USDCAD=X,5m,1.529489317e-05,287,6.208311428
2026-07-29,USDCHF=X,5m,3.422438967e-05,287,9.286843488
2026-07-29,USDJPY=X,5m,1.057939891e-05,287,5.163340512
2026-07-29,V,5m,0.0002182308071,77,23.45083439
2026-07-29,XOM,5m,0.0002248822383,77,23.80552962
2026-07-29,XRPUSDT,5m,0.0006757988513,287,41.26757935
2026-07-29,ZW=F,5m,0.0003732088042,209,30.66734724
2026-07-29,^FCHI,5m,6.120983029e-05,101,12.41969292
2026-07-29,^GDAXI,5m,5.275983705e-05,101,11.5306023
2026-07-29,^GSPC,5m,9.99377531e-05,77,15.8695664
2026-07-29,^HSI,5m,5.550488752e-05,69,11.82676273
2026-07-29,^KS11,5m,0.005401549143,71,116.670064
2026-07-29,^N225,5m,0.0005238064283,67,36.3316969
2026-07-29,^NDX,5m,0.00026015878,77,25.60468952
2026-07-29,^STOXX50E,5m,5.646603693e-05,101,11.92872219
2026-07-30,005930.KS,5m,0.006518513714,71,128.1665111
2026-07-30,0700.HK,5m,0.0005081604337,66,35.784973
2026-07-30,2330.TW,5m,0.0005071300696,53,35.74867515
2026-07-30,6758.T,5m,0.0004225413678,64,32.63133842
2026-07-30,7203.T,5m,0.0003963563124,65,31.60408055
2026-07-30,9984.T,5m,0.00125041517,65,56.13418058
2026-07-30,9988.HK,5m,0.0004792813572,66,34.75325913
2026-07-30,AAPL,5m,0.0002425285323,77,24.72189114
2026-07-30,AIR.PA,5m,0.0005975638776,101,38.80542451
2026-07-30,AMZN,5m,0.0002802220203,77,26.57366161
2026-07-30,ASML.AS,5m,0.0006657428893,101,40.95939552
2026-07-30,AUDUSD=X,5m,2.766918332e-05,265,8.350230055
2026-07-30,BNBUSDT,5m,0.0003059719778,287,27.767776
2026-07-30,BNP.PA,5m,0.0001633739467,101,20.29044962
2026-07-30,BTCUSDT,5m,0.0002335941267,287,24.26225874
2026-07-30,BZ=F,5m,0.00139647208,139,59.32208394
2026-07-30,CC=F,5m,0.001824726747,102,67.81085017
2026-07-30,CL=F,5m,0.001221306993,275,55.47696479
2026-07-30,COST,5m,0.0001774432488,77,21.1460868
2026-07-30,ETHUSDT,5m,0.0003909801977,287,31.38901238
2026-07-30,EURUSD=X,5m,1.674652734e-05,265,6.496248833
2026-07-30,GBPUSD=X,5m,2.382670181e-05,265,7.748760454
2026-07-30,GC=F,5m,0.0002187524634,275,23.47884596
2026-07-30,GOOGL,5m,0.0001914798516,77,21.96654789
2026-07-30,HG=F,5m,0.0002623559143,274,25.7125826
2026-07-30,JPM,5m,0.0001098228043,77,16.63590896
2026-07-30,KC=F,5m,0.004560934904,110,107.2080032
2026-07-30,KO,5m,0.0001449310475,77,19.11089322
2026-07-30,MC.PA,5m,0.000293682683,101,27.20441805
2026-07-30,META,5m,0.0005719248059,77,37.96380527
2026-07-30,MSFT,5m,0.0005631888442,77,37.67274728
2026-07-30,NG=F,5m,0.0007025458546,274,42.07630632
2026-07-30,NVDA,5m,0.0003704008338,77,30.55176102
2026-07-30,NZDUSD=X,5m,3.201518312e-05,265,8.982107852
2026-07-30,PG,5m,0.0002197374169,77,23.53164445
2026-07-30,SAN.PA,5m,0.00122443259,101,55.54790839
2026-07-30,SAP.DE,5m,0.0004946868193,101,35.30737578
2026-07-30,SI=F,5m,0.0008747477584,274,46.95065869
2026-07-30,SIE.DE,5m,0.0002394894646,101,24.56651076
2026-07-30,SOLUSDT,5m,0.0003613770249,287,30.17731106
2026-07-30,TSLA,5m,0.0003769226881,77,30.8195583
2026-07-30,TTE.PA,5m,0.0001953204589,101,22.1857512
2026-07-30,UNH,5m,0.0002054128173,77,22.75170982
2026-07-30,USDCAD=X,5m,1.387433061e-05,265,5.912978363
2026-07-30,USDCHF=X,5m,4.830752764e-05,264,11.03335713
2026-07-30,USDJPY=X,5m,0.0003019070235,265,27.58270652
2026-07-30,V,5m,0.0001430680938,77,18.98766959
2026-07-30,XOM,5m,0.0001320645982,77,18.2428832
2026-07-30,XRPUSDT,5m,0.0003125296264,287,28.06376059
2026-07-30,ZW=F,5m,0.0005252388476,210,36.38133994
2026-07-30,^FCHI,5m,4.856125304e-05,101,11.06229441
2026-07-30,^GDAXI,5m,5.586633613e-05,100,11.86520826
2026-07-30,^GSPC,5m,3.37793339e-05,77,9.226262593
2026-07-30,^HSI,5m,0.0001190172443,69,17.31829829
2026-07-30,^KS11,5m,0.003772143938,71,97.49770625
2026-07-30,^N225,5m,0.0004288426837,67,32.87375188
2026-07-30,^NDX,5m,0.000116303802,77,17.11974244
2026-07-30,^STOXX50E,5m,5.498254846e-05,101,11.77098221
2026-07-31,005930.KS,5m,0.00470616222,71,108.9014637
2026-07-31,0700.HK,5m,0.0003862973828,66,31.20047123
2026-07-31,2330.TW,5m,0.0002836182154,52,26.73420848
2026-07-31,6758.T,5m,0.004344521113,63,104.6336141
2026-07-31,7203.T,5m,0.0009423945248,65,48.73227065
2026-07-31,9984.T,5m,0.0005935649115,49,38.67536137
2026-07-31,9988.HK,5m,0.0007727627525,66,44.1289263
2026-07-31,AAPL,5m,0.0005021642858,77,35.57322027
2026-07-31,AIR.PA,5m,0.0002446928563,101,24.83195517
2026-07-31,AMZN,5m,0.0006130167032,77,39.30397044
2026-07-31,ASML.AS,5m,0.0006800872796,101,41.39830848
2026-07-31,AUDUSD=X,5m,2.785172733e-05,257,8.377729577
2026-07-31,BNBUSDT,5m,0.000289866877,287,27.02710732
2026-07-31,BNP.PA,5m,0.0001161276852,101,17.10677546
2026-07-31,BTCUSDT,5m,0.000282702534,287,26.69101695
2026-07-31,BZ=F,5m,0.0007003148199,81,42.00944353
2026-07-31,CC=F,5m,0.001098217444,105,52.6071094
2026-07-31,CL=F,5m,0.00151384758,251,61.76484356
2026-07-31,COST,5m,0.0001082524276,77,16.51654073
2026-07-31,ETHUSDT,5m,0.0004088720912,287,32.09918488
2026-07-31,EURUSD=X,5m,2.297397752e-05,257,7.608838502
2026-07-31,GBPUSD=X,5m,1.80541943e-05,257,6.745114501
2026-07-31,GC=F,5m,9.174693751e-05,251,15.2053373
2026-07-31,GOOGL,5m,0.0003473811523,77,29.58716789
2026-07-31,HG=F,5m,0.0001733651532,251,20.90167902
2026-07-31,JPM,5m,7.470516398e-05,77,13.72067831
2026-07-31,KC=F,5m,0.00609987092,110,123.9825581
2026-07-31,KO,5m,0.0001120310487,77,16.80232849
2026-07-31,MC.PA,5m,0.0002490681979,101,25.05298103
2026-07-31,META,5m,0.0006504186183,77,40.48524322
2026-07-31,MSFT,5m,0.0004438831712,77,33.44526262
2026-07-31,NG=F,5m,0.0007000414692,251,42.00124406
2026-07-31,NVDA,5m,0.0004312021492,77,32.96406249
2026-07-31,NZDUSD=X,5m,3.365184406e-05,257,9.20883527
2026-07-31,PG,5m,0.0001132238159,77,16.89153682
2026-07-31,SAN.PA,5m,0.0003425565237,101,29.38098773
2026-07-31,SAP.DE,5m,0.0004684793827,101,34.35939528
2026-07-31,SI=F,5m,0.0003856503338,251,31.17432984
2026-07-31,SIE.DE,5m,0.0002319152978,101,24.17491573
2026-07-31,SOLUSDT,5m,0.000422929733,287,32.64633099
2026-07-31,TSLA,5m,0.0008291817796,77,45.71146557
2026-07-31,TTE.PA,5m,9.076090761e-05,101,15.12340858
2026-07-31,UNH,5m,0.0001058915362,77,16.33544218
2026-07-31,USDCAD=X,5m,1.115415507e-05,252,5.30174224
2026-07-31,USDCHF=X,5m,3.460329445e-05,251,9.338110195
2026-07-31,USDJPY=X,5m,0.0001954753087,252,22.19454388
2026-07-31,V,5m,0.0001196681761,77,17.36559253
2026-07-31,XOM,5m,0.0002535005944,77,25.27491836
2026-07-31,XRPUSDT,5m,0.0003195366589,287,28.37661679
2026-07-31,ZW=F,5m,0.0004974150454,210,35.40460301
2026-07-31,^FCHI,5m,4.82173441e-05,101,11.02305344
2026-07-31,^GDAXI,5m,4.891734895e-05,101,11.1027798
2026-07-31,^GSPC,5m,5.814690788e-05,77,12.10496625
2026-07-31,^HSI,5m,6.40866179e-05,69,12.70819724
2026-07-31,^KS11,5m,0.001784594135,71,67.06099626
2026-07-31,^N225,5m,0.0005620306092,67,37.6339891
2026-07-31,^NDX,5m,0.0001769233612,77,21.11508632
2026-07-31,^STOXX50E,5m,4.99822842e-05,101,11.22298339
2026-08-01,BNBUSDT,5m,0.0001494456695,287,19.40626412
2026-08-01,BTCUSDT,5m,5.531055548e-05,287,11.80604082
2026-08-01,ETHUSDT,5m,0.0002230943975,287,23.71071238
2026-08-01,SOLUSDT,5m,0.0002988719873,287,27.44371345
2026-08-01,XRPUSDT,5m,0.0001117587544,287,16.78189683
2026-08-02,BNBUSDT,5m,0.0001611800451,287,20.15375185
2026-08-02,BTCUSDT,5m,0.0001649557006,287,20.38843706
2026-08-02,ETHUSDT,5m,0.0003691900698,287,30.50178644
2026-08-02,SOLUSDT,5m,0.0002650106105,287,25.84234391
2026-08-02,XRPUSDT,5m,0.0002216821777,287,23.63554712
2026-08-03,005930.KS,5m,0.0009259435995,71,48.30505016
2026-08-03,0700.HK,5m,0.0001908466074,66,21.93019495
2026-08-03,2330.TW,5m,0.0001859657584,52,21.64794935
2026-08-03,6758.T,5m,0.0004056315314,64,31.97172906
2026-08-03,7203.T,5m,0.0002326545126,65,24.21341305
2026-08-03,9984.T,5m,0.002283107846,65,75.85137951
2026-08-03,9988.HK,5m,0.0004105198577,66,32.16380017
2026-08-03,AAPL,5m,0.0002559517085,77,25.39681684
2026-08-03,AIR.PA,5m,0.0001679426231,101,20.57219994
2026-08-03,AMZN,5m,0.0003454300053,77,29.50395928
2026-08-03,ASML.AS,5m,0.0009230750035,101,48.230167
2026-08-03,AUDUSD=X,5m,1.176507281e-05,287,5.444996187
2026-08-03,BNBUSDT,5m,0.0001769907988,287,21.11911014
2026-08-03,BNP.PA,5m,7.040627125e-05,101,13.32005269
2026-08-03,BTCUSDT,5m,0.0002465510054,287,24.92606133
2026-08-03,BZ=F,5m,0.0005929857687,175,38.65648894
2026-08-03,CC=F,5m,0.002007164192,104,71.11999553
2026-08-03,CL=F,5m,0.0009985015674,275,50.16197713
2026-08-03,COST,5m,0.0001933847297,77,22.07554119
2026-08-03,ETHUSDT,5m,0.0003390012184,287,29.22812123
2026-08-03,EURUSD=X,5m,8.654264781e-06,287,4.669983645
2026-08-03,GBPUSD=X,5m,9.605716645e-06,287,4.920000604
2026-08-03,GC=F,5m,9.728155505e-05,275,15.65725131
2026-08-03,GOOGL,5m,0.0003041288105,77,27.68401348
2026-08-03,HG=F,5m,0.0001319597351,275,18.23563907
2026-08-03,JPM,5m,8.119780359e-05,77,14.30449108
2026-08-03,KC=F,5m,0.003013395371,110,87.14216164
2026-08-03,KO,5m,0.0001067886277,77,16.40449152
2026-08-03,MC.PA,5m,0.0002753848318,101,26.3433061
2026-08-03,META,5m,0.0005642766192,77,37.70911137
2026-08-03,MSFT,5m,0.0003581753593,77,30.04333379
2026-08-03,NG=F,5m,0.0004932895736,273,35.25747758
2026-08-03,NVDA,5m,0.0003747183413,77,30.72930556
2026-08-03,NZDUSD=X,5m,2.244736698e-05,287,7.521127894
2026-08-03,PG,5m,0.0001895668797,77,21.85654449
2026-08-03,SAN.PA,5m,0.0003848735815,101,31.14291934
2026-08-03,SAP.DE,5m,0.0005079363718,101,35.77708285
2026-08-03,SI=F,5m,0.0004930783158,275,35.24992703
2026-08-03,SIE.DE,5m,0.0001679111593,101,20.57027276
2026-08-03,SOLUSDT,5m,0.000298844583,287,27.44245523
2026-08-03,TSLA,5m,0.0003896622768,77,31.33606449
2026-08-03,TTE.PA,5m,0.0001255022345,101,17.78385872
2026-08-03,UNH,5m,8.103618122e-05,77,14.29024761
2026-08-03,USDCAD=X,5m,9.122423448e-06,287,4.794633155
2026-08-03,USDCHF=X,5m,2.424601572e-05,287,7.816646315
2026-08-03,USDJPY=X,5m,0.0001217148339,287,17.51346286
2026-08-03,V,5m,0.0001120654153,77,16.80490543
2026-08-03,XOM,5m,0.0001819055065,77,21.41032173
2026-08-03,XRPUSDT,5m,0.0002548945264,287,25.3443131
2026-08-03,ZW=F,5m,0.0004052985756,208,31.95860464
2026-08-03,^FCHI,5m,2.407235195e-05,101,7.788602372
2026-08-03,^GDAXI,5m,2.648502162e-05,101,8.169593287
2026-08-03,^GSPC,5m,1.277428091e-05,77,5.673727866
2026-08-03,^HSI,5m,5.577315444e-05,69,11.8553089
2026-08-03,^KS11,5m,0.0005357329719,71,36.74298694
2026-08-03,^N225,5m,0.0002211479382,67,23.60704989
2026-08-03,^NDX,5m,7.362044608e-05,77,13.62070204
2026-08-03,^STOXX50E,5m,2.036016095e-05,101,7.16293275
2026-08-04,005930.KS,5m,0.002892847865,71,85.38135991
2026-08-04,0700.HK,5m,0.0003098530051,66,27.94332788
2026-08-04,2330.TW,5m,0.0002064673817,52,22.81003731
2026-08-04,6758.T,5m,0.0001645303113,64,20.36213114
2026-08-04,7203.T,5m,0.0006278881785,64,39.7778608
2026-08-04,9984.T,5m,0.001454031887,64,60.53230836
2026-08-04,9988.HK,5m,0.0009740252483,66,49.54335097
2026-08-04,AAPL,5m,0.0001663189393,77,20.4725115
2026-08-04,AIR.PA,5m,0.000254309813,101,25.31522721
2026-08-04,AMZN,5m,0.0003596516907,77,30.1051866
2026-08-04,ASML.AS,5m,0.0003110531555,101,27.99739187
2026-08-04,AUDUSD=X,5m,1.465254316e-05,287,6.076545792
2026-08-04,BNBUSDT,5m,0.0001545807779,287,19.73685792
2026-08-04,BNP.PA,5m,7.025822539e-05,101,13.30604103
2026-08-04,BTCUSDT,5m,0.0002241543289,287,23.76697097
2026-08-04,BZ=F,5m,0.001507418081,266,61.63354253
2026-08-04,CC=F,5m,0.002294987568,104,76.04846266
2026-08-04,CL=F,5m,0.001591258857,275,63.32434223
2026-08-04,COST,5m,5.083795288e-05,77,11.31864132
2026-08-04,ETHUSDT,5m,0.0003483059717,287,29.6265261
2026-08-04,EURUSD=X,5m,6.237775813e-06,287,3.964744008
2026-08-04,GBPUSD=X,5m,6.720939781e-06,287,4.115430506
2026-08-04,GC=F,5m,0.0001370815598,275,18.58616504
2026-08-04,GOOGL,5m,0.0002694154069,77,26.05622431
2026-08-04,HG=F,5m,0.0001782490281,273,21.19404517
2026-08-04,JPM,5m,9.378750127e-05,77,15.37350003
2026-08-04,KC=F,5m,0.005325110634,110,115.8416108
2026-08-04,KO,5m,6.529444678e-05,77,12.82739279
2026-08-04,MC.PA,5m,0.000199742829,101,22.43550599
2026-08-04,META,5m,0.0002296473415,77,24.05641911
2026-08-04,MSFT,5m,0.000272608815,77,26.21019294
2026-08-04,NG=F,5m,0.0004326230823,274,33.01833078
2026-08-04,NVDA,5m,0.0001786732245,77,21.21924894
2026-08-04,NZDUSD=X,5m,2.249193309e-05,287,7.528590265
2026-08-04,PG,5m,7.535141749e-05,77,13.77989739
2026-08-04,SAN.PA,5m,0.0001527642391,101,19.62054746
2026-08-04,SAP.DE,5m,0.0004146544799,101,32.32536604
2026-08-04,SI=F,5m,0.0004389327261,275,33.25823913
2026-08-04,SIE.DE,5m,0.0001611035401,101,20.14896824
2026-08-04,SOLUSDT,5m,0.0003668592613,287,30.40535049
2026-08-04,TSLA,5m,0.0002625230724,77,25.72077259
2026-08-04,TTE.PA,5m,0.0002909178331,101,27.07605842
2026-08-04,UNH,5m,0.0002058926863,77,22.77826968
2026-08-04,USDCAD=X,5m,9.516733569e-06,287,4.897159237
2026-08-04,USDCHF=X,5m,1.356965587e-05,287,5.847694656
2026-08-04,USDJPY=X,5m,2.033372814e-05,287,7.158281562
2026-08-04,V,5m,5.909549311e-05,77,12.20330458
2026-08-04,XOM,5m,0.0002447649081,77,24.83561089
2026-08-04,XRPUSDT,5m,0.0002517490513,287,25.18744944
2026-08-04,ZW=F,5m,0.0003492433661,210,29.66636618
2026-08-04,^FCHI,5m,2.300606463e-05,101,7.614150174
2026-08-04,^GDAXI,5m,3.056869664e-05,101,8.776851118
2026-08-04,^GSPC,5m,2.105568604e-05,77,7.28425211
2026-08-04,^HSI,5m,8.833990977e-05,69,14.9203409
2026-08-04,^KS11,5m,0.001269666893,71,56.56465832
2026-08-04,^N225,5m,0.000237277321,67,24.45278817
2026-08-04,^NDX,5m,4.033159268e-05,77,10.08144898
2026-08-04,^STOXX50E,5m,2.039809278e-05,101,7.169602068
2026-08-05,005930.KS,5m,0.001032135764,71,50.99982476
2026-08-05,0700.HK,5m,0.0004109067242,66,32.1789519
2026-08-05,2330.TW,5m,0.0003220668708,52,28.48874364
2026-08-05,6758.T,5m,0.0001990583646,64,22.39703281
2026-08-05,7203.T,5m,0.0001333410864,64,18.33083571
2026-08-05,9984.T,5m,0.0008023451498,63,44.96565108
2026-08-05,9988.HK,5m,0.00051742899,66,36.10984706
2026-08-05,AAPL,5m,0.0001919557907,77,21.99383079
2026-08-05,AIR.PA,5m,9.756098422e-05,101,15.67972194
2026-08-05,AMZN,5m,0.0003149801958,77,28.17357083
2026-08-05,ASML.AS,5m,0.0005766740054,101,38.121103
2026-08-05,AUDUSD=X,5m,1.29715079e-05,287,5.717359522
2026-08-05,BNBUSDT,5m,0.0003507845147,287,29.73175032
2026-08-05,BNP.PA,5m,8.054622095e-05,101,14.24698132
2026-08-05,BTCUSDT,5m,0.0002172655106,287,23.39891208
2026-08-05,BZ=F,5m,0.001005417033,262,50.3353844
2026-08-05,CC=F,5m,0.001695758121,104,65.37056267
2026-08-05,CL=F,5m,0.001012594575,276,50.51473379
2026-08-05,COST,5m,0.0001013968102,77,15.98499176
2026-08-05,ETHUSDT,5m,0.0004447933075,287,33.47953307
2026-08-05,EURUSD=X,5m,7.253627998e-06,287,4.27541139
2026-08-05,GBPUSD=X,5m,7.971132315e-06,287,4.481880569
2026-08-05,GC=F,5m,0.000219360301,275,23.51144314
2026-08-05,GOOGL,5m,0.001527580682,77,62.04436573
2026-08-05,HG=F,5m,0.000146485949,275,19.21313591
2026-08-05,JPM,5m,6.322307431e-05,77,12.62228772
2026-08-05,KC=F,5m,0.005376075742,110,116.3946342
2026-08-05,KO,5m,7.498666822e-05,77,13.74650515
2026-08-05,MC.PA,5m,0.0004430967715,101,33.41562306
2026-08-05,META,5m,0.0002764262208,77,26.39306872
2026-08-05,MSFT,5m,0.0002372467117,77,24.45121088
2026-08-05,NG=F,5m,0.0004293817945,275,32.89440868
2026-08-05,NVDA,5m,0.0004430922757,77,33.41545353
2026-08-05,NZDUSD=X,5m,2.1023443e-05,287,7.278672707
2026-08-05,PG,5m,0.0001094930335,77,16.61091341
2026-08-05,SAN.PA,5m,0.0002117942749,101,23.10241487
2026-08-05,SAP.DE,5m,0.0004290417642,101,32.88138145
2026-08-05,SI=F,5m,0.0005722040786,275,37.97307307
2026-08-05,SIE.DE,5m,0.0002225543959,101,23.68199902
2026-08-05,SOLUSDT,5m,0.0003299348403,287,28.83462844
2026-08-05,TSLA,5m,0.0001849802871,77,21.59051466
2026-08-05,TTE.PA,5m,0.0001822138308,101,21.42845897
2026-08-05,UNH,5m,0.0001210883457,77,17.46833224
2026-08-05,USDCAD=X,5m,8.134049171e-06,287,4.527450045
2026-08-05,USDCHF=X,5m,1.577405632e-05,287,6.304809429
2026-08-05,USDJPY=X,5m,1.192247202e-05,287,5.481298157
2026-08-05,V,5m,9.53910785e-05,77,15.50437093
2026-08-05,XOM,5m,0.0001509079156,77,19.50097298
2026-08-05,XRPUSDT,5m,0.0002371200305,287,24.44468197
2026-08-05,ZW=F,5m,0.0004272290011,208,32.81184364
2026-08-05,^FCHI,5m,1.296726215e-05,101,5.716423762
2026-08-05,^GDAXI,5m,2.9130986e-05,101,8.56796853
2026-08-05,^GSPC,5m,2.705648938e-05,77,8.257260638
2026-08-05,^HSI,5m,5.319406037e-05,69,11.57795457
2026-08-05,^KS11,5m,0.0004616780548,71,34.10907061
2026-08-05,^N225,5m,0.0001001941328,67,15.88990921
2026-08-05,^NDX,5m,7.369810774e-05,77,13.62788434
2026-08-05,^STOXX50E,5m,1.627611473e-05,101,6.404358603
2026-08-06,005930.KS,5m,0.001087055345,71,52.33908167
2026-08-06,0700.HK,5m,0.0002129170482,66,23.16356971
2026-08-06,2330.TW,5m,0.0001733874818,52,20.903025
2026-08-06,6758.T,5m,0.0002223038523,64,23.6686651
2026-08-06,7203.T,5m,0.0001612680193,64,20.15925119
2026-08-06,9984.T,5m,0.001429010279,64,60.00921516
2026-08-06,9988.HK,5m,0.000291056256,66,27.08249924
2026-08-06,AAPL,5m,0.0001233760999,77,17.632577
2026-08-06,AIR.PA,5m,0.0001537689158,101,19.68496045
2026-08-06,AMZN,5m,0.0002359439212,77,24.38398411
2026-08-06,ASML.AS,5m,0.0005221898011,101,36.27558819
2026-08-06,AUDUSD=X,5m,1.01525671e-05,287,5.05810924
2026-08-06,BNBUSDT,5m,0.0001217985899,287,17.51948763
2026-08-06,BNP.PA,5m,6.598634008e-05,101,12.8951765
2026-08-06,BTCUSDT,5m,0.0001325264622,287,18.2747554
2026-08-06,CC=F,5m,0.001674923294,104,64.96773585
2026-08-06,CL=F,5m,0.0009259571996,275,48.3054049
2026-08-06,COST,5m,0.0001597072339,77,20.0614613
2026-08-06,CT=F,5m,4.418749025e-05,13,10.55236824
2026-08-06,ETHUSDT,5m,0.0002540429039,287,25.30193901
2026-08-06,EURUSD=X,5m,6.284549566e-06,287,3.979580996
2026-08-06,GBPUSD=X,5m,6.183651004e-06,287,3.947505609
2026-08-06,GC=F,5m,0.0002260890204,275,23.86931778
2026-08-06,GOOGL,5m,0.0001640446936,77,20.33205912
2026-08-06,HG=F,5m,0.0003905831851,271,31.37307168
2026-08-06,JPM,5m,0.0001185328902,77,17.28302298
2026-08-06,KC=F,5m,0.005228872559,110,114.7900642
2026-08-06,KO,5m,0.0001046692155,77,16.24088738
2026-08-06,MC.PA,5m,0.0001794600674,101,21.26592039
2026-08-06,META,5m,0.0002211407466,77,23.60666604
2026-08-06,MSFT,5m,0.0002423076162,77,24.71062915
2026-08-06,NG=F,5m,0.0005765192689,273,38.11598822
2026-08-06,NVDA,5m,0.0002644542732,77,25.81520421
2026-08-06,NZDUSD=X,5m,1.599811842e-05,287,6.349429771
2026-08-06,PG,5m,0.0001515440564,77,19.54203219
2026-08-06,SAN.PA,5m,0.0001299434317,101,18.09578536
2026-08-06,SAP.DE,5m,0.0005192980675,101,36.17500698
2026-08-06,SI=F,5m,0.0005375802995,274,36.80628146
2026-08-06,SIE.DE,5m,0.0007801896768,101,44.34047796
2026-08-06,SOLUSDT,5m,0.0002662039251,287,25.90046122
2026-08-06,TSLA,5m,0.0002389725152,77,24.53998244
2026-08-06,TTE.PA,5m,9.209291004e-05,101,15.23397956
2026-08-06,UNH,5m,0.0002053041505,77,22.745691
2026-08-06,USDCAD=X,5m,7.417621659e-06,287,4.323471589
2026-08-06,USDCHF=X,5m,1.336812693e-05,287,5.804108877
2026-08-06,USDJPY=X,5m,9.014364665e-06,287,4.766151378
2026-08-06,V,5m,9.671027578e-05,77,15.61121055
2026-08-06,XOM,5m,0.0001893922216,77,21.84647336
2026-08-06,XRPUSDT,5m,0.0003892731839,287,31.32041544
2026-08-06,ZW=F,5m,0.0003401564106,207,29.27787825
2026-08-06,^FCHI,5m,2.280512092e-05,101,7.580824805
2026-08-06,^GDAXI,5m,3.329699847e-05,101,9.16015481
2026-08-06,^GSPC,5m,2.345833203e-05,77,7.688627752
2026-08-06,^HSI,5m,4.188994023e-05,69,10.27436856
2026-08-06,^KS11,5m,0.0005919671711,71,38.6232737
2026-08-06,^N225,5m,0.0001160707955,67,17.10258473
2026-08-06,^NDX,5m,9.158350918e-05,77,15.19178867
2026-08-06,^STOXX50E,5m,1.994441596e-05,101,7.089423687
2026-08-07,005930.KS,5m,0.001467527404,71,60.81257319
2026-08-07,0700.HK,5m,0.000176652265,66,21.098903
2026-08-07,2330.TW,5m,0.0002800144308,52,26.56381685
2026-08-07,6758.T,5m,0.0002556598183,64,25.3823313
2026-08-07,7203.T,5m,0.0001724489316,64,20.84637397
2026-08-07,9984.T,5m,0.0009783244375,64,49.65256874
2026-08-07,9988.HK,5m,0.0004224185756,66,32.62659667
2026-08-07,AAPL,5m,7.788785822e-05,77,14.00990374
2026-08-07,AIR.PA,5m,8.472058035e-05,101,14.61149761
2026-08-07,AMZN,5m,0.0001293200309,77,18.05232611
2026-08-07,ASML.AS,5m,0.000464400504,101,34.20949094
2026-08-07,AUDUSD=X,5m,2.854261991e-05,257,8.481002428
2026-08-07,BNBUSDT,5m,0.000139921121,287,18.7776789
2026-08-07,BNP.PA,5m,6.085803203e-05,101,12.38395093
2026-08-07,BTCUSDT,5m,0.0001549670621,287,19.76150289
2026-08-07,BZ=F,5m,0.0008850922837,251,47.22745552
2026-08-07,CC=F,5m,0.001040715096,104,51.2113468
2026-08-07,CL=F,5m,0.0007548259061,251,43.61377401
2026-08-07,COST,5m,7.63294911e-05,77,13.8690417
2026-08-07,ETHUSDT,5m,0.0003146529545,287,28.15893189
2026-08-07,EURUSD=X,5m,2.076457931e-05,257,7.233722407
2026-08-07,GBPUSD=X,5m,2.13857069e-05,257,7.341115813
2026-08-07,GC=F,5m,0.0003064417119,251,27.78908264
2026-08-07,GOOGL,5m,0.0001385984965,77,18.68871882
2026-08-07,HG=F,5m,0.0002189976363,251,23.49199956
2026-08-07,JPM,5m,5.388609907e-05,77,11.65302406
2026-08-07,KC=F,5m,0.007629998751,110,138.6636104
2026-08-07,KO,5m,3.971201499e-05,77,10.0037132
2026-08-07,MC.PA,5m,0.0001052971504,101,16.28953097
2026-08-07,META,5m,0.0001706811262,77,20.73924874
2026-08-07,MSFT,5m,0.0001366757286,77,18.55863239
2026-08-07,NG=F,5m,0.0004087009891,251,32.09246785
2026-08-07,NVDA,5m,0.0002228796425,77,23.69929744
2026-08-07,NZDUSD=X,5m,3.389067706e-05,257,9.241455849
2026-08-07,PG,5m,5.609393429e-05,77,11.88935298
2026-08-07,SAN.PA,5m,0.0001639513615,101,20.3262744
2026-08-07,SAP.DE,5m,0.0004162095008,101,32.38592197
2026-08-07,SI=F,5m,0.0007688868836,251,44.01812066
2026-08-07,SIE.DE,5m,0.0002341517229,101,24.29119885
2026-08-07,SOLUSDT,5m,0.0002875638202,287,26.91952501
2026-08-07,TSLA,5m,0.0004636248742,77,34.18091109
2026-08-07,TTE.PA,5m,0.0001043603093,101,16.21690412
2026-08-07,UNH,5m,0.0001501732174,77,19.45344463
2026-08-07,USDCAD=X,5m,2.430961134e-05,254,7.826890863
2026-08-07,USDCHF=X,5m,3.332564088e-05,251,9.164093791
2026-08-07,USDJPY=X,5m,0.0001160886028,251,17.10389661
2026-08-07,V,5m,0.0001311126403,77,18.17701443
2026-08-07,XOM,5m,0.000158176538,77,19.96509143
2026-08-07,XRPUSDT,5m,0.0004441282958,287,33.45449604
2026-08-07,ZW=F,5m,0.0002723775046,209,26.19907081
2026-08-07,^FCHI,5m,1.432291313e-05,101,6.007806678
2026-08-07,^GDAXI,5m,2.094567772e-05,101,7.265198404
2026-08-07,^GSPC,5m,2.414260047e-05,77,7.799958538
2026-08-07,^HSI,5m,4.256406334e-05,69,10.35670988
2026-08-07,^KS11,5m,0.0008112032358,71,45.21318562
2026-08-07,^N225,5m,0.000162731004,67,20.25048468
2026-08-07,^NDX,5m,7.732710415e-05,77,13.95938045
2026-08-07,^STOXX50E,5m,1.370152242e-05,101,5.876039184
2026-08-08,BNBUSDT,5m,0.0003328376669,287,28.96119681
2026-08-08,BTCUSDT,5m,1.741924349e-05,287,6.625442897
2026-08-08,ETHUSDT,5m,3.834832369e-05,287,9.83045145
2026-08-08,SOLUSDT,5m,0.0002308566665,287,24.1196766
2026-08-08,XRPUSDT,5m,0.0001170334776,287,17.17336203
2026-08-09,BNBUSDT,5m,0.0001546911705,287,19.74390412
2026-08-09,BTCUSDT,5m,4.620527484e-05,287,10.79061132
2026-08-09,ETHUSDT,5m,0.0001049300686,287,16.26111229
2026-08-09,SOLUSDT,5m,0.0002211958182,287,23.60960529
2026-08-09,XRPUSDT,5m,0.0001491205968,287,19.38514647
2026-08-10,005930.KS,5m,0.001323352072,71,57.7481361
2026-08-10,0700.HK,5m,0.0002845169499,66,26.77653289
2026-08-10,2330.TW,5m,0.0001395445811,52,18.75239569
2026-08-10,6758.T,5m,0.0004153021377,65,32.35060103
2026-08-10,7203.T,5m,0.0001055166173,65,16.30649796
2026-08-10,9984.T,5m,0.0004177454262,65,32.44562334
2026-08-10,9988.HK,5m,0.0004632186881,66,34.1659347
2026-08-10,AAPL,5m,8.855282913e-05,77,14.9383108
2026-08-10,AIR.PA,5m,5.454642391e-05,101,11.72420523
2026-08-10,AMZN,5m,0.0001526322257,77,19.61206793
2026-08-10,ASML.AS,5m,0.000528821554,101,36.50520944
2026-08-10,AUDUSD=X,5m,7.421119781e-06,287,4.324490935
2026-08-10,BNBUSDT,5m,0.0001683831836,287,20.59916558
2026-08-10,BNP.PA,5m,6.407188242e-05,101,12.70673615
2026-08-10,BTCUSDT,5m,0.000192992479,287,22.05314143
2026-08-10,BZ=F,5m,0.0006179782296,263,39.46270567
2026-08-10,CC=F,5m,0.00131211224,104,57.50237251
2026-08-10,CL=F,5m,0.0006396677131,275,40.1492545
2026-08-10,COST,5m,0.0001174506657,77,17.20394367
2026-08-10,ETHUSDT,5m,0.0003625465194,287,30.22610178
2026-08-10,EURUSD=X,5m,4.204425362e-06,287,3.255019495
2026-08-10,GBPUSD=X,5m,5.554404338e-06,287,3.741269695
2026-08-10,GC=F,5m,0.0001040660725,275,16.19402676
2026-08-10,GOOGL,5m,0.0001325878777,77,18.27898936
2026-08-10,HG=F,5m,0.0001058219194,273,16.33007155
2026-08-10,JPM,5m,5.668624351e-05,77,11.95195941
2026-08-10,KC=F,5m,0.003902536573,110,99.16850389
2026-08-10,KO,5m,5.772822312e-05,77,12.06130682
2026-08-10,MC.PA,5m,0.0002059203593,101,22.77980038
2026-08-10,META,5m,0.0001938084594,77,22.09971307
2026-08-10,MSFT,5m,0.0001306089924,77,18.14206881
2026-08-10,NG=F,5m,0.0003804440724,273,30.96318883
2026-08-10,NVDA,5m,0.0002569903629,77,25.44829492
2026-08-10,NZDUSD=X,5m,1.00207281e-05,287,5.025160177
2026-08-10,PG,5m,6.01423793e-05,77,12.31092181
2026-08-10,SAN.PA,5m,8.10322999e-05,101,14.28990538
2026-08-10,SAP.DE,5m,0.0002176042429,101,23.41714526
2026-08-10,SI=F,5m,0.0004748349852,275,34.59167765
2026-08-10,SIE.DE,5m,0.0001720380638,101,20.82152542
2026-08-10,SOLUSDT,5m,0.0003669386781,287,30.40864135
2026-08-10,TSLA,5m,0.0002504991809,77,25.12484698
2026-08-10,TTE.PA,5m,0.0001198970331,101,17.38218983
2026-08-10,UNH,5m,8.331331802e-05,77,14.48963634
2026-08-10,USDCAD=X,5m,7.628234503e-06,287,4.384421393
2026-08-10,USDCHF=X,5m,1.405509085e-05,287,5.951372021
2026-08-10,USDJPY=X,5m,1.037058727e-05,287,5.112130664
2026-08-10,V,5m,9.787254278e-05,77,15.70473839
2026-08-10,XOM,5m,0.0001597973024,77,20.06711743
2026-08-10,XRPUSDT,5m,0.0004686565827,287,34.36589281
2026-08-10,ZW=F,5m,0.0002555746682,209,25.37810402
2026-08-10,^FCHI,5m,1.483947924e-05,101,6.115185008
2026-08-10,^GDAXI,5m,1.66638233e-05,101,6.48018786
2026-08-10,^GSPC,5m,1.117269499e-05,77,5.306146566
2026-08-10,^HSI,5m,3.838832842e-05,69,9.835577646
2026-08-10,^KS11,5m,0.0006657048082,71,40.95822404
2026-08-10,^N225,5m,0.0001048462555,67,16.25461669
2026-08-10,^NDX,5m,3.76252859e-05,77,9.737336416
2026-08-10,^STOXX50E,5m,1.339623011e-05,101,5.810206526
2026-08-11,005930.KS,5m,0.001779196156,71,66.95949756
2026-08-11,0700.HK,5m,0.0002145895643,66,23.25436952
2026-08-11,2330.TW,5m,0.0001399102282,52,18.77694797
2026-08-11,9988.HK,5m,0.0002265238631,66,23.89226099
2026-08-11,AAPL,5m,9.42661655e-05,77,15.41268105
2026-08-11,AIR.PA,5m,0.0001133324489,101,16.8996382
2026-08-11,AMZN,5m,0.0001235577302,77,17.64555128
2026-08-11,ASML.AS,5m,0.0002671281452,101,25.94538352
2026-08-11,AUDUSD=X,5m,1.276669612e-05,287,5.672043214
2026-08-11,BNBUSDT,5m,0.0002280766287,287,23.97400893
2026-08-11,BNP.PA,5m,0.0001223529687,101,17.55931323
2026-08-11,BTCUSDT,5m,0.0001249796663,287,17.74679574
2026-08-11,BZ=F,5m,0.0009661913182,260,49.34371411
2026-08-11,CC=F,5m,0.001032508236,104,51.00902621
2026-08-11,CL=F,5m,0.0009475701535,275,48.86590618
2026-08-11,COST,5m,6.79455771e-05,77,13.0852151
2026-08-11,ETHUSDT,5m,0.0002603467797,287,25.61393927
2026-08-11,EURUSD=X,5m,4.224076657e-06,287,3.262617534
2026-08-11,GBPUSD=X,5m,4.919816352e-06,287,3.521070463
2026-08-11,GC=F,5m,0.0001511730958,275,19.51809933
2026-08-11,GOOGL,5m,0.0001435698771,77,19.0209382
2026-08-11,HG=F,5m,0.0001674333374,274,20.54098367
2026-08-11,JPM,5m,7.77416402e-05,77,13.99674724
2026-08-11,KC=F,5m,0.0006816242697,110,41.44506194
2026-08-11,KO,5m,6.800503348e-05,77,13.09093902
2026-08-11,MC.PA,5m,0.0001396805266,101,18.76152784
2026-08-11,META,5m,0.0003114431614,77,28.01493828
2026-08-11,MSFT,5m,8.819799334e-05,77,14.90835146
2026-08-11,NG=F,5m,0.000496506225,271,35.37224459
2026-08-11,NVDA,5m,0.0001802433673,77,21.31228016
2026-08-11,NZDUSD=X,5m,1.879503427e-05,287,6.882113509
2026-08-11,PG,5m,4.740035087e-05,77,10.92926732
2026-08-11,SAN.PA,5m,0.0001140525278,101,16.9532407
2026-08-11,SAP.DE,5m,0.0002833470772,101,26.72142651
2026-08-11,SI=F,5m,0.0005614347099,276,37.61403287
2026-08-11,SIE.DE,5m,0.0001103095301,101,16.6727327
2026-08-11,SOLUSDT,5m,0.000352537539,287,29.80594904
2026-08-11,TSLA,5m,0.0002704149749,77,26.10451564
2026-08-11,TTE.PA,5m,0.0001458065601,101,19.16852971
2026-08-11,UNH,5m,0.0001275790124,77,17.9303963
2026-08-11,USDCAD=X,5m,7.016550069e-06,287,4.204962089
2026-08-11,USDCHF=X,5m,1.091102114e-05,287,5.243641222
2026-08-11,USDJPY=X,5m,5.520125411e-06,287,3.729707232
2026-08-11,V,5m,5.731332629e-05,77,12.01788593
2026-08-11,XOM,5m,7.424246795e-05,77,13.67812192
2026-08-11,XRPUSDT,5m,0.0004715734633,287,34.47267218
2026-08-11,ZW=F,5m,0.000403166335,207,31.87442806
2026-08-11,^FCHI,5m,1.447383991e-05,101,6.039377168
2026-08-11,^GDAXI,5m,2.157431917e-05,101,7.373417411
2026-08-11,^GSPC,5m,1.12303896e-05,77,5.319829113
2026-08-11,^HSI,5m,3.274618905e-05,69,9.084073778
2026-08-11,^KS11,5m,0.0005842869524,71,38.37190535
2026-08-11,^NDX,5m,4.039490611e-05,77,10.08935892
2026-08-11,^STOXX50E,5m,1.621202899e-05,101,6.391737875
2026-08-12,005930.KS,5m,0.001031384602,71,50.98126319
2026-08-12,0700.HK,5m,0.0002027943453,66,22.60623255
2026-08-12,2330.TW,5m,0.0001598617896,52,20.07116613
2026-08-12,6758.T,5m,0.0001070335677,65,16.42329415
2026-08-12,7203.T,5m,6.239480302e-05,64,12.53933426
2026-08-12,9984.T,5m,0.0003160926707,64,28.22327993
2026-08-12,9988.HK,5m,0.0002348327219,66,24.32649706
2026-08-12,AAPL,5m,5.918196621e-05,77,12.21222973
2026-08-12,AIR.PA,5m,0.0001026756598,101,16.08547987
2026-08-12,AMZN,5m,0.0001372891353,77,18.60023175
2026-08-12,ASML.AS,5m,0.0001812570443,101,21.37212557
2026-08-12,AUDUSD=X,5m,1.096630793e-05,287,5.256909357
2026-08-12,BNBUSDT,5m,0.0001872763384,287,21.72409659
2026-08-12,BNP.PA,5m,6.627475286e-05,101,12.92332686
2026-08-12,BTCUSDT,5m,0.0001354220927,287,18.4733233
2026-08-12,BZ=F,5m,0.0005290905704,259,36.51449352
2026-08-12,CC=F,5m,0.0008829480744,104,47.17021462
2026-08-12,CL=F,5m,0.0005798455006,275,38.2257853
2026-08-12,COST,5m,5.3273464e-05,77,11.58659265
2026-08-12,ETHUSDT,5m,0.0002569730373,287,25.44743708
2026-08-12,EURUSD=X,5m,6.265158639e-06,287,3.973436771
2026-08-12,GBPUSD=X,5m,8.002355501e-06,287,4.490649826
2026-08-12,GC=F,5m,0.0001557214679,275,19.80954566
2026-08-12,GOOGL,5m,0.0001230426937,77,17.60873613
2026-08-12,HG=F,5m,0.0001275864517,271,17.93091906
2026-08-12,JPM,5m,7.088302478e-05,77,13.36507473
2026-08-12,KC=F,5m,0.0005822854866,110,38.30612779
2026-08-12,KO,5m,5.910749492e-05,77,12.20454371
2026-08-12,MC.PA,5m,0.0001662473703,101,20.46810624
2026-08-12,META,5m,0.0002493884097,77,25.06908041
2026-08-12,MSFT,5m,0.0001356568223,77,18.48932644
2026-08-12,NG=F,5m,0.0005322505358,272,36.62337164
2026-08-12,NVDA,5m,0.0002569755861,77,25.44756328
2026-08-12,NZDUSD=X,5m,1.435253743e-05,287,6.014016489
2026-08-12,PG,5m,6.595385994e-05,77,12.89200245
2026-08-12,SAN.PA,5m,0.0001339429935,101,18.37216219
2026-08-12,SAP.DE,5m,0.0004465347515,101,33.54500818
2026-08-12,SI=F,5m,0.000522812526,276,36.29721154
2026-08-12,SIE.DE,5m,0.0001789172225,101,21.23373262
2026-08-12,SOLUSDT,5m,0.0002661310999,287,25.89691819
2026-08-12,TSLA,5m,0.0001552040815,77,19.77660955
2026-08-12,TTE.PA,5m,0.0001260977778,101,17.82600348
2026-08-12,UNH,5m,0.0001051858162,77,16.28091695
2026-08-12,USDCAD=X,5m,9.359612817e-06,287,4.856565072
2026-08-12,USDCHF=X,5m,1.566529346e-05,287,6.283035852
2026-08-12,USDJPY=X,5m,1.380074238e-05,287,5.897276558
2026-08-12,V,5m,6.075827879e-05,77,12.37379742
2026-08-12,XOM,5m,7.38953196e-05,77,13.64610587
2026-08-12,XRPUSDT,5m,0.0001967459983,287,22.26656497
2026-08-12,ZW=F,5m,0.0003940847244,209,31.51338613
2026-08-12,^FCHI,5m,1.972319626e-05,101,7.049996779
2026-08-12,^GDAXI,5m,3.102580267e-05,101,8.842229511
2026-08-12,^GSPC,5m,1.031028775e-05,77,5.097246819
2026-08-12,^HSI,5m,3.535895083e-05,69,9.439520967
2026-08-12,^KS11,5m,0.0003091153826,71,27.91004773
2026-08-12,^N225,5m,6.367613948e-05,67,12.6674335
2026-08-12,^NDX,5m,3.223429214e-05,77,9.012791809
2026-08-12,^STOXX50E,5m,1.864153873e-05,101,6.853953429
2026-08-13,005930.KS,5m,0.0006838243762,71,41.51189502
2026-08-13,0700.HK,5m,0.0001525530751,66,19.60698215
2026-08-13,2330.TW,5m,7.613869523e-05,53,13.85169708
2026-08-13,6758.T,5m,8.707845045e-05,64,14.81342955
2026-08-13,7203.T,5m,5.706272865e-05,64,11.99158356
2026-08-13,9984.T,5m,0.0004182235018,64,32.46418372
2026-08-13,9988.HK,5m,0.0002637163075,66,25.77916009
2026-08-13,AAPL,5m,0.0001055786956,77,16.31129403
2026-08-13,AIR.PA,5m,6.045799666e-05,101,12.34318239
2026-08-13,AMZN,5m,6.72719966e-05,77,13.02019322
2026-08-13,ASML.AS,5m,0.0002186751991,101,23.47469918
2026-08-13,AUDUSD=X,5m,9.517293712e-06,287,4.897303355
2026-08-13,BNBUSDT,5m,0.0001501060976,287,19.44909679
2026-08-13,BNP.PA,5m,7.041182371e-05,101,13.32057791
2026-08-13,BTCUSDT,5m,0.0002006486757,287,22.48632168
2026-08-13,BZ=F,5m,0.0006485329209,263,40.42651309
2026-08-13,CC=F,5m,0.0008824996794,104,47.15823568
2026-08-13,CL=F,5m,0.0006485592063,275,40.42733234
2026-08-13,COST,5m,8.239226899e-05,77,14.40932052
2026-08-13,ETHUSDT,5m,0.0002507807785,287,25.13896501
2026-08-13,EURUSD=X,5m,6.134009481e-06,287,3.931628656
2026-08-13,GBPUSD=X,5m,6.530180099e-06,287,4.056606198
2026-08-13,GC=F,5m,0.0001693166483,275,20.65618439
2026-08-13,GOOGL,5m,0.0001059053204,77,16.33650536
2026-08-13,HG=F,5m,0.0001283982896,273,17.98787619
2026-08-13,JPM,5m,6.764230444e-05,77,13.05597975
2026-08-13,KC=F,5m,0.0003990443786,110,31.71106801
2026-08-13,KO,5m,4.543334433e-05,77,10.70009475
2026-08-13,MC.PA,5m,8.298618618e-05,101,14.4611614
2026-08-13,META,5m,0.0001402203078,77,18.7977439
2026-08-13,MSFT,5m,0.0001431662259,77,18.99418041
2026-08-13,NG=F,5m,0.0005015252799,269,35.55057954
2026-08-13,NVDA,5m,0.0001204355744,77,17.42118387
2026-08-13,NZDUSD=X,5m,1.745151167e-05,287,6.631576691
2026-08-13,PG,5m,4.979758903e-05,77,11.20222854
2026-08-13,SAN.PA,5m,9.634653446e-05,101,15.58182489
2026-08-13,SAP.DE,5m,0.0002253884338,101,23.83230692
2026-08-13,SI=F,5m,0.0005783413816,275,38.17617427
2026-08-13,SIE.DE,5m,6.873535678e-05,101,13.16104476
2026-08-13,SOLUSDT,5m,0.0002398220514,287,24.58356299
2026-08-13,TSLA,5m,0.0002455458457,77,24.87519912
2026-08-13,TTE.PA,5m,0.0001116702177,101,16.7752481
2026-08-13,UNH,5m,8.869522093e-05,77,14.95031628
2026-08-13,USDCAD=X,5m,1.005618437e-05,287,5.034042571
2026-08-13,USDCHF=X,5m,1.392174086e-05,287,5.923072426
2026-08-13,USDJPY=X,5m,6.683113246e-06,287,4.103833011
2026-08-13,V,5m,8.717763894e-05,77,14.82186392
2026-08-13,XOM,5m,0.0001288577241,77,18.02002954
2026-08-13,XRPUSDT,5m,0.0002381010996,287,24.49519894
2026-08-13,ZW=F,5m,0.001494281472,209,61.36439773
2026-08-13,^FCHI,5m,1.393658257e-05,101,5.926228824
2026-08-13,^GDAXI,5m,1.524211144e-05,100,6.197589921
2026-08-13,^GSPC,5m,1.448747802e-05,77,6.042221827
2026-08-13,^HSI,5m,3.546423783e-05,69,9.453564372
2026-08-13,^KS11,5m,0.0003164297068,71,28.23832256
2026-08-13,^N225,5m,7.507476201e-05,67,13.75457743
2026-08-13,^NDX,5m,4.662408963e-05,77,10.83940524
2026-08-13,^STOXX50E,5m,1.127813233e-05,101,5.331124974
2026-08-14,005930.KS,5m,0.0005931322865,71,38.66126436
2026-08-14,0700.HK,5m,0.0002150637882,66,23.28005039
2026-08-14,2330.TW,5m,0.0001487191704,52,19.35903689
2026-08-14,6758.T,5m,0.0003120940174,64,28.0441959
2026-08-14,7203.T,5m,0.0001160532501,64,17.10129207
2026-08-14,9984.T,5m,0.0004929977171,64,35.24704594
2026-08-14,9988.HK,5m,0.000312872085,66,28.07913201
2026-08-14,AAPL,5m,5.078754983e-05,77,11.31302902
2026-08-14,AIR.PA,5m,9.627549168e-05,101,15.57607907
2026-08-14,AMZN,5m,8.195019254e-05,77,14.37061186
2026-08-14,ASML.AS,5m,0.0002171616409,101,23.39331817
2026-08-14,AUDUSD=X,5m,7.801104475e-06,257,4.433822648
2026-08-14,BNBUSDT,5m,9.079747306e-05,287,15.12645471
2026-08-14,BNP.PA,5m,4.354345995e-05,101,10.47518587
2026-08-14,BTCUSDT,5m,0.000109558528,287,16.61588067
2026-08-14,BZ=F,5m,0.0004223631575,238,32.62445642
2026-08-14,CC=F,5m,0.0005690405344,104,37.86795673
2026-08-14,CL=F,5m,0.0004210112071,251,32.57220045
2026-08-14,COST,5m,5.412117892e-05,77,11.67841474
2026-08-14,ETHUSDT,5m,0.0001669864782,287,20.51355466
2026-08-14,EURUSD=X,5m,5.809253283e-06,257,3.826136207
2026-08-14,GBPUSD=X,5m,6.168984039e-06,257,3.942821297
2026-08-14,GC=F,5m,0.0001142290776,252,16.96635717
2026-08-14,GOOGL,5m,7.549722424e-05,77,13.79322316
2026-08-14,HG=F,5m,0.0001006967862,250,15.92971755
2026-08-14,JPM,5m,5.165172543e-05,77,11.40887146
2026-08-14,KC=F,5m,0.0006625023579,110,40.85958813
2026-08-14,KO,5m,2.790258457e-05,77,8.385374955
2026-08-14,MC.PA,5m,8.064473097e-05,101,14.25569086
2026-08-14,META,5m,0.0001210125919,77,17.46286722
2026-08-14,MSFT,5m,4.717463081e-05,77,10.90321373
2026-08-14,NG=F,5m,0.0004043467347,248,31.9210553
2026-08-14,NVDA,5m,0.0001067294947,77,16.39994898
2026-08-14,NZDUSD=X,5m,1.049275471e-05,257,5.142153427
2026-08-14,PG,5m,6.052558877e-05,77,12.35008031
2026-08-14,SAN.PA,5m,0.0001004282963,101,15.90846651
2026-08-14,SAP.DE,5m,0.0005204437254,101,36.21488904
2026-08-14,SI=F,5m,0.000440414996,251,33.31434811
2026-08-14,SIE.DE,5m,4.705549026e-05,101,10.88943688
2026-08-14,SOLUSDT,5m,0.0001806221852,287,21.33466444
2026-08-14,TSLA,5m,0.0003584098844,77,30.05316803
2026-08-14,TTE.PA,5m,6.957029219e-05,101,13.24073776
2026-08-14,UNH,5m,9.608436988e-05,77,15.56061092
2026-08-14,USDCAD=X,5m,7.434118742e-06,252,4.328276705
2026-08-14,USDCHF=X,5m,8.433205678e-06,252,4.609954263
2026-08-14,USDJPY=X,5m,8.251589342e-06,252,4.560044423
2026-08-14,V,5m,4.41824587e-05,77,10.55176743
2026-08-14,XOM,5m,8.346642979e-05,77,14.50294463
2026-08-14,XRPUSDT,5m,0.0002046765299,287,22.71089728
2026-08-14,ZW=F,5m,0.0003553435392,207,29.92433322
2026-08-14,^FCHI,5m,1.017879272e-05,101,5.064637958
2026-08-14,^GDAXI,5m,1.780978452e-05,101,6.699302725
2026-08-14,^GSPC,5m,5.765628349e-06,76,3.811742835
2026-08-14,^HSI,5m,4.632469398e-05,69,10.80454667
2026-08-14,^KS11,5m,0.0003429214226,71,29.3966322
2026-08-14,^N225,5m,0.0001041704838,67,16.2021486
2026-08-14,^NDX,5m,2.218785264e-05,77,7.47752557
2026-08-14,^STOXX50E,5m,9.673243719e-06,101,4.937263834
2026-08-15,BNBUSDT,5m,7.48688066e-05,287,13.73569775
2026-08-15,BTCUSDT,5m,2.06080109e-05,287,7.206399063
2026-08-15,ETHUSDT,5m,3.133704538e-05,287,8.886470298
2026-08-15,SOLUSDT,5m,6.168375354e-05,287,12.46768057
2026-08-15,XRPUSDT,5m,6.77312872e-05,287,13.06456443
2026-08-16,BNBUSDT,5m,6.925910829e-05,287,13.21109204
2026-08-16,BTCUSDT,5m,3.406836884e-05,287,9.265651056
2026-08-16,ETHUSDT,5m,6.648037934e-05,287,12.94335953
2026-08-16,SOLUSDT,5m,0.0001009479609,287,15.94957246
2026-08-16,XRPUSDT,5m,0.0001031086028,287,16.11935728
2026-08-17,0700.HK,5m,0.0001341435609,66,18.38591237
2026-08-17,2330.TW,5m,0.0002548105831,52,25.34013949
2026-08-17,6758.T,5m,0.0001117161223,65,16.77869567
2026-08-17,7203.T,5m,5.5013233e-05,65,11.77426631
2026-08-17,9984.T,5m,0.0002718198992,65,26.17223999
2026-08-17,9988.HK,5m,0.0002400508464,66,24.5952868
2026-08-17,AAPL,5m,5.89854794e-05,77,12.19194029
2026-08-17,AIR.PA,5m,7.896766043e-05,101,14.10668297
2026-08-17,AMZN,5m,0.0001470979832,77,19.25323136
2026-08-17,ASML.AS,5m,0.0001580373448,101,19.95630499
2026-08-17,AUDUSD=X,5m,1.129143273e-05,287,5.334267567
2026-08-17,BNBUSDT,5m,9.883068727e-05,287,15.78142363
2026-08-17,BNP.PA,5m,7.184944088e-05,101,13.45587571
2026-08-17,BTCUSDT,5m,0.0001876209607,287,21.74407554
2026-08-17,BZ=F,5m,0.0007254392537,264,42.756367
2026-08-17,CC=F,5m,0.001653203672,104,64.54512572
2026-08-17,CL=F,5m,0.0007399411964,275,43.18161432
2026-08-17,COST,5m,5.518104987e-05,77,11.79221123
2026-08-17,ETHUSDT,5m,0.0002653141366,287,25.85713875
2026-08-17,EURUSD=X,5m,6.57263321e-06,287,4.069770963
2026-08-17,GBPUSD=X,5m,6.772928993e-06,287,4.13131711
2026-08-17,GC=F,5m,0.0001113334374,275,16.7499332
2026-08-17,GOOGL,5m,8.436327927e-05,77,14.58065375
2026-08-17,HG=F,5m,0.0002055389015,275,22.75869135
2026-08-17,JPM,5m,7.67793649e-05,77,13.90985261
2026-08-17,KC=F,5m,0.0009196208272,110,48.139843
2026-08-17,KO,5m,5.43197672e-05,77,11.69982108
2026-08-17,MC.PA,5m,0.0001153948196,101,17.05271079
2026-08-17,META,5m,0.0001193566994,77,17.3429779
2026-08-17,MSFT,5m,0.0001471627932,77,19.25747229
2026-08-17,NG=F,5m,0.0003280802895,275,28.75347509
2026-08-17,NVDA,5m,0.0001296578738,77,18.07589118
2026-08-17,NZDUSD=X,5m,1.530727868e-05,287,6.210824605
2026-08-17,PG,5m,4.916272278e-05,77,11.13059124
2026-08-17,SAN.PA,5m,8.79049621e-05,101,14.88356491
2026-08-17,SAP.DE,5m,0.0002888757798,101,26.98086294
2026-08-17,SI=F,5m,0.000419588801,275,32.51713054
2026-08-17,SIE.DE,5m,8.677675934e-05,101,14.78774606
2026-08-17,SOLUSDT,5m,0.0002789460283,287,26.51309094
2026-08-17,TSLA,5m,0.0003116896894,77,28.02602393
2026-08-17,TTE.PA,5m,8.119668697e-05,101,14.30439272
2026-08-17,UNH,5m,0.0001958206695,77,22.2141416
2026-08-17,USDCAD=X,5m,7.866071406e-06,287,4.452246617
2026-08-17,USDCHF=X,5m,1.974035069e-05,287,7.053062012
2026-08-17,USDJPY=X,5m,6.121872248e-06,287,3.927737016
2026-08-17,V,5m,6.341045791e-05,77,12.64097915
2026-08-17,XOM,5m,0.0001142432283,77,16.96740804
2026-08-17,XRPUSDT,5m,0.0002193370113,287,23.51019499
2026-08-17,ZW=F,5m,0.0003088948921,208,27.9000919
2026-08-17,^FCHI,5m,1.363250027e-05,101,5.861220068
2026-08-17,^GDAXI,5m,2.191951192e-05,101,7.432171286
2026-08-17,^GSPC,5m,6.612947524e-06,77,4.082233183
2026-08-17,^HSI,5m,3.380529891e-05,69,9.229807866
2026-08-17,^N225,5m,4.784333283e-05,67,10.98021852
2026-08-17,^NDX,5m,1.853023044e-05,77,6.833460375
2026-08-17,^STOXX50E,5m,1.21496451e-05,101,5.533272599
2026-08-18,005930.KS,5m,0.001469086784,71,60.84487403
2026-08-18,0700.HK,5m,0.0001511875444,66,19.51903205
2026-08-18,2330.TW,5m,0.0001576227783,52,19.93011293
2026-08-18,6758.T,5m,9.231665424e-05,65,15.25247418
2026-08-18,7203.T,5m,4.909982466e-05,65,11.1234688
2026-08-18,9984.T,5m,0.001968301215,65,70.42811273
2026-08-18,9988.HK,5m,0.001153210323,66,53.90816278
2026-08-18,AAPL,5m,0.0001179718055,77,17.24206918
2026-08-18,AIR.PA,5m,0.0001461899158,101,19.1937122
2026-08-18,AMZN,5m,0.0001423355233,77,18.93899466
2026-08-18,ASML.AS,5m,0.0002658228745,101,25.88191731
2026-08-18,AUDUSD=X,5m,1.017998996e-05,287,5.064935805
2026-08-18,BNBUSDT,5m,5.576344432e-05,287,11.85427685
2026-08-18,BNP.PA,5m,0.000104826465,101,16.25308253
2026-08-18,BTCUSDT,5m,0.0001343282063,287,18.3985619
2026-08-18,BZ=F,5m,0.0003842760148,257,31.11873322
2026-08-18,CC=F,5m,0.0007567996586,104,43.6707584
2026-08-18,CL=F,5m,0.0005104067449,275,35.8639791
2026-08-18,COST,5m,9.816343343e-05,77,15.72805939
2026-08-18,ETHUSDT,5m,0.0001836518856,287,21.51285085
2026-08-18,EURUSD=X,5m,5.552366346e-06,287,3.740583269
2026-08-18,GBPUSD=X,5m,6.377458981e-06,287,4.008889701
2026-08-18,GC=F,5m,0.000132628118,275,18.28176297
2026-08-18,GOOGL,5m,6.936450579e-05,77,13.22114044
2026-08-18,HG=F,5m,0.0002749513235,275,26.32256324
2026-08-18,JPM,5m,6.476345627e-05,77,12.77512856
2026-08-18,KC=F,5m,0.0008053090696,110,45.04862768
2026-08-18,KO,5m,6.535451291e-05,77,12.83329157
2026-08-18,MC.PA,5m,9.694655326e-05,101,15.63026917
2026-08-18,META,5m,0.0002356597992,77,24.36929819
2026-08-18,MSFT,5m,0.0001615792822,77,20.17869647
2026-08-18,NG=F,5m,0.0004341202772,274,33.07541532
2026-08-18,NVDA,5m,0.0001112794685,77,16.74587294
2026-08-18,NZDUSD=X,5m,1.832205974e-05,287,6.794968031
2026-08-18,PG,5m,0.0001053450301,77,16.29323405
2026-08-18,SAN.PA,5m,9.78194569e-05,101,15.7004787
2026-08-18,SAP.DE,5m,0.0003195047837,101,28.37520141
2026-08-18,SI=F,5m,0.0005893437989,275,38.53759688
2026-08-18,SIE.DE,5m,0.000145438377,101,19.14431274
2026-08-18,SOLUSDT,5m,0.0002517171954,287,25.1858558
2026-08-18,TSLA,5m,0.0004997512002,77,35.48764608
2026-08-18,TTE.PA,5m,7.283301492e-05,101,13.54766392
2026-08-18,UNH,5m,0.0001263244655,77,17.84201931
2026-08-18,USDCAD=X,5m,1.076659909e-05,287,5.208822297
2026-08-18,USDCHF=X,5m,1.228928657e-05,287,5.564979978
2026-08-18,USDJPY=X,5m,5.081048746e-06,287,3.57830167
2026-08-18,V,5m,0.0001559463834,77,19.8238464
2026-08-18,XOM,5m,9.360941389e-05,77,15.35889719
2026-08-18,XRPUSDT,5m,0.0001978520324,287,22.3290645
2026-08-18,ZW=F,5m,0.0003535712209,208,29.84961435
2026-08-18,^FCHI,5m,1.933263867e-05,101,6.979845948
2026-08-18,^GDAXI,5m,2.471032255e-05,101,7.891135078
2026-08-18,^GSPC,5m,8.470939476e-06,77,4.620256214
2026-08-18,^HSI,5m,4.329285695e-05,69,10.44499878
2026-08-18,^KS11,5m,0.0007711068156,71,44.08161947
2026-08-18,^N225,5m,0.0001249583108,67,17.74527946
2026-08-18,^NDX,5m,4.17779969e-05,77,10.26063118
2026-08-18,^STOXX50E,5m,2.27646945e-05,101,7.574102596
2026-08-19,005930.KS,5m,0.0004779945677,71,34.70657446
2026-08-19,0700.HK,5m,0.0001747701648,66,20.98620536
2026-08-19,2330.TW,5m,0.0001226244778,52,17.57878506
2026-08-19,6758.T,5m,0.0001412980853,64,18.8698483
2026-08-19,7203.T,5m,8.333009675e-05,64,14.49109533
2026-08-19,9984.T,5m,0.0006960644176,65,41.88176611
2026-08-19,9988.HK,5m,0.0006174603162,66,39.44616581
2026-08-19,AAPL,5m,0.0002708949277,77,26.1276715
2026-08-19,AIR.PA,5m,8.909966064e-05,101,14.98436334
2026-08-19,AMZN,5m,0.0001925999188,77,22.0307012
2026-08-19,ASML.AS,5m,0.0005004933139,101,35.51398529
2026-08-19,AUDUSD=X,5m,2.628219684e-05,287,8.138251412
2026-08-19,BNBUSDT,5m,0.000496388775,287,35.36806063
2026-08-19,BNP.PA,5m,0.0001958502396,101,22.21581877
2026-08-19,BTCUSDT,5m,0.0008643856637,287,46.67174598
2026-08-19,BZ=F,5m,0.0004810694998,265,34.81802894
2026-08-19,CC=F,5m,0.0007649486308,104,43.90524513
2026-08-19,CL=F,5m,0.0005524270466,275,37.31107285
2026-08-19,COST,5m,0.0001523086471,77,19.59126822
2026-08-19,ETHUSDT,5m,0.004094544468,287,101.5787973
2026-08-19,EURUSD=X,5m,1.174769558e-05,287,5.440973522
2026-08-19,GBPUSD=X,5m,1.212936634e-05,287,5.528652925
2026-08-19,GC=F,5m,0.0002226428823,275,23.68670647
2026-08-19,GOOGL,5m,0.0001492250196,77,19.39193259
2026-08-19,HG=F,5m,0.0001368765015,275,18.57225844
2026-08-19,JPM,5m,0.0001340462655,77,18.37924343
2026-08-19,KC=F,5m,0.0008811250167,110,47.12149236
2026-08-19,KO,5m,0.0001230541422,77,17.60955532
2026-08-19,MC.PA,5m,0.0001291771674,101,18.04235189
2026-08-19,META,5m,0.0001667147359,77,20.4968567
2026-08-19,MSFT,5m,0.0001206739006,77,17.43841247
2026-08-19,NG=F,5m,0.0005343780416,274,36.6964939
2026-08-19,NVDA,5m,0.0003240641894,77,28.57694451
2026-08-19,NZDUSD=X,5m,3.481817604e-05,287,9.367059496
2026-08-19,PG,5m,0.0001191980156,77,17.33144539
2026-08-19,SAN.PA,5m,0.0001095333295,101,16.61396974
2026-08-19,SAP.DE,5m,0.0003791453065,101,30.91029234
2026-08-19,SI=F,5m,0.0006772693529,275,41.31245296
2026-08-19,SIE.DE,5m,0.0001277837809,101,17.94477996
2026-08-19,SOLUSDT,5m,0.002211942277,287,74.65985896
2026-08-19,TSLA,5m,0.0005507083961,77,37.25298858
2026-08-19,TTE.PA,5m,9.105246313e-05,101,15.14767992
2026-08-19,UNH,5m,0.0002014143191,77,22.52918294
2026-08-19,USDCAD=X,5m,1.189240012e-05,287,5.474381089
2026-08-19,USDCHF=X,5m,4.64696901e-05,287,10.82144256
2026-08-19,USDJPY=X,5m,2.750725862e-05,287,8.32576073
2026-08-19,V,5m,0.000108252697,77,16.51656128
2026-08-19,XOM,5m,0.0001086804148,77,16.54915845
2026-08-19,XRPUSDT,5m,0.001531502303,287,62.12395516
2026-08-19,ZW=F,5m,0.000309663735,209,27.93479215
2026-08-19,^FCHI,5m,1.797764899e-05,101,6.730800505
2026-08-19,^GDAXI,5m,2.440841284e-05,101,7.842780141
2026-08-19,^GSPC,5m,2.625094204e-05,77,8.133410966
2026-08-19,^HSI,5m,4.974156296e-05,69,11.19592509
2026-08-19,^KS11,5m,0.0004569933798,71,33.93557598
2026-08-19,^N225,5m,0.0001816509782,67,21.39533746
2026-08-19,^NDX,5m,8.402812575e-05,77,14.55166234
2026-08-19,^STOXX50E,5m,2.294597825e-05,101,7.604200497
2026-08-20,005930.KS,5m,0.001145857066,71,53.73601963
2026-08-20,0700.HK,5m,0.0001222609487,66,17.55270893
2026-08-20,2330.TW,5m,0.0001123408729,52,16.82554605
2026-08-20,6758.T,5m,0.0001211786484,64,17.47484461
2026-08-20,7203.T,5m,0.00013466491,64,18.42160615
2026-08-20,9984.T,5m,0.0009742621019,65,49.54937433
2026-08-20,9988.HK,5m,0.0007263810109,66,42.78411092
2026-08-20,AAPL,5m,0.000129459995,77,18.06209255
2026-08-20,AIR.PA,5m,0.0001124831676,101,16.83619857
2026-08-20,AMZN,5m,0.0001609854502,77,20.14158222
2026-08-20,ASML.AS,5m,0.0002950313127,101,27.26680964
2026-08-20,AUDUSD=X,5m,2.912424159e-05,287,8.566976643
2026-08-20,BNBUSDT,5m,0.0007343603522,287,43.01846217
2026-08-20,BNP.PA,5m,0.0001125237649,101,16.83923655
2026-08-20,BTCUSDT,5m,0.0009084332139,287,47.84612523
2026-08-20,BZ=F,5m,0.0003670981379,259,30.41524794
2026-08-20,CC=F,5m,0.0009663409059,104,49.34753371
2026-08-20,CL=F,5m,0.0003736330046,275,30.684771
2026-08-20,COST,5m,0.0001367424712,77,18.56316319
2026-08-20,ETHUSDT,5m,0.001404829574,287,59.49933215
2026-08-20,EURUSD=X,5m,1.158402071e-05,287,5.402937366
2026-08-20,GBPUSD=X,5m,1.168924045e-05,287,5.427419822
2026-08-20,GC=F,5m,0.0001680621277,275,20.57951801
2026-08-20,GOOGL,5m,9.361391356e-05,77,15.35926633
2026-08-20,HG=F,5m,0.0001560473725,275,19.83026421
2026-08-20,JPM,5m,0.0001209395954,77,17.4575995
2026-08-20,KC=F,5m,0.0006784365018,110,41.34803483
2026-08-20,KO,5m,8.396997346e-05,77,14.54662618
2026-08-20,MC.PA,5m,0.0001411238653,101,18.85821149
2026-08-20,META,5m,0.0001783907204,77,21.2024672
2026-08-20,MSFT,5m,8.888373567e-05,77,14.96619571
2026-08-20,NG=F,5m,0.000485883906,271,34.99181966
2026-08-20,NVDA,5m,0.0002274653115,77,23.94185843
2026-08-20,NZDUSD=X,5m,2.929756805e-05,287,8.592431058
2026-08-20,PG,5m,8.04396676e-05,77,14.23755465
2026-08-20,SAN.PA,5m,9.160719456e-05,101,15.193753
2026-08-20,SAP.DE,5m,0.0002977440304,101,27.39187757
2026-08-20,SI=F,5m,0.000612652873,275,39.2923051
2026-08-20,SIE.DE,5m,8.220311212e-05,101,14.3927705
2026-08-20,SOLUSDT,5m,0.001089472125,287,52.39723041
2026-08-20,TSLA,5m,0.0002353986819,77,24.35579353
2026-08-20,TTE.PA,5m,7.393729644e-05,101,13.64998121
2026-08-20,UNH,5m,0.0001733299974,77,20.89955964
2026-08-20,USDCAD=X,5m,1.032819475e-05,287,5.101671369
2026-08-20,USDCHF=X,5m,3.886351905e-05,287,9.896265356
2026-08-20,USDJPY=X,5m,1.527725736e-05,287,6.204731143
2026-08-20,V,5m,0.0001305094641,77,18.13515508
2026-08-20,XOM,5m,0.0001009942788,77,15.9532311
2026-08-20,XRPUSDT,5m,0.005110276364,287,113.4808197
2026-08-20,ZW=F,5m,0.0003397413358,210,29.26000968
2026-08-20,^FCHI,5m,2.268141406e-05,101,7.560235672
2026-08-20,^GDAXI,5m,2.69043723e-05,101,8.234015922
2026-08-20,^GSPC,5m,2.070609478e-05,77,7.223528143
2026-08-20,^HSI,5m,5.417421397e-05,69,11.68413536
2026-08-20,^KS11,5m,0.0004733836727,71,34.53877322
2026-08-20,^N225,5m,9.357592964e-05,67,15.35615
2026-08-20,^NDX,5m,5.857966082e-05,77,12.14992779
2026-08-20,^STOXX50E,5m,2.306159487e-05,101,7.623333855
2026-08-21,005930.KS,5m,0.00152599028,71,62.01205937
2026-08-21,0700.HK,5m,0.0001135944117,66,16.9191583
2026-08-21,2330.TW,5m,0.0001357289529,52,18.4942413
2026-08-21,6758.T,5m,0.0001195922995,64,17.36008625
2026-08-21,7203.T,5m,0.0001545326599,64,19.73378582
2026-08-21,9984.T,5m,0.000345816364,64,29.52045456
2026-08-21,9988.HK,5m,0.001031351734,66,50.98045086
2026-08-21,AAPL,5m,7.35078682e-05,77,13.6102839
2026-08-21,AIR.PA,5m,8.351832856e-05,101,14.50745284
2026-08-21,AMZN,5m,0.0001186660382,77,17.29272726
2026-08-21,ASML.AS,5m,0.0002421860702,101,24.70443072
2026-08-21,AUDUSD=X,5m,1.410271241e-05,257,5.961445736
2026-08-21,BNBUSDT,5m,0.001434687295,287,60.12829602
2026-08-21,BNP.PA,5m,7.899179904e-05,101,14.10883885
2026-08-21,BTCUSDT,5m,0.002062209679,287,72.08861484
2026-08-21,BZ=F,5m,0.0005240209453,239,36.33913568
2026-08-21,CC=F,5m,0.0007606287673,104,43.78109745
2026-08-21,CL=F,5m,0.0005148039483,251,36.01813362
2026-08-21,COST,5m,0.000105037737,77,16.26945288
2026-08-21,ETHUSDT,5m,0.002440131072,287,78.41639051
2026-08-21,EURUSD=X,5m,7.317529577e-06,257,4.294202433
2026-08-21,GBPUSD=X,5m,1.023674095e-05,257,5.079034082
2026-08-21,GC=F,5m,0.0001832602099,251,21.4898983
2026-08-21,GOOGL,5m,7.974171451e-05,77,14.17565239
2026-08-21,HG=F,5m,0.0001153371016,251,17.04844556
2026-08-21,JPM,5m,0.0001295658306,77,18.06947407
2026-08-21,KC=F,5m,0.0009200585826,110,48.15129934
2026-08-21,KO,5m,5.71997167e-05,77,12.00596877
2026-08-21,MC.PA,5m,7.293255756e-05,101,13.55691872
2026-08-21,META,5m,0.0001804136528,77,21.32234521
2026-08-21,MSFT,5m,0.0001239284414,77,17.6720025
2026-08-21,NG=F,5m,0.0005229707037,251,36.30270201
2026-08-21,NVDA,5m,0.0001223852549,77,17.56162984
2026-08-21,NZDUSD=X,5m,1.84937611e-05,260,6.826732599
2026-08-21,PG,5m,8.559556084e-05,77,14.68675639
2026-08-21,SAN.PA,5m,7.782227311e-05,101,14.00400401
2026-08-21,SAP.DE,5m,0.0002399022406,101,24.58767265
2026-08-21,SI=F,5m,0.0006480044199,251,40.41003759
2026-08-21,SIE.DE,5m,8.279859809e-05,100,14.44480762
2026-08-21,SOLUSDT,5m,0.002630899822,287,81.42399863
2026-08-21,TSLA,5m,0.0007655136302,77,43.92145658
2026-08-21,TTE.PA,5m,6.776366026e-05,101,13.06768625
2026-08-21,UNH,5m,0.0001527677804,77,19.62077487
2026-08-21,USDCAD=X,5m,9.235195377e-06,253,4.824177894
2026-08-21,USDCHF=X,5m,1.659316757e-05,251,6.466435052
2026-08-21,USDJPY=X,5m,1.118257477e-05,252,5.308492105
2026-08-21,V,5m,0.0001110549789,77,16.72897328
2026-08-21,XOM,5m,0.0001526636491,77,19.61408667
2026-08-21,XRPUSDT,5m,0.007616555457,287,138.5414009
2026-08-21,ZW=F,5m,0.0003176365838,209,28.29212242
2026-08-21,^FCHI,5m,1.492732215e-05,101,6.133257848
2026-08-21,^GDAXI,5m,1.804553634e-05,101,6.743496985
2026-08-21,^GSPC,5m,1.176792628e-05,77,5.445656455
2026-08-21,^HSI,5m,3.257529149e-05,69,9.060338545
2026-08-21,^KS11,5m,0.0006012325261,71,38.92436211
2026-08-21,^N225,5m,9.143603054e-05,67,15.17955194
2026-08-21,^NDX,5m,3.27815334e-05,77,9.088974869
2026-08-21,^STOXX50E,5m,1.652387493e-05,101,6.452919093
2026-08-22,BNBUSDT,5m,0.002299837638,287,76.12877805
2026-08-22,BTCUSDT,5m,0.0005196541968,287,36.18740908
2026-08-22,ETHUSDT,5m,0.001479441532,287,61.05892778
2026-08-22,SOLUSDT,5m,0.005971204284,287,122.667986
2026-08-22,XRPUSDT,5m,0.02097279161,287,229.8943994
2026-08-23,BNBUSDT,5m,0.0006208215577,287,39.55338576
2026-08-23,BTCUSDT,5m,0.0004198815533,287,32.52847237
2026-08-23,ETHUSDT,5m,0.001321251168,287,57.70227849
2026-08-23,SOLUSDT,5m,0.002141683132,287,73.46455943
2026-08-23,XRPUSDT,5m,0.005018579245,287,112.4580797
2026-08-24,005930.KS,5m,0.0008322461776,71,45.79585535
2026-08-24,0700.HK,5m,0.0001000903219,66,15.88167533
2026-08-24,2330.TW,5m,0.000183531682,52,21.50580941
2026-08-24,6758.T,5m,0.000148488342,65,19.34400739
2026-08-24,7203.T,5m,0.0002362137509,65,24.39792312
2026-08-24,9984.T,5m,0.0004393553193,65,33.27424536
2026-08-24,9988.HK,5m,0.0005251544761,66,36.37841777
2026-08-24,AAPL,5m,7.65682304e-05,77,13.89071419
2026-08-24,AIR.PA,5m,0.0001049906778,101,16.26580795
2026-08-24,AMZN,5m,0.0001525949254,77,19.60967139
2026-08-24,ASML.AS,5m,0.000318074712,101,28.3116279
2026-08-24,AUDUSD=X,5m,9.887535003e-06,287,4.991651852
2026-08-24,BNBUSDT,5m,0.0007474174035,287,43.39921493
2026-08-24,BNP.PA,5m,8.122381557e-05,101,14.30678214
2026-08-24,BTCUSDT,5m,0.0007068586768,287,42.20525874
2026-08-24,BZ=F,5m,0.0004900111126,231,35.14011957
2026-08-24,CC=F,5m,0.0008206117379,103,45.47462567
2026-08-24,CL=F,5m,0.0004786622655,271,34.73080634
2026-08-24,COST,5m,0.0001052354777,77,16.28475987
2026-08-24,ETHUSDT,5m,0.001123960291,287,53.22010836
2026-08-24,EURUSD=X,5m,5.749255582e-06,287,3.806326847
2026-08-24,GBPUSD=X,5m,6.800597851e-06,287,4.139747164
2026-08-24,GC=F,5m,0.0002501711257,274,25.10838977
2026-08-24,GOOGL,5m,9.590565077e-05,77,15.54613264
2026-08-24,HG=F,5m,0.000134219565,273,18.39112024
2026-08-24,JPM,5m,7.186149846e-05,77,13.45700472
2026-08-24,KC=F,5m,0.0009936261539,109,50.03936358
2026-08-24,KO,5m,7.52583293e-05,77,13.771383
2026-08-24,MC.PA,5m,7.903330849e-05,101,14.11254539
2026-08-24,META,5m,0.0002530987883,77,25.25487966
2026-08-24,MSFT,5m,0.0001605067801,77,20.11161569
2026-08-24,NG=F,5m,0.000403179428,270,31.87494562
2026-08-24,NVDA,5m,0.0002796929902,77,26.5485656
2026-08-24,NZDUSD=X,5m,1.593351821e-05,287,6.336597342
2026-08-24,PG,5m,6.527161738e-05,77,12.82515013
2026-08-24,SAN.PA,5m,0.0001086137215,101,16.54407985
2026-08-24,SAP.DE,5m,0.0001386475701,101,18.69202709
2026-08-24,SI=F,5m,0.0006309433701,273,39.87451934
2026-08-24,SIE.DE,5m,9.066186323e-05,101,15.11515449
2026-08-24,SOLUSDT,5m,0.001918052777,287,69.523327
2026-08-24,TSLA,5m,0.0002904754874,77,27.05546578
2026-08-24,TTE.PA,5m,7.758810841e-05,101,13.98291934
2026-08-24,UNH,5m,0.0001210312715,77,17.46421496
2026-08-24,USDCAD=X,5m,1.074299324e-05,287,5.203108972
2026-08-24,USDCHF=X,5m,1.521018733e-05,287,6.191096192
2026-08-24,USDJPY=X,5m,7.734732579e-06,287,4.414920849
2026-08-24,V,5m,0.0001147158798,77,17.00247091
2026-08-24,XOM,5m,8.599100154e-05,77,14.72064278
2026-08-24,XRPUSDT,5m,0.003267485371,287,90.74173865
2026-08-24,ZW=F,5m,0.0004165552219,209,32.39936973
2026-08-24,^FCHI,5m,1.609258043e-05,101,6.368147509
2026-08-24,^GDAXI,5m,1.960741738e-05,101,7.029273918
2026-08-24,^GSPC,5m,1.135415149e-05,77,5.349061764
2026-08-24,^HSI,5m,2.914527915e-05,69,8.570070214
2026-08-24,^KS11,5m,0.0003280617643,71,28.75266329
2026-08-24,^N225,5m,0.0001116241699,67,16.77178906
2026-08-24,^NDX,5m,3.713197902e-05,77,9.673292465
2026-08-24,^STOXX50E,5m,1.504040026e-05,101,6.156444481
2026-08-25,005930.KS,5m,0.001006904636,71,50.37260846
2026-08-25,0700.HK,5m,9.06890849e-05,66,15.11742352
2026-08-25,2330.TW,5m,0.0001834606503,52,21.50164735
2026-08-25,6758.T,5m,8.533173881e-05,64,14.66410522
2026-08-25,7203.T,5m,6.860771841e-05,64,13.14881935
2026-08-25,9984.T,5m,0.0005690073095,64,37.8668512
2026-08-25,9988.HK,5m,0.0002754480162,66,26.34632803
2026-08-25,AAPL,5m,7.306246663e-05,77,13.56898728
2026-08-25,AIR.PA,5m,0.0001834599454,101,21.50160604
2026-08-25,AMZN,5m,8.450675618e-05,77,14.59304717
2026-08-25,ASML.AS,5m,0.0002874109987,101,26.91237107
2026-08-25,AUDUSD=X,5m,1.017908168e-05,287,5.064709847
2026-08-25,BNBUSDT,5m,0.0005901061374,287,38.56251375
2026-08-25,BNP.PA,5m,0.0001996292515,101,22.42912646
2026-08-25,BTCUSDT,5m,0.0008003990633,287,44.91108593
2026-08-25,BZ=F,5m,0.00104191014,240,51.24074114
2026-08-25,CC=F,5m,0.0007066613642,104,42.19936774
2026-08-25,CL=F,5m,0.0007502875354,274,43.48246301
2026-08-25,COST,5m,7.074436173e-05,77,13.35199579
2026-08-25,ETHUSDT,5m,0.000846844927,287,46.19577054
2026-08-25,EURUSD=X,5m,7.755225795e-06,287,4.420765658
2026-08-25,GBPUSD=X,5m,8.739236196e-06,287,4.692853632
2026-08-25,GC=F,5m,0.0001936691685,273,22.09177006
2026-08-25,GOOGL,5m,7.508091448e-05,77,13.75514102
2026-08-25,HG=F,5m,0.0001529785988,270,19.63430846
2026-08-25,JPM,5m,5.843552342e-05,77,12.13497091
2026-08-25,KC=F,5m,0.000610256401,110,39.2153813
2026-08-25,KO,5m,8.12223274e-05,77,14.30665108
2026-08-25,MC.PA,5m,0.0001696973349,101,20.67939273
2026-08-25,META,5m,0.0001414380093,77,18.87918916
2026-08-25,MSFT,5m,0.0001041263393,77,16.19871523
2026-08-25,NG=F,5m,0.000615515238,274,39.38398659
2026-08-25,NVDA,5m,0.0001802749368,77,21.31414649
2026-08-25,NZDUSD=X,5m,1.592902928e-05,287,6.33570468
2026-08-25,PG,5m,5.676125188e-05,77,11.95986433
2026-08-25,SAN.PA,5m,6.773393752e-05,101,13.06482004
2026-08-25,SAP.DE,5m,0.000293715136,101,27.2059211
2026-08-25,SI=F,5m,0.0006133844123,272,39.31575663
2026-08-25,SIE.DE,5m,0.0001458912619,101,19.17409659
2026-08-25,SOLUSDT,5m,0.002533614241,287,79.90436713
2026-08-25,TSLA,5m,0.0003770731783,77,30.8257102
2026-08-25,TTE.PA,5m,0.000126910361,101,17.88334727
2026-08-25,UNH,5m,7.867480394e-05,77,14.08050091
2026-08-25,USDCAD=X,5m,8.87022283e-06,287,4.72789187
2026-08-25,USDCHF=X,5m,1.203590741e-05,287,5.507312109
2026-08-25,USDJPY=X,5m,5.439405411e-06,287,3.702337321
2026-08-25,V,5m,6.329390653e-05,77,12.62935645
2026-08-25,XOM,5m,0.0001551999331,77,19.77634525
2026-08-25,XRPUSDT,5m,0.002733833914,287,83.00157506
2026-08-25,ZW=F,5m,0.0008649348454,207,46.68656992
2026-08-25,^FCHI,5m,2.857318745e-05,101,8.485542551
2026-08-25,^GDAXI,5m,3.443684561e-05,101,9.315624023
2026-08-25,^GSPC,5m,9.513741915e-06,77,4.896389448
2026-08-25,^HSI,5m,3.372002761e-05,69,9.218159772
2026-08-25,^KS11,5m,0.0006175966165,71,39.45051931
2026-08-25,^N225,5m,0.0001015511389,67,15.99715194
2026-08-25,^NDX,5m,3.700995219e-05,77,9.657384715
2026-08-25,^STOXX50E,5m,3.068834618e-05,101,8.794011166
2026-08-26,005930.KS,5m,0.0007305857596,71,42.90776287
2026-08-26,0700.HK,5m,0.0001427770227,66,18.96834461
2026-08-26,2330.TW,5m,0.0001697824484,52,20.68457807
2026-08-26,6758.T,5m,7.069683878e-05,64,13.34751039
2026-08-26,7203.T,5m,5.22190703e-05,64,11.47135812
2026-08-26,9984.T,5m,0.0005366672368,64,36.77501104
2026-08-26,9988.HK,5m,0.0001892463693,66,21.83805968
2026-08-26,AAPL,5m,0.0001032813617,77,16.13285565
2026-08-26,AIR.PA,5m,0.0001236967281,101,17.65547379
2026-08-26,AMZN,5m,0.000133150512,77,18.31773158
2026-08-26,ASML.AS,5m,0.0004053792376,101,31.96178466
2026-08-26,AUDUSD=X,5m,1.501968183e-05,286,6.152202713
2026-08-26,BNBUSDT,5m,0.0004492526695,287,33.64694232
2026-08-26,BNP.PA,5m,9.501417521e-05,101,15.47371066
2026-08-26,BTCUSDT,5m,0.0004014530442,287,31.80662936
2026-08-26,BZ=F,5m,0.0004514584841,260,33.72944381
2026-08-26,CC=F,5m,0.0007775651428,104,44.26583513
2026-08-26,CL=F,5m,0.0004820393906,274,34.85310982
2026-08-26,COST,5m,6.420251664e-05,77,12.71968325
2026-08-26,ETHUSDT,5m,0.0005984748082,287,38.83499088
2026-08-26,EURUSD=X,5m,4.516885147e-06,287,3.373803576
2026-08-26,GBPUSD=X,5m,6.245834376e-06,287,3.967304202
2026-08-26,GC=F,5m,0.0001114414946,274,16.75805975
2026-08-26,GOOGL,5m,8.491968116e-05,77,14.62865669
2026-08-26,HG=F,5m,0.0003684870555,273,30.47273174
2026-08-26,JPM,5m,0.0001016300019,77,16.0033623
2026-08-26,KC=F,5m,0.0003563672118,110,29.96740519
2026-08-26,KO,5m,7.776779685e-05,77,13.99910169
2026-08-26,MC.PA,5m,8.172030133e-05,101,14.35044109
2026-08-26,META,5m,0.001555345939,77,62.60568477
2026-08-26,MSFT,5m,8.460050372e-05,77,14.60113932
2026-08-26,NG=F,5m,0.0004211337105,273,32.57693893
2026-08-26,NVDA,5m,0.0001595073904,77,20.0489058
2026-08-26,NZDUSD=X,5m,1.622173057e-05,286,6.393650056
2026-08-26,PG,5m,4.732157908e-05,77,10.9201822
2026-08-26,SAN.PA,5m,0.0001108513382,101,16.71362834
2026-08-26,SAP.DE,5m,0.000502565469,101,35.5874273
2026-08-26,SI=F,5m,0.0004288220774,274,32.87296207
2026-08-26,SIE.DE,5m,0.0001110856884,101,16.73128611
2026-08-26,SOLUSDT,5m,0.001290971471,287,57.03725193
2026-08-26,TSLA,5m,0.000302306132,77,27.6009321
2026-08-26,TTE.PA,5m,7.833755328e-05,101,14.05028947
2026-08-26,UNH,5m,0.0001678491663,77,20.56647513
2026-08-26,USDCAD=X,5m,1.023857502e-05,287,5.079489053
2026-08-26,USDCHF=X,5m,1.417533584e-05,287,5.976775578
2026-08-26,USDJPY=X,5m,5.869763341e-06,287,3.846011391
2026-08-26,V,5m,5.921388661e-05,77,12.21552268
2026-08-26,XOM,5m,0.0001667285514,77,20.49770596
2026-08-26,XRPUSDT,5m,0.002057263492,287,72.00211107
2026-08-26,ZW=F,5m,0.0006386078393,208,40.1159788
2026-08-26,^FCHI,5m,1.283582408e-05,101,5.687378717
2026-08-26,^GDAXI,5m,2.190581274e-05,101,7.429848458
2026-08-26,^GSPC,5m,1.362542517e-05,77,5.859698919
2026-08-26,^HSI,5m,2.048425235e-05,69,7.184727963
2026-08-26,^KS11,5m,0.0003646026645,71,30.3116927
2026-08-26,^N225,5m,6.154843313e-05,67,12.45399741
2026-08-26,^NDX,5m,3.122996076e-05,77,8.871273928
2026-08-26,^STOXX50E,5m,1.56080507e-05,101,6.271545883
2026-08-27,005930.KS,5m,0.0006180300588,71,39.46436048
2026-08-27,0700.HK,5m,0.0001176578467,66,17.21911071
2026-08-27,2330.TW,5m,8.504401469e-05,52,14.63936191
2026-08-27,6758.T,5m,0.0002068665744,65,22.8320776
2026-08-27,7203.T,5m,0.000100202289,64,15.89055595
2026-08-27,9984.T,5m,0.0007045583803,64,42.1365295
2026-08-27,9988.HK,5m,0.0002615855265,66,25.67480334
2026-08-27,AAPL,5m,0.0001109330357,77,16.71978618
2026-08-27,AIR.PA,5m,0.0001209434106,101,17.45787486
2026-08-27,AMZN,5m,0.0001826754826,77,21.45558706
2026-08-27,ASML.AS,5m,0.0003217283603,101,28.47376807
2026-08-27,AUDUSD=X,5m,9.550820837e-06,287,4.90592178
2026-08-27,BNBUSDT,5m,0.0003185855509,287,28.3343535
2026-08-27,BNP.PA,5m,0.000490086033,101,35.14280585
2026-08-27,BTCUSDT,5m,0.0004456243957,287,33.51079643
2026-08-27,BZ=F,5m,0.0004256712931,252,32.75197183
2026-08-27,CC=F,5m,0.001167415331,104,54.23916144
2026-08-27,CL=F,5m,0.0004262997538,275,32.7761404
2026-08-27,COST,5m,8.186125051e-05,77,14.3628114
2026-08-27,ETHUSDT,5m,0.000719972947,287,42.59497419
2026-08-27,EURUSD=X,5m,5.622888976e-06,287,3.764263569
2026-08-27,GBPUSD=X,5m,6.658380094e-06,287,4.096232151
2026-08-27,GC=F,5m,0.000112904501,275,16.86770116
2026-08-27,GOOGL,5m,8.566496853e-05,77,14.69270978
2026-08-27,HG=F,5m,7.418237811e-05,272,13.67258545
2026-08-27,JPM,5m,0.0001090405135,77,16.57655254
2026-08-27,KC=F,5m,0.0007989979769,110,44.87176063
2026-08-27,KO,5m,8.0363698e-05,77,14.23082988
2026-08-27,MC.PA,5m,9.904618115e-05,101,15.79861945
2026-08-27,META,5m,0.0003983080737,77,31.68179834
2026-08-27,MSFT,5m,0.0002378896763,77,24.48432119
2026-08-27,NG=F,5m,0.000726973476,275,42.80155557
2026-08-27,NVDA,5m,0.0007176717797,77,42.52684899
2026-08-27,NZDUSD=X,5m,1.406402657e-05,287,5.953263554
2026-08-27,PG,5m,6.563499723e-05,77,12.86080064
2026-08-27,SAN.PA,5m,0.0001001956395,101,15.89002868
2026-08-27,SAP.DE,5m,0.0003495913256,101,29.68114116
2026-08-27,SI=F,5m,0.0005829818981,274,38.32902795
2026-08-27,SIE.DE,5m,8.340779879e-05,101,14.49784994
2026-08-27,SOLUSDT,5m,0.002313192527,287,76.34949356
2026-08-27,TSLA,5m,0.0003650838413,77,30.33168772
2026-08-27,TTE.PA,5m,9.363569192e-05,101,15.36105282
2026-08-27,UNH,5m,0.0001356226304,77,18.48699621
2026-08-27,USDCAD=X,5m,9.478994076e-06,287,4.887439521
2026-08-27,USDCHF=X,5m,1.562028819e-05,287,6.274004004
2026-08-27,USDJPY=X,5m,3.755573516e-06,287,3.076368843
2026-08-27,V,5m,6.028375977e-05,77,12.32538335
2026-08-27,XOM,5m,0.0001023690693,77,16.06144622
2026-08-27,XRPUSDT,5m,0.001632448863,287,64.13868673
2026-08-27,ZW=F,5m,0.0008310646448,210,45.76333582
2026-08-27,^FCHI,5m,3.723166829e-05,101,9.686268843
2026-08-27,^GDAXI,5m,2.416247725e-05,101,7.803168759
2026-08-27,^GSPC,5m,2.039159246e-05,77,7.168459598
2026-08-27,^HSI,5m,3.238585691e-05,69,9.033955912
2026-08-27,^KS11,5m,0.0003040119876,71,27.67869594
2026-08-27,^N225,5m,0.0001222971252,67,17.55530562
2026-08-27,^NDX,5m,6.120440509e-05,77,12.41914252
2026-08-27,^STOXX50E,5m,2.528043224e-05,101,7.981647025
2026-08-28,005930.KS,5m,0.0006856618655,71,41.56763045
2026-08-28,0700.HK,5m,0.0003148380423,66,28.16721262
2026-08-28,2330.TW,5m,0.0001401973005,52,18.79620167
2026-08-28,6758.T,5m,0.0001226151274,64,17.57811483
2026-08-28,7203.T,5m,8.919560412e-05,64,14.99242884
2026-08-28,9984.T,5m,0.0004280388112,64,32.84292624
2026-08-28,9988.HK,5m,0.0001225496391,66,17.57342
2026-08-28,AAPL,5m,0.0001338539882,77,18.36605702
2026-08-28,AIR.PA,5m,9.708522437e-05,101,15.64144384
2026-08-28,AMZN,5m,0.0002712766435,77,26.14607316
2026-08-28,ASML.AS,5m,0.0001400475183,101,18.78615837
2026-08-28,AUDUSD=X,5m,1.943961167e-05,257,6.999130047
2026-08-28,BNBUSDT,5m,0.000468016392,287,34.34241267
2026-08-28,BNP.PA,5m,8.923616754e-05,101,14.9958375
2026-08-28,BTCUSDT,5m,0.0005630542598,287,37.66824571
2026-08-28,BZ=F,5m,0.0003033246332,237,27.64738823
2026-08-28,CC=F,5m,0.001001203028,103,50.22978828
2026-08-28,CL=F,5m,0.0003466251664,250,29.55495592
2026-08-28,COST,5m,0.0001032725816,77,16.1321699
2026-08-28,ETHUSDT,5m,0.0007666656468,287,43.95449272
2026-08-28,EURUSD=X,5m,1.334310054e-05,257,5.798673413
2026-08-28,GBPUSD=X,5m,1.589180828e-05,257,6.328298102
2026-08-28,GC=F,5m,0.00032991648,250,28.83382613
2026-08-28,GOOGL,5m,0.000194471819,77,22.13750175
2026-08-28,HG=F,5m,0.000180137787,249,21.30603725
2026-08-28,JPM,5m,7.624300418e-05,77,13.86118215
2026-08-28,KC=F,5m,0.0005042073438,110,35.64551173
2026-08-28,KO,5m,4.307728593e-05,77,10.41896159
2026-08-28,MC.PA,5m,0.0001742886646,101,20.95727642
2026-08-28,META,5m,0.0005290874832,77,36.51438699
2026-08-28,MSFT,5m,0.0001708446697,77,20.74918234
2026-08-28,NG=F,5m,0.0005156974465,249,36.04937676
2026-08-28,NVDA,5m,0.000431511309,77,32.97587753
2026-08-28,NZDUSD=X,5m,2.612151229e-05,258,8.113335379
2026-08-28,PG,5m,6.222337861e-05,77,12.52209703
2026-08-28,SAN.PA,5m,9.70397773e-05,101,15.63778241
2026-08-28,SAP.DE,5m,0.000197143292,101,22.28903533
2026-08-28,SI=F,5m,0.00151025349,250,61.69148074
2026-08-28,SIE.DE,5m,0.0001160296272,101,17.09955147
2026-08-28,SOLUSDT,5m,0.002503407061,287,79.42660634
2026-08-28,TSLA,5m,0.0001994323055,77,22.41805991
2026-08-28,TTE.PA,5m,4.73328011e-05,101,10.92147695
2026-08-28,UNH,5m,9.347893078e-05,77,15.348189
2026-08-28,USDCAD=X,5m,9.149582304e-06,253,4.80176503
2026-08-28,USDCHF=X,5m,1.352010439e-05,251,5.837008058
2026-08-28,USDJPY=X,5m,4.770849492e-06,251,3.467353562
2026-08-28,V,5m,6.716271642e-05,77,13.00961358
2026-08-28,XOM,5m,0.0001341632984,77,18.38726494
2026-08-28,XRPUSDT,5m,0.00168170083,287,65.09904831
2026-08-28,ZW=F,5m,0.0006240360699,208,39.65565403
2026-08-28,^FCHI,5m,2.638976907e-05,101,8.154889211
2026-08-28,^GDAXI,5m,2.150992237e-05,101,7.362404796
2026-08-28,^GSPC,5m,3.030893851e-05,77,8.739480823
2026-08-28,^HSI,5m,3.039609872e-05,69,8.752037978
2026-08-28,^KS11,5m,0.0002598792856,71,25.59093198
2026-08-28,^N225,5m,6.639088438e-05,67,12.93464451
2026-08-28,^NDX,5m,6.596600088e-05,77,12.89318899
2026-08-28,^STOXX50E,5m,1.746493294e-05,101,6.634126244
2026-08-29,BNBUSDT,5m,8.926961199e-05,287,14.99864735
2026-08-29,BTCUSDT,5m,8.387309968e-05,287,14.53823274
2026-08-29,ETHUSDT,5m,0.0001006050859,287,15.92246264
2026-08-29,SOLUSDT,5m,0.0003363602154,287,29.11404717
2026-08-29,XRPUSDT,5m,0.0003480359886,287,29.61504164
2026-08-30,BNBUSDT,5m,0.0002496106734,287,25.08024914
2026-08-30,BTCUSDT,5m,0.0002319899697,287,24.17880733
2026-08-30,ETHUSDT,5m,0.0006531651611,287,40.57063231
2026-08-30,SOLUSDT,5m,0.0009122786869,287,47.94728659
2026-08-30,XRPUSDT,5m,0.0009336778496,287,48.50637258
2026-08-31,005930.KS,5m,0.0008568599359,71,46.46812928
2026-08-31,0700.HK,5m,0.0001713402778,66,20.77925649
2026-08-31,2330.TW,5m,0.0001275036754,52,17.92510145
2026-08-31,6758.T,5m,0.0001722992698,65,20.83732612
2026-08-31,7203.T,5m,0.0001322369163,65,18.25478099
2026-08-31,9984.T,5m,0.0005676908892,64,37.82302263
2026-08-31,9988.HK,5m,0.0001649029495,66,20.38517679
2026-08-31,AAPL,5m,0.0001145542194,77,16.99048654
2026-08-31,AIR.PA,5m,7.951663634e-05,101,14.15563222
2026-08-31,AMZN,5m,0.0001636927832,77,20.31023913
2026-08-31,ASML.AS,5m,0.0001212628035,101,17.48091144
2026-08-31,AUDUSD=X,5m,9.616440564e-06,287,4.922746207
2026-08-31,BNBUSDT,5m,0.0002621780617,287,25.70386577
2026-08-31,BNP.PA,5m,9.089301164e-05,101,15.13441077
2026-08-31,BTCUSDT,5m,0.0003943290247,287,31.52315248
2026-08-31,BZ=F,5m,0.001088870297,245,52.38275622
2026-08-31,CC=F,5m,0.001263891832,71,56.43586995
2026-08-31,CL=F,5m,0.0006031421379,275,38.98612814
2026-08-31,COST,5m,4.554112393e-05,77,10.71277892
2026-08-31,ETHUSDT,5m,0.0005710273274,287,37.93400671
2026-08-31,EURUSD=X,5m,5.37308445e-06,287,3.679697381
2026-08-31,GBPUSD=X,5m,7.537512106e-06,287,4.358271505
2026-08-31,GC=F,5m,0.0002009250689,275,22.50180379
2026-08-31,GOOGL,5m,0.0001255834407,77,17.78961131
2026-08-31,HG=F,5m,0.000134680179,273,18.42265049
2026-08-31,JPM,5m,5.065691202e-05,77,11.29846973
2026-08-31,KC=F,5m,0.0004059391675,71,31.98385065
2026-08-31,KO,5m,6.651303305e-05,77,12.94653789
2026-08-31,MC.PA,5m,8.339072247e-05,101,14.49636577
2026-08-31,META,5m,0.0002162174044,77,23.34240474
2026-08-31,MSFT,5m,9.799477028e-05,77,15.71454171
2026-08-31,NG=F,5m,0.0006810763824,273,41.4284019
2026-08-31,NVDA,5m,0.0002042806581,77,22.6889237
2026-08-31,NZDUSD=X,5m,1.446089582e-05,287,6.036676028
2026-08-31,PG,5m,8.934527549e-05,77,15.00500231
2026-08-31,SAN.PA,5m,8.799474773e-05,101,14.89116397
2026-08-31,SAP.DE,5m,8.207684572e-05,101,14.38171239
2026-08-31,SI=F,5m,0.0005106838423,275,35.87371297
2026-08-31,SIE.DE,5m,7.297286142e-05,101,13.5606641
2026-08-31,SOLUSDT,5m,0.001001362487,287,50.2337881
2026-08-31,TSLA,5m,0.0005111800702,77,35.89113786
2026-08-31,TTE.PA,5m,7.429603803e-05,101,13.68305579
2026-08-31,UNH,5m,0.0001035024664,77,16.15011503
2026-08-31,USDCAD=X,5m,9.006122209e-06,287,4.763971869
2026-08-31,USDCHF=X,5m,1.390412571e-05,287,5.919324015
2026-08-31,USDJPY=X,5m,6.604683228e-06,287,4.079681573
2026-08-31,V,5m,7.041602461e-05,77,13.32097527
2026-08-31,XOM,5m,0.0001736519753,77,20.91896216
2026-08-31,XRPUSDT,5m,0.001145760792,287,53.73376215
2026-08-31,ZW=F,5m,0.0007666478241,210,43.95398181
2026-08-31,^FCHI,5m,2.030756953e-05,101,7.153675643
2026-08-31,^GDAXI,5m,1.535398988e-05,101,6.220293762
2026-08-31,^GSPC,5m,1.26598862e-05,77,5.648266392
2026-08-31,^HSI,5m,3.865865165e-05,69,9.870147018
2026-08-31,^KS11,5m,0.0004132775023,71,32.27164864
2026-08-31,^N225,5m,0.0001027634087,67,16.09235191
2026-08-31,^NDX,5m,2.950408881e-05,77,8.622662222
2026-08-31,^STOXX50E,5m,1.445708017e-05,101,6.035879556
